{"task_name":"DanFEVER","task_description":"A Danish dataset intended for misinformation research. It follows the same format as the English FEVER dataset.","task_version":"1.1.1","time_of_run":"2024-12-22T23:35:24.991319","scores":{"da":{"ndcg_at_1":0.31021,"ndcg_at_3":0.39348,"ndcg_at_5":0.40007,"ndcg_at_10":0.40343,"ndcg_at_100":0.40522,"ndcg_at_1000":0.40533,"map_at_1":0.31014,"map_at_3":0.37418,"map_at_5":0.37789,"map_at_10":0.37935,"map_at_100":0.37977,"map_at_1000":0.37977,"recall_at_1":0.31014,"recall_at_3":0.44877,"recall_at_5":0.46462,"recall_at_10":0.47466,"recall_at_100":0.4825,"recall_at_1000":0.48329,"precision_at_1":0.31021,"precision_at_3":0.14969,"precision_at_5":0.09302,"precision_at_10":0.04751,"precision_at_100":0.00483,"precision_at_1000":0.00048,"mrr_at_1":0.31021,"mrr_at_3":0.37424,"mrr_at_5":0.37788,"mrr_at_10":0.37933,"mrr_at_100":0.37975,"mrr_at_1000":0.37976}},"main_score":"ndcg_at_10"}