{"task_name":"Language Identification","task_description":"A dataset for Nordic language identification.","task_version":"1.1.1","time_of_run":"2024-12-22T23:37:41.061050","scores":{"da":{"accuracy":0.4905333333333333,"f1":0.48520868347214624,"accuracy_stderr":0.015729801863554008,"f1_stderr":0.013093948351770615,"main_score":0.4905333333333333},"sv":{"accuracy":0.4905333333333333,"f1":0.48520868347214624,"accuracy_stderr":0.015729801863554008,"f1_stderr":0.013093948351770615,"main_score":0.4905333333333333},"nb":{"accuracy":0.4905333333333333,"f1":0.48520868347214624,"accuracy_stderr":0.015729801863554008,"f1_stderr":0.013093948351770615,"main_score":0.4905333333333333},"nn":{"accuracy":0.4905333333333333,"f1":0.48520868347214624,"accuracy_stderr":0.015729801863554008,"f1_stderr":0.013093948351770615,"main_score":0.4905333333333333},"is":{"accuracy":0.4905333333333333,"f1":0.48520868347214624,"accuracy_stderr":0.015729801863554008,"f1_stderr":0.013093948351770615,"main_score":0.4905333333333333},"fo":{"accuracy":0.4905333333333333,"f1":0.48520868347214624,"accuracy_stderr":0.015729801863554008,"f1_stderr":0.013093948351770615,"main_score":0.4905333333333333}},"main_score":"accuracy"}