{"task_name":"Massive Scenario","task_description":"MASSIVE: A 1M-Example Multilingual Natural Language Understanding Dataset with 51 Typologically-Diverse Languages","task_version":"1.1.1","time_of_run":"2024-12-22T23:37:01.082741","scores":{"da":{"accuracy":0.7337592468056491,"f1":0.7191859445154364,"accuracy_stderr":0.00758280931692263,"f1_stderr":0.00905202101156219,"main_score":0.7337592468056491},"nb":{"accuracy":0.717014122394082,"f1":0.7073434482802426,"accuracy_stderr":0.008809683927370544,"f1_stderr":0.008690646010941916,"main_score":0.717014122394082},"sv":{"accuracy":0.7463685272360457,"f1":0.7323351401618432,"accuracy_stderr":0.010302624925156168,"f1_stderr":0.009010345359937144,"main_score":0.7463685272360457}},"main_score":"accuracy"}