{"task_name":"Massive Intent","task_description":"MASSIVE: A 1M-Example Multilingual Natural Language Understanding Dataset with 51 Typologically-Diverse Languages","task_version":"1.1.1","time_of_run":"2024-12-22T23:36:40.854935","scores":{"da":{"accuracy":0.6522864828513785,"f1":0.6185830515404229,"accuracy_stderr":0.013882135036610456,"f1_stderr":0.010367474976214269,"main_score":0.6522864828513785},"nb":{"accuracy":0.6503362474781439,"f1":0.6122721082727984,"accuracy_stderr":0.014647775339406328,"f1_stderr":0.01165269681412903,"main_score":0.6503362474781439},"sv":{"accuracy":0.6741089441829187,"f1":0.6411336490788792,"accuracy_stderr":0.017908958622920385,"f1_stderr":0.015575872034472306,"main_score":0.6741089441829187}},"main_score":"accuracy"}