{"task_name":"NorQuad","task_description":"Human-created question for Norwegian wikipedia passages.","task_version":"0.0.1","time_of_run":"2024-12-22T23:40:04.002641","scores":{"nb":{"ndcg_at_1":0.25586,"ndcg_at_3":0.20365,"ndcg_at_5":0.2188,"ndcg_at_10":0.2332,"ndcg_at_100":0.27267,"ndcg_at_1000":0.32031,"map_at_1":0.12793,"map_at_3":0.16528,"map_at_5":0.17334,"map_at_10":0.17918,"map_at_100":0.18578,"map_at_1000":0.18741,"recall_at_1":0.12793,"recall_at_3":0.19385,"recall_at_5":0.22363,"recall_at_10":0.25977,"recall_at_100":0.42334,"recall_at_1000":0.75049,"precision_at_1":0.25586,"precision_at_3":0.12923,"precision_at_5":0.08945,"precision_at_10":0.05195,"precision_at_100":0.00847,"precision_at_1000":0.0015,"mrr_at_1":0.25586,"mrr_at_3":0.29541,"mrr_at_5":0.30693,"mrr_at_10":0.31476,"mrr_at_100":0.32355,"mrr_at_1000":0.32472}},"main_score":"ndcg_at_10"}