{"task_name":"ScaLA","task_description":"A linguistic acceptability task for Danish, Norwegian Bokmål Norwegian Nynorsk and Swedish.","task_version":"1.1.1","time_of_run":"2024-12-22T23:37:31.938281","scores":{"da":{"accuracy":0.5064453125,"f1":0.5022132015830267,"ap":0.5033368632547045,"accuracy_stderr":0.007135591899270143,"f1_stderr":0.008043800509185833,"ap_stderr":0.0036813890235293197,"main_score":0.5064453125},"nb":{"accuracy":0.5046875,"f1":0.5016925320925043,"ap":0.5024244111766448,"accuracy_stderr":0.00791015625,"f1_stderr":0.009205819265429757,"ap_stderr":0.004054073841820716,"main_score":0.5046875},"sv":{"accuracy":0.50302734375,"f1":0.4995648679775755,"ap":0.5015508026006719,"accuracy_stderr":0.005285179346771409,"f1_stderr":0.005874769018937476,"ap_stderr":0.0026815241145762584,"main_score":0.50302734375},"nn":{"accuracy":0.499951171875,"f1":0.4971700374218651,"ap":0.500024436110891,"accuracy_stderr":0.006774451438401471,"f1_stderr":0.00838982845319788,"ap_stderr":0.0033705747719076713,"main_score":0.499951171875}},"main_score":"accuracy"}