{"task_name":"SNL Retrieval","task_description":"Webscrabed articles and ingresses from the Norwegian lexicon 'Det Store Norske Leksikon'.","task_version":"0.0.1","time_of_run":"2024-12-23T09:05:58.591976","scores":{"nb":{"ndcg_at_1":0.94154,"ndcg_at_3":0.95695,"ndcg_at_5":0.95913,"ndcg_at_10":0.96062,"ndcg_at_100":0.96359,"ndcg_at_1000":0.9645,"map_at_1":0.94154,"map_at_3":0.95346,"map_at_5":0.95465,"map_at_10":0.95527,"map_at_100":0.9558,"map_at_1000":0.95583,"recall_at_1":0.94154,"recall_at_3":0.96692,"recall_at_5":0.97231,"recall_at_10":0.97692,"recall_at_100":0.99154,"recall_at_1000":0.99923,"precision_at_1":0.94154,"precision_at_3":0.32231,"precision_at_5":0.19446,"precision_at_10":0.09769,"precision_at_100":0.00992,"precision_at_1000":0.001,"mrr_at_1":0.94154,"mrr_at_3":0.95346,"mrr_at_5":0.95465,"mrr_at_10":0.95527,"mrr_at_100":0.9558,"mrr_at_1000":0.95583}},"main_score":"ndcg_at_10"}