{"task_name":"SwednRetrieval","task_description":"News Article Summary Semantic Similarity Estimation.","task_version":"0.0.1","time_of_run":"2024-12-23T09:06:43.187740","scores":{"sv":{"ndcg_at_1":0.77441,"ndcg_at_3":0.75711,"ndcg_at_5":0.78776,"ndcg_at_10":0.80408,"ndcg_at_100":0.82379,"ndcg_at_1000":0.83124,"map_at_1":0.38721,"map_at_3":0.71899,"map_at_5":0.74434,"map_at_10":0.75429,"map_at_100":0.75967,"map_at_1000":0.76003,"recall_at_1":0.38721,"recall_at_3":0.76562,"recall_at_5":0.8252,"recall_at_10":0.86621,"recall_at_100":0.94238,"recall_at_1000":0.99121,"precision_at_1":0.77441,"precision_at_3":0.51042,"precision_at_5":0.33008,"precision_at_10":0.17324,"precision_at_100":0.01885,"precision_at_1000":0.00198,"mrr_at_1":0.77441,"mrr_at_3":0.82406,"mrr_at_5":0.82992,"mrr_at_10":0.83209,"mrr_at_100":0.83412,"mrr_at_1000":0.83423}},"main_score":"ndcg_at_10"}