{"task_name":"SweFAQ","task_description":"A Swedish QA dataset derived from FAQ","task_version":"0.0.1","time_of_run":"2024-12-22T23:40:26.254128","scores":{"sv":{"ndcg_at_1":0.64522,"ndcg_at_3":0.75441,"ndcg_at_5":0.77295,"ndcg_at_10":0.78673,"ndcg_at_100":0.80375,"ndcg_at_1000":0.80429,"map_at_1":0.64522,"map_at_3":0.72807,"map_at_5":0.7384,"map_at_10":0.74404,"map_at_100":0.74777,"map_at_1000":0.7478,"recall_at_1":0.64522,"recall_at_3":0.83041,"recall_at_5":0.87524,"recall_at_10":0.91813,"recall_at_100":0.9961,"recall_at_1000":1.0,"precision_at_1":0.64522,"precision_at_3":0.2768,"precision_at_5":0.17505,"precision_at_10":0.09181,"precision_at_100":0.00996,"precision_at_1000":0.001,"mrr_at_1":0.64522,"mrr_at_3":0.72807,"mrr_at_5":0.7384,"mrr_at_10":0.74404,"mrr_at_100":0.74777,"mrr_at_1000":0.7478}},"main_score":"ndcg_at_10"}