{"task_name":"TV2Nord Retrieval","task_description":"News Article and corresponding summaries extracted from the Danish newspaper TV2 Nord.","task_version":"1.1.1","time_of_run":"2024-12-22T23:36:03.018452","scores":{"da":{"ndcg_at_1":0.89355,"ndcg_at_3":0.92861,"ndcg_at_5":0.93562,"ndcg_at_10":0.93986,"ndcg_at_100":0.94286,"ndcg_at_1000":0.94327,"map_at_1":0.89355,"map_at_3":0.92041,"map_at_5":0.92429,"map_at_10":0.92602,"map_at_100":0.92672,"map_at_1000":0.92674,"recall_at_1":0.89355,"recall_at_3":0.95215,"recall_at_5":0.96924,"recall_at_10":0.98242,"recall_at_100":0.99561,"recall_at_1000":0.99902,"precision_at_1":0.89355,"precision_at_3":0.31738,"precision_at_5":0.19385,"precision_at_10":0.09824,"precision_at_100":0.00996,"precision_at_1000":0.001,"mrr_at_1":0.89355,"mrr_at_3":0.92041,"mrr_at_5":0.92429,"mrr_at_10":0.92602,"mrr_at_100":0.92672,"mrr_at_1000":0.92674}},"main_score":"ndcg_at_10"}