{"task_name":"Twitterhjerne","task_description":"Danish question asked on Twitter with the Hashtag #Twitterhjerne ('Twitter brain') and their corresponding answer.","task_version":"1.1.1","time_of_run":"2024-12-22T23:36:05.802116","scores":{"da":{"ndcg_at_1":0.79487,"ndcg_at_3":0.70778,"ndcg_at_5":0.70187,"ndcg_at_10":0.75323,"ndcg_at_100":0.80362,"ndcg_at_1000":0.80814,"map_at_1":0.25769,"map_at_3":0.53408,"map_at_5":0.61082,"map_at_10":0.65548,"map_at_100":0.67681,"map_at_1000":0.67726,"recall_at_1":0.25769,"recall_at_3":0.57457,"recall_at_5":0.67842,"recall_at_10":0.79872,"recall_at_100":0.96432,"recall_at_1000":0.98718,"precision_at_1":0.79487,"precision_at_3":0.62821,"precision_at_5":0.46667,"precision_at_10":0.27308,"precision_at_100":0.03282,"precision_at_1000":0.00336,"mrr_at_1":0.79487,"mrr_at_3":0.85897,"mrr_at_5":0.85897,"mrr_at_10":0.864,"mrr_at_100":0.86516,"mrr_at_1000":0.86516}},"main_score":"ndcg_at_10"}