{"task_name":"Bornholm Parallel","task_description":"Danish Bornholmsk Parallel Corpus. Bornholmsk is a Danish dialect spoken on the island of Bornholm, Denmark. Historically it is a part of east Danish which was also spoken in Scania and Halland, Sweden.","task_version":"1.0.3.dev0","time_of_run":"2023-07-28T16:46:26.470392","scores":{"da":{"precision":0.15114859033371691,"recall":0.19,"f1":0.15932621715352807,"accuracy":0.19,"main_score":0.15932621715352807},"da-bornholm":{"precision":0.15114859033371691,"recall":0.19,"f1":0.15932621715352807,"accuracy":0.19,"main_score":0.15932621715352807}},"main_score":"f1"}