{"task_name":"DanFEVER","task_description":"A Danish dataset intended for misinformation research. It follows the same format as the English FEVER dataset.","task_version":"1.1.1","time_of_run":"2024-01-30T16:02:39.470783","scores":{"da":{"ndcg_at_1":0.28307,"ndcg_at_3":0.34882,"ndcg_at_5":0.35928,"ndcg_at_10":0.36855,"ndcg_at_100":0.37577,"ndcg_at_1000":0.37615,"map_at_1":0.28291,"map_at_3":0.33294,"map_at_5":0.33873,"map_at_10":0.34258,"map_at_100":0.34424,"map_at_1000":0.34426,"recall_at_1":0.28291,"recall_at_3":0.39448,"recall_at_5":0.41997,"recall_at_10":0.44861,"recall_at_100":0.48046,"recall_at_1000":0.48329,"precision_at_1":0.28307,"precision_at_3":0.13154,"precision_at_5":0.08404,"precision_at_10":0.04489,"precision_at_100":0.00481,"precision_at_1000":0.00048,"mrr_at_1":0.28307,"mrr_at_3":0.3331,"mrr_at_5":0.33885,"mrr_at_10":0.34267,"mrr_at_100":0.34433,"mrr_at_1000":0.34435}},"main_score":"ndcg_at_10"}