{"task_name":"Language Identification","task_description":"A dataset for Nordic language identification.","task_version":"1.0.3.dev0","time_of_run":"2023-07-28T17:15:15.864662","scores":{"da":{"accuracy":0.7598333333333334,"f1":0.7558976547136231,"accuracy_stderr":0.013334374959313059,"f1_stderr":0.013821655260721424,"main_score":0.7598333333333334},"sv":{"accuracy":0.7598333333333334,"f1":0.7558976547136231,"accuracy_stderr":0.013334374959313059,"f1_stderr":0.013821655260721424,"main_score":0.7598333333333334},"nb":{"accuracy":0.7598333333333334,"f1":0.7558976547136231,"accuracy_stderr":0.013334374959313059,"f1_stderr":0.013821655260721424,"main_score":0.7598333333333334},"nn":{"accuracy":0.7598333333333334,"f1":0.7558976547136231,"accuracy_stderr":0.013334374959313059,"f1_stderr":0.013821655260721424,"main_score":0.7598333333333334},"is":{"accuracy":0.7598333333333334,"f1":0.7558976547136231,"accuracy_stderr":0.013334374959313059,"f1_stderr":0.013821655260721424,"main_score":0.7598333333333334},"fo":{"accuracy":0.7598333333333334,"f1":0.7558976547136231,"accuracy_stderr":0.013334374959313059,"f1_stderr":0.013821655260721424,"main_score":0.7598333333333334}},"main_score":"accuracy"}