{"task_name":"Massive Intent","task_description":"MASSIVE: A 1M-Example Multilingual Natural Language Understanding Dataset with 51 Typologically-Diverse Languages","task_version":"1.0.3.dev0","time_of_run":"2023-07-28T17:01:33.382762","scores":{"da":{"accuracy":0.6582716879623403,"f1":0.6208842888158964,"accuracy_stderr":0.010244296914036263,"f1_stderr":0.00941057589534994,"main_score":0.6582716879623403},"nb":{"accuracy":0.5757229320780095,"f1":0.5479101324305733,"accuracy_stderr":0.014698899958770613,"f1_stderr":0.009961334138223912,"main_score":0.5757229320780095},"sv":{"accuracy":0.5539340954942839,"f1":0.5246392360657182,"accuracy_stderr":0.009796522813182882,"f1_stderr":0.008644343226026373,"main_score":0.5539340954942839}},"main_score":"accuracy"}