{"task_name":"Massive Scenario","task_description":"MASSIVE: A 1M-Example Multilingual Natural Language Understanding Dataset with 51 Typologically-Diverse Languages","task_version":"1.0.3.dev0","time_of_run":"2023-07-28T17:06:12.775757","scores":{"da":{"accuracy":0.7160726294552792,"f1":0.7041873241706947,"accuracy_stderr":0.02100360122291461,"f1_stderr":0.019159130877734326,"main_score":0.7160726294552792},"nb":{"accuracy":0.6365837256220579,"f1":0.6196857169074892,"accuracy_stderr":0.015808495581346612,"f1_stderr":0.013663579561431998,"main_score":0.6365837256220579},"sv":{"accuracy":0.5715870880968392,"f1":0.5542408157073229,"accuracy_stderr":0.018867319112281,"f1_stderr":0.014907747726350446,"main_score":0.5715870880968392}},"main_score":"accuracy"}