{"task_name":"NorQuad","task_description":"Human-created question for Norwegian wikipedia passages.","task_version":"0.0.1","time_of_run":"2024-01-30T16:22:42.097622","scores":{"nb":{"ndcg_at_1":0.10645,"ndcg_at_3":0.09172,"ndcg_at_5":0.09695,"ndcg_at_10":0.10725,"ndcg_at_100":0.13383,"ndcg_at_1000":0.20596,"map_at_1":0.05322,"map_at_3":0.07202,"map_at_5":0.07476,"map_at_10":0.07873,"map_at_100":0.08306,"map_at_1000":0.08502,"recall_at_1":0.05322,"recall_at_3":0.08984,"recall_at_5":0.1001,"recall_at_10":0.12646,"recall_at_100":0.23584,"recall_at_1000":0.74414,"precision_at_1":0.10645,"precision_at_3":0.0599,"precision_at_5":0.04004,"precision_at_10":0.02529,"precision_at_100":0.00472,"precision_at_1000":0.00149,"mrr_at_1":0.10645,"mrr_at_3":0.13428,"mrr_at_5":0.13838,"mrr_at_10":0.14398,"mrr_at_100":0.15046,"mrr_at_1000":0.15236}},"main_score":"ndcg_at_10"}