{"task_name":"Norwegian courts","task_description":"Nynorsk and Bokmål parallel corpus from Norwegian courts. Norway has two standardised written languages. Bokmål is a variant closer to Danish, while Nynorsk was created to resemble regional dialects of Norwegian.","task_version":"1.1.1","time_of_run":"2024-01-30T16:10:07.794929","scores":{"nb":{"precision":0.8472222222222222,"recall":0.8859649122807017,"f1":0.8596491228070176,"accuracy":0.8859649122807017,"main_score":0.8596491228070176},"nn":{"precision":0.8472222222222222,"recall":0.8859649122807017,"f1":0.8596491228070176,"accuracy":0.8859649122807017,"main_score":0.8596491228070176}},"main_score":"f1"}