{"task_name":"ScaLA","task_description":"A linguistic acceptability task for Danish, Norwegian Bokmål Norwegian Nynorsk and Swedish.","task_version":"1.0.3.dev0","time_of_run":"2023-07-28T17:12:00.914539","scores":{"da":{"accuracy":0.6609375,"f1":0.6577331070475134,"ap":0.6082074644370966,"accuracy_stderr":0.025283540713876947,"f1_stderr":0.026302978989849624,"ap_stderr":0.020631811137533373,"main_score":0.6609375},"nb":{"accuracy":0.62685546875,"f1":0.6234950635607823,"ap":0.5783958485104621,"accuracy_stderr":0.015920964058674877,"f1_stderr":0.018014238232907147,"ap_stderr":0.011821491427302796,"main_score":0.62685546875},"sv":{"accuracy":0.576806640625,"f1":0.5750900787345138,"ap":0.5459700866073529,"accuracy_stderr":0.04010632331631002,"f1_stderr":0.04076555572153807,"ap_stderr":0.024639356679992935,"main_score":0.576806640625},"nn":{"accuracy":0.59365234375,"f1":0.5914774221765096,"ap":0.5559171784545646,"accuracy_stderr":0.020033579293686044,"f1_stderr":0.021165959480845965,"ap_stderr":0.013679691929052069,"main_score":0.59365234375}},"main_score":"accuracy"}