{"task_name":"SNL Retrieval","task_description":"Webscrabed articles and ingresses from the Norwegian lexicon 'Det Store Norske Leksikon'.","task_version":"0.0.1","time_of_run":"2024-01-30T16:21:46.060795","scores":{"nb":{"ndcg_at_1":0.12692,"ndcg_at_3":0.17347,"ndcg_at_5":0.19429,"ndcg_at_10":0.21585,"ndcg_at_100":0.27789,"ndcg_at_1000":0.32145,"map_at_1":0.12692,"map_at_3":0.16192,"map_at_5":0.17342,"map_at_10":0.18242,"map_at_100":0.19349,"map_at_1000":0.19495,"recall_at_1":0.12692,"recall_at_3":0.20692,"recall_at_5":0.25769,"recall_at_10":0.32385,"recall_at_100":0.63231,"recall_at_1000":0.98462,"precision_at_1":0.12692,"precision_at_3":0.06897,"precision_at_5":0.05154,"precision_at_10":0.03238,"precision_at_100":0.00632,"precision_at_1000":0.00098,"mrr_at_1":0.12692,"mrr_at_3":0.16192,"mrr_at_5":0.17342,"mrr_at_10":0.18242,"mrr_at_100":0.19349,"mrr_at_1000":0.19495}},"main_score":"ndcg_at_10"}