{"task_name":"SwednRetrieval","task_description":"News Article Summary Semantic Similarity Estimation.","task_version":"0.0.1","time_of_run":"2024-01-30T16:28:51.760788","scores":{"sv":{"ndcg_at_1":0.28223,"ndcg_at_3":0.21983,"ndcg_at_5":0.23451,"ndcg_at_10":0.249,"ndcg_at_100":0.2937,"ndcg_at_1000":0.35869,"map_at_1":0.14111,"map_at_3":0.17187,"map_at_5":0.17878,"map_at_10":0.18393,"map_at_100":0.19167,"map_at_1000":0.19406,"recall_at_1":0.14111,"recall_at_3":0.20654,"recall_at_5":0.23584,"recall_at_10":0.27246,"recall_at_100":0.45605,"recall_at_1000":0.90869,"precision_at_1":0.28223,"precision_at_3":0.1377,"precision_at_5":0.09434,"precision_at_10":0.05449,"precision_at_100":0.00912,"precision_at_1000":0.00182,"mrr_at_1":0.28223,"mrr_at_3":0.33561,"mrr_at_5":0.34836,"mrr_at_10":0.35734,"mrr_at_100":0.36741,"mrr_at_1000":0.36829}},"main_score":"ndcg_at_10"}