{"task_name":"SweFAQ","task_description":"A Swedish QA dataset derived from FAQ","task_version":"0.0.1","time_of_run":"2023-09-04T19:48:22.557389","scores":{"sv":{"ndcg_at_1":0.2924,"ndcg_at_3":0.37842,"ndcg_at_5":0.40938,"ndcg_at_10":0.43807,"ndcg_at_100":0.49433,"ndcg_at_1000":0.51052,"map_at_1":0.2924,"map_at_3":0.3564,"map_at_5":0.37385,"map_at_10":0.3855,"map_at_100":0.39671,"map_at_1000":0.39732,"recall_at_1":0.2924,"recall_at_3":0.4425,"recall_at_5":0.51657,"recall_at_10":0.60624,"recall_at_100":0.87329,"recall_at_1000":1.0,"precision_at_1":0.2924,"precision_at_3":0.1475,"precision_at_5":0.10331,"precision_at_10":0.06062,"precision_at_100":0.00873,"precision_at_1000":0.001,"mrr_at_1":0.29435,"mrr_at_3":0.35737,"mrr_at_5":0.37482,"mrr_at_10":0.38647,"mrr_at_100":0.39768,"mrr_at_1000":0.39829}},"main_score":"ndcg_at_10"}