{"task_name":"TV2Nord Retrieval","task_description":"News Article and corresponding summaries extracted from the Danish newspaper TV2 Nord.","task_version":"1.1.1","time_of_run":"2024-01-30T16:09:40.689943","scores":{"da":{"ndcg_at_1":0.68799,"ndcg_at_3":0.77395,"ndcg_at_5":0.79355,"ndcg_at_10":0.80813,"ndcg_at_100":0.82274,"ndcg_at_1000":0.82356,"map_at_1":0.68799,"map_at_3":0.75374,"map_at_5":0.76456,"map_at_10":0.77051,"map_at_100":0.77364,"map_at_1000":0.77367,"recall_at_1":0.68799,"recall_at_3":0.83203,"recall_at_5":0.87988,"recall_at_10":0.92529,"recall_at_100":0.99219,"recall_at_1000":0.99854,"precision_at_1":0.68799,"precision_at_3":0.27734,"precision_at_5":0.17598,"precision_at_10":0.09253,"precision_at_100":0.00992,"precision_at_1000":0.001,"mrr_at_1":0.68799,"mrr_at_3":0.75374,"mrr_at_5":0.76456,"mrr_at_10":0.77051,"mrr_at_100":0.77364,"mrr_at_1000":0.77367}},"main_score":"ndcg_at_10"}