{"task_name":"Twitterhjerne","task_description":"Danish question asked on Twitter with the Hashtag #Twitterhjerne ('Twitter brain') and their corresponding answer.","task_version":"1.1.1","time_of_run":"2024-01-30T16:09:59.628752","scores":{"da":{"ndcg_at_1":0.10256,"ndcg_at_3":0.09839,"ndcg_at_5":0.09898,"ndcg_at_10":0.16986,"ndcg_at_100":0.13823,"ndcg_at_1000":0.12826,"map_at_1":0.03419,"map_at_3":0.07176,"map_at_5":0.08105,"map_at_10":0.15266,"map_at_100":0.1662,"map_at_1000":0.16664,"recall_at_1":0.03419,"recall_at_3":0.0844,"recall_at_5":0.09829,"recall_at_10":0.51816,"recall_at_100":0.96474,"recall_at_1000":1.0,"precision_at_1":0.10256,"precision_at_3":0.08974,"precision_at_5":0.0641,"precision_at_10":0.03718,"precision_at_100":0.00513,"precision_at_1000":0.00062,"mrr_at_1":0.46154,"mrr_at_3":0.52564,"mrr_at_5":0.55321,"mrr_at_10":0.55878,"mrr_at_100":0.56398,"mrr_at_1000":0.56463}},"main_score":"ndcg_at_10"}