{"task_name":"Bornholm Parallel","task_description":"Danish Bornholmsk Parallel Corpus. Bornholmsk is a Danish dialect spoken on the island of Bornholm, Denmark. Historically it is a part of east Danish which was also spoken in Scania and Halland, Sweden.","task_version":"1.1.1","time_of_run":"2024-01-22T14:27:23.573185","scores":{"da":{"precision":0.07017901583681153,"recall":0.102,"f1":0.07563285963597331,"accuracy":0.102,"main_score":0.07563285963597331},"da-bornholm":{"precision":0.07017901583681153,"recall":0.102,"f1":0.07563285963597331,"accuracy":0.102,"main_score":0.07563285963597331}},"main_score":"f1"}