{"task_name":"DanFEVER","task_description":"A Danish dataset intended for misinformation research. It follows the same format as the English FEVER dataset.","task_version":"1.1.1","time_of_run":"2024-02-04T19:08:33.837099","scores":{"da":{"ndcg_at_1":0.17543,"ndcg_at_3":0.22477,"ndcg_at_5":0.23703,"ndcg_at_10":0.2481,"ndcg_at_100":0.26867,"ndcg_at_1000":0.27588,"map_at_1":0.17543,"map_at_3":0.21298,"map_at_5":0.21982,"map_at_10":0.22443,"map_at_100":0.2284,"map_at_1000":0.22865,"recall_at_1":0.17543,"recall_at_3":0.25875,"recall_at_5":0.2884,"recall_at_10":0.32238,"recall_at_100":0.42162,"recall_at_1000":0.47905,"precision_at_1":0.17543,"precision_at_3":0.08625,"precision_at_5":0.05768,"precision_at_10":0.03225,"precision_at_100":0.00422,"precision_at_1000":0.00048,"mrr_at_1":0.17527,"mrr_at_3":0.2129,"mrr_at_5":0.21974,"mrr_at_10":0.22436,"mrr_at_100":0.22832,"mrr_at_1000":0.22857}},"main_score":"ndcg_at_10"}