{"task_name":"Language Identification","task_description":"A dataset for Nordic language identification.","task_version":"1.1.1","time_of_run":"2024-01-22T14:55:13.180866","scores":{"da":{"accuracy":0.7423333333333334,"f1":0.7379036689256061,"accuracy_stderr":0.019619717972828597,"f1_stderr":0.026260208326642984,"main_score":0.7423333333333334},"sv":{"accuracy":0.7423333333333334,"f1":0.7379036689256061,"accuracy_stderr":0.019619717972828597,"f1_stderr":0.026260208326642984,"main_score":0.7423333333333334},"nb":{"accuracy":0.7423333333333334,"f1":0.7379036689256061,"accuracy_stderr":0.019619717972828597,"f1_stderr":0.026260208326642984,"main_score":0.7423333333333334},"nn":{"accuracy":0.7423333333333334,"f1":0.7379036689256061,"accuracy_stderr":0.019619717972828597,"f1_stderr":0.026260208326642984,"main_score":0.7423333333333334},"is":{"accuracy":0.7423333333333334,"f1":0.7379036689256061,"accuracy_stderr":0.019619717972828597,"f1_stderr":0.026260208326642984,"main_score":0.7423333333333334},"fo":{"accuracy":0.7423333333333334,"f1":0.7379036689256061,"accuracy_stderr":0.019619717972828597,"f1_stderr":0.026260208326642984,"main_score":0.7423333333333334}},"main_score":"accuracy"}