{"task_name":"Massive Intent","task_description":"MASSIVE: A 1M-Example Multilingual Natural Language Understanding Dataset with 51 Typologically-Diverse Languages","task_version":"1.1.1","time_of_run":"2024-01-22T14:37:59.480299","scores":{"da":{"accuracy":0.3462340282447881,"f1":0.34913056049592056,"accuracy_stderr":0.012081582919892026,"f1_stderr":0.011850936109033715,"main_score":0.3462340282447881},"nb":{"accuracy":0.3729993275050437,"f1":0.3688848177595856,"accuracy_stderr":0.011617873463795999,"f1_stderr":0.013729915575825466,"main_score":0.3729993275050437},"sv":{"accuracy":0.30551445864156024,"f1":0.29615600007594206,"accuracy_stderr":0.008119105997464193,"f1_stderr":0.011195386100317702,"main_score":0.30551445864156024}},"main_score":"accuracy"}