{"task_name":"Massive Scenario","task_description":"MASSIVE: A 1M-Example Multilingual Natural Language Understanding Dataset with 51 Typologically-Diverse Languages","task_version":"1.1.1","time_of_run":"2024-01-22T14:44:27.502055","scores":{"da":{"accuracy":0.44754539340954935,"f1":0.4227363351821488,"accuracy_stderr":0.030279080739348287,"f1_stderr":0.03161029241518751,"main_score":0.44754539340954935},"nb":{"accuracy":0.47279757901815744,"f1":0.45181412099873014,"accuracy_stderr":0.034071162374341504,"f1_stderr":0.033856786974180875,"main_score":0.47279757901815744},"sv":{"accuracy":0.3706455951580363,"f1":0.34869946116406914,"accuracy_stderr":0.026271258840055354,"f1_stderr":0.024795714242878436,"main_score":0.3706455951580363}},"main_score":"accuracy"}