{"task_name":"NorQuad","task_description":"Human-created question for Norwegian wikipedia passages.","task_version":"0.0.1","time_of_run":"2024-02-04T19:09:48.152281","scores":{"nb":{"ndcg_at_1":0.08887,"ndcg_at_3":0.06842,"ndcg_at_5":0.07371,"ndcg_at_10":0.07685,"ndcg_at_100":0.09341,"ndcg_at_1000":0.17718,"map_at_1":0.04443,"map_at_3":0.05314,"map_at_5":0.05558,"map_at_10":0.05672,"map_at_100":0.05911,"map_at_1000":0.06141,"recall_at_1":0.04443,"recall_at_3":0.06396,"recall_at_5":0.07422,"recall_at_10":0.08203,"recall_at_100":0.15283,"recall_at_1000":0.74023,"precision_at_1":0.08887,"precision_at_3":0.04264,"precision_at_5":0.02969,"precision_at_10":0.01641,"precision_at_100":0.00306,"precision_at_1000":0.00148,"mrr_at_1":0.08887,"mrr_at_3":0.10563,"mrr_at_5":0.11051,"mrr_at_10":0.11254,"mrr_at_100":0.11633,"mrr_at_1000":0.11861}},"main_score":"ndcg_at_10"}