{"task_name":"Norwegian courts","task_description":"Nynorsk and Bokmål parallel corpus from Norwegian courts. Norway has two standardised written languages. Bokmål is a variant closer to Danish, while Nynorsk was created to resemble regional dialects of Norwegian.","task_version":"1.1.1","time_of_run":"2024-02-04T19:08:57.186934","scores":{"nb":{"precision":0.7702485380116959,"recall":0.8289473684210527,"f1":0.7875730994152048,"accuracy":0.8289473684210527,"main_score":0.7875730994152048},"nn":{"precision":0.7702485380116959,"recall":0.8289473684210527,"f1":0.7875730994152048,"accuracy":0.8289473684210527,"main_score":0.7875730994152048}},"main_score":"f1"}