{"task_name":"ScaLA","task_description":"A linguistic acceptability task for Danish, Norwegian Bokmål Norwegian Nynorsk and Swedish.","task_version":"1.1.1","time_of_run":"2024-01-22T14:53:03.358589","scores":{"da":{"accuracy":0.4994140625,"f1":0.49205203060624775,"ap":0.49972214128620374,"accuracy_stderr":0.0034924911605952475,"f1_stderr":0.010226328027918266,"ap_stderr":0.0017457092776659582,"main_score":0.4994140625},"nb":{"accuracy":0.4990234375,"f1":0.4947188945203521,"ap":0.49951436630974255,"accuracy_stderr":0.0012918707573557572,"f1_stderr":0.00717581689556524,"ap_stderr":0.000644450571360001,"main_score":0.4990234375},"sv":{"accuracy":0.50244140625,"f1":0.49926857199752755,"ap":0.501239621117815,"accuracy_stderr":0.003375856644031954,"f1_stderr":0.005145889166113069,"ap_stderr":0.001701972660617127,"main_score":0.50244140625},"nn":{"accuracy":0.500146484375,"f1":0.49836830021969514,"ap":0.5000781433428617,"accuracy_stderr":0.0021512100363194034,"f1_stderr":0.0032630847908024494,"ap_stderr":0.001076942258112604,"main_score":0.500146484375}},"main_score":"accuracy"}