{"task_name":"SNL Retrieval","task_description":"Webscrabed articles and ingresses from the Norwegian lexicon 'Det Store Norske Leksikon'.","task_version":"0.0.1","time_of_run":"2024-02-04T19:09:39.907046","scores":{"nb":{"ndcg_at_1":0.32769,"ndcg_at_3":0.4063,"ndcg_at_5":0.42619,"ndcg_at_10":0.44734,"ndcg_at_100":0.50586,"ndcg_at_1000":0.52377,"map_at_1":0.32769,"map_at_3":0.38718,"map_at_5":0.39818,"map_at_10":0.40691,"map_at_100":0.41788,"map_at_1000":0.41862,"recall_at_1":0.32769,"recall_at_3":0.46154,"recall_at_5":0.51,"recall_at_10":0.57538,"recall_at_100":0.86077,"recall_at_1000":0.99846,"precision_at_1":0.32769,"precision_at_3":0.15385,"precision_at_5":0.102,"precision_at_10":0.05754,"precision_at_100":0.00861,"precision_at_1000":0.001,"mrr_at_1":0.32769,"mrr_at_3":0.38718,"mrr_at_5":0.39818,"mrr_at_10":0.40691,"mrr_at_100":0.41788,"mrr_at_1000":0.41862}},"main_score":"ndcg_at_10"}