{"task_name":"SwednRetrieval","task_description":"News Article Summary Semantic Similarity Estimation.","task_version":"0.0.1","time_of_run":"2024-02-04T19:09:58.863678","scores":{"sv":{"ndcg_at_1":0.1582,"ndcg_at_3":0.1372,"ndcg_at_5":0.14963,"ndcg_at_10":0.17288,"ndcg_at_100":0.2361,"ndcg_at_1000":0.28877,"map_at_1":0.0791,"map_at_3":0.10905,"map_at_5":0.11593,"map_at_10":0.12626,"map_at_100":0.13827,"map_at_1000":0.14033,"recall_at_1":0.0791,"recall_at_3":0.13623,"recall_at_5":0.16064,"recall_at_10":0.21973,"recall_at_100":0.48242,"recall_at_1000":0.83643,"precision_at_1":0.1582,"precision_at_3":0.09082,"precision_at_5":0.06426,"precision_at_10":0.04395,"precision_at_100":0.00965,"precision_at_1000":0.00167,"mrr_at_1":0.1582,"mrr_at_3":0.19596,"mrr_at_5":0.20485,"mrr_at_10":0.21518,"mrr_at_100":0.22613,"mrr_at_1000":0.22736}},"main_score":"ndcg_at_10"}