{"task_name":"SweFAQ","task_description":"A Swedish QA dataset derived from FAQ","task_version":"0.0.1","time_of_run":"2024-01-22T15:04:13.797189","scores":{"sv":{"ndcg_at_1":0.12865,"ndcg_at_3":0.15854,"ndcg_at_5":0.17767,"ndcg_at_10":0.20429,"ndcg_at_100":0.25931,"ndcg_at_1000":0.3122,"map_at_1":0.12865,"map_at_3":0.15075,"map_at_5":0.16127,"map_at_10":0.17234,"map_at_100":0.18229,"map_at_1000":0.18424,"recall_at_1":0.12865,"recall_at_3":0.18129,"recall_at_5":0.22807,"recall_at_10":0.30994,"recall_at_100":0.5848,"recall_at_1000":1.0,"precision_at_1":0.12865,"precision_at_3":0.06043,"precision_at_5":0.04561,"precision_at_10":0.03099,"precision_at_100":0.00585,"precision_at_1000":0.001,"mrr_at_1":0.12865,"mrr_at_3":0.15075,"mrr_at_5":0.16127,"mrr_at_10":0.17234,"mrr_at_100":0.18229,"mrr_at_1000":0.18424}},"main_score":"ndcg_at_10"}