{"task_name":"TV2Nord Retrieval","task_description":"News Article and corresponding summaries extracted from the Danish newspaper TV2 Nord.","task_version":"1.1.1","time_of_run":"2024-02-04T19:08:49.422503","scores":{"da":{"ndcg_at_1":0.22168,"ndcg_at_3":0.27921,"ndcg_at_5":0.29951,"ndcg_at_10":0.32268,"ndcg_at_100":0.37853,"ndcg_at_1000":0.40836,"map_at_1":0.22168,"map_at_3":0.26457,"map_at_5":0.27582,"map_at_10":0.28527,"map_at_100":0.29551,"map_at_1000":0.29654,"recall_at_1":0.22168,"recall_at_3":0.32178,"recall_at_5":0.37109,"recall_at_10":0.44336,"recall_at_100":0.71875,"recall_at_1000":0.9585,"precision_at_1":0.22168,"precision_at_3":0.10726,"precision_at_5":0.07422,"precision_at_10":0.04434,"precision_at_100":0.00719,"precision_at_1000":0.00096,"mrr_at_1":0.22168,"mrr_at_3":0.26457,"mrr_at_5":0.27582,"mrr_at_10":0.28527,"mrr_at_100":0.29551,"mrr_at_1000":0.29654}},"main_score":"ndcg_at_10"}