{"task_name":"Twitterhjerne","task_description":"Danish question asked on Twitter with the Hashtag #Twitterhjerne ('Twitter brain') and their corresponding answer.","task_version":"1.1.1","time_of_run":"2024-02-04T19:08:52.858746","scores":{"da":{"ndcg_at_1":0.08974,"ndcg_at_3":0.05076,"ndcg_at_5":0.06077,"ndcg_at_10":0.08367,"ndcg_at_100":0.18972,"ndcg_at_1000":0.28457,"map_at_1":0.02436,"map_at_3":0.02863,"map_at_5":0.03761,"map_at_10":0.04739,"map_at_100":0.06493,"map_at_1000":0.07262,"recall_at_1":0.02436,"recall_at_3":0.03184,"recall_at_5":0.05962,"recall_at_10":0.10833,"recall_at_100":0.49145,"recall_at_1000":0.98718,"precision_at_1":0.08974,"precision_at_3":0.03846,"precision_at_5":0.04359,"precision_at_10":0.03974,"precision_at_100":0.01756,"precision_at_1000":0.00336,"mrr_at_1":0.08974,"mrr_at_3":0.09615,"mrr_at_5":0.11154,"mrr_at_10":0.12455,"mrr_at_100":0.14343,"mrr_at_1000":0.14446}},"main_score":"ndcg_at_10"}