{"task_name":"Bornholm Parallel","task_description":"Danish Bornholmsk Parallel Corpus. Bornholmsk is a Danish dialect spoken on the island of Bornholm, Denmark. Historically it is a part of east Danish which was also spoken in Scania and Halland, Sweden.","task_version":"1.0.3.dev0","time_of_run":"2023-07-27T20:38:18.996132","scores":{"da":{"precision":0.059330365960386246,"recall":0.09,"f1":0.06338898363570435,"accuracy":0.09,"main_score":0.06338898363570435},"da-bornholm":{"precision":0.059330365960386246,"recall":0.09,"f1":0.06338898363570435,"accuracy":0.09,"main_score":0.06338898363570435}},"main_score":"f1"}