{"task_name":"DanFEVER","task_description":"A Danish dataset intended for misinformation research. It follows the same format as the English FEVER dataset.","task_version":"1.1.1","time_of_run":"2024-01-30T12:47:22.385848","scores":{"da":{"ndcg_at_1":0.14844,"ndcg_at_3":0.17527,"ndcg_at_5":0.1845,"ndcg_at_10":0.19418,"ndcg_at_100":0.21623,"ndcg_at_1000":0.23075,"map_at_1":0.14844,"map_at_3":0.16871,"map_at_5":0.17382,"map_at_10":0.17784,"map_at_100":0.1818,"map_at_1000":0.18231,"recall_at_1":0.14844,"recall_at_3":0.19426,"recall_at_5":0.2167,"recall_at_10":0.24651,"recall_at_100":0.35603,"recall_at_1000":0.47199,"precision_at_1":0.14844,"precision_at_3":0.06475,"precision_at_5":0.04334,"precision_at_10":0.02465,"precision_at_100":0.00356,"precision_at_1000":0.00047,"mrr_at_1":0.14844,"mrr_at_3":0.16871,"mrr_at_5":0.17382,"mrr_at_10":0.17784,"mrr_at_100":0.1818,"mrr_at_1000":0.18231}},"main_score":"ndcg_at_10"}