{"task_name":"Language Identification","task_description":"A dataset for Nordic language identification.","task_version":"1.0.3.dev0","time_of_run":"2023-07-27T21:04:59.487773","scores":{"da":{"accuracy":0.7424666666666666,"f1":0.7379219364810606,"accuracy_stderr":0.012513281832605807,"f1_stderr":0.012082505150569824,"main_score":0.7424666666666666},"sv":{"accuracy":0.7424666666666666,"f1":0.7379219364810606,"accuracy_stderr":0.012513281832605807,"f1_stderr":0.012082505150569824,"main_score":0.7424666666666666},"nb":{"accuracy":0.7424666666666666,"f1":0.7379219364810606,"accuracy_stderr":0.012513281832605807,"f1_stderr":0.012082505150569824,"main_score":0.7424666666666666},"nn":{"accuracy":0.7424666666666666,"f1":0.7379219364810606,"accuracy_stderr":0.012513281832605807,"f1_stderr":0.012082505150569824,"main_score":0.7424666666666666},"is":{"accuracy":0.7424666666666666,"f1":0.7379219364810606,"accuracy_stderr":0.012513281832605807,"f1_stderr":0.012082505150569824,"main_score":0.7424666666666666},"fo":{"accuracy":0.7424666666666666,"f1":0.7379219364810606,"accuracy_stderr":0.012513281832605807,"f1_stderr":0.012082505150569824,"main_score":0.7424666666666666}},"main_score":"accuracy"}