{"task_name":"Massive Intent","task_description":"MASSIVE: A 1M-Example Multilingual Natural Language Understanding Dataset with 51 Typologically-Diverse Languages","task_version":"1.0.3.dev0","time_of_run":"2023-07-27T20:59:26.15118","scores":{"da":{"accuracy":0.5468392737054472,"f1":0.5039000994078626,"accuracy_stderr":0.011536817088604236,"f1_stderr":0.006389390451655079,"main_score":0.5468392737054472},"nb":{"accuracy":0.45379959650302626,"f1":0.4271217484445252,"accuracy_stderr":0.012549015365232539,"f1_stderr":0.011229470448672847,"main_score":0.45379959650302626},"sv":{"accuracy":0.40817081371889713,"f1":0.3841954212578219,"accuracy_stderr":0.006134927155520256,"f1_stderr":0.008971093419384164,"main_score":0.40817081371889713}},"main_score":"accuracy"}