{"task_name":"Massive Scenario","task_description":"MASSIVE: A 1M-Example Multilingual Natural Language Understanding Dataset with 51 Typologically-Diverse Languages","task_version":"1.0.3.dev0","time_of_run":"2023-07-27T21:01:11.378911","scores":{"da":{"accuracy":0.5955615332885004,"f1":0.5794034655925369,"accuracy_stderr":0.01577699539582055,"f1_stderr":0.013384379870283205,"main_score":0.5955615332885004},"nb":{"accuracy":0.47552118359112316,"f1":0.4640926498110063,"accuracy_stderr":0.018872921265933037,"f1_stderr":0.01476824680252287,"main_score":0.47552118359112316},"sv":{"accuracy":0.40141223940820436,"f1":0.3822692785842296,"accuracy_stderr":0.01808423841391776,"f1_stderr":0.013452966848637938,"main_score":0.40141223940820436}},"main_score":"accuracy"}