{"task_name":"NorQuad","task_description":"Human-created question for Norwegian wikipedia passages.","task_version":"0.0.1","time_of_run":"2024-01-30T12:53:56.467266","scores":{"nb":{"ndcg_at_1":0.02344,"ndcg_at_3":0.0213,"ndcg_at_5":0.02308,"ndcg_at_10":0.02726,"ndcg_at_100":0.05358,"ndcg_at_1000":0.13633,"map_at_1":0.01172,"map_at_3":0.01619,"map_at_5":0.01715,"map_at_10":0.01852,"map_at_100":0.02197,"map_at_1000":0.0241,"recall_at_1":0.01172,"recall_at_3":0.02148,"recall_at_5":0.0249,"recall_at_10":0.03564,"recall_at_100":0.1499,"recall_at_1000":0.73779,"precision_at_1":0.02344,"precision_at_3":0.01432,"precision_at_5":0.00996,"precision_at_10":0.00713,"precision_at_100":0.003,"precision_at_1000":0.00148,"mrr_at_1":0.02344,"mrr_at_3":0.03141,"mrr_at_5":0.03283,"mrr_at_10":0.03557,"mrr_at_100":0.04168,"mrr_at_1000":0.04389}},"main_score":"ndcg_at_10"}