{"task_name":"Norwegian courts","task_description":"Nynorsk and Bokmål parallel corpus from Norwegian courts. Norway has two standardised written languages. Bokmål is a variant closer to Danish, while Nynorsk was created to resemble regional dialects of Norwegian.","task_version":"1.1.1","time_of_run":"2024-01-30T12:49:37.262875","scores":{"nb":{"precision":0.6707289055973267,"recall":0.7543859649122807,"f1":0.6941624895572265,"accuracy":0.7543859649122807,"main_score":0.6941624895572265},"nn":{"precision":0.6707289055973267,"recall":0.7543859649122807,"f1":0.6941624895572265,"accuracy":0.7543859649122807,"main_score":0.6941624895572265}},"main_score":"f1"}