{"task_name":"SNL Retrieval","task_description":"Webscrabed articles and ingresses from the Norwegian lexicon 'Det Store Norske Leksikon'.","task_version":"0.0.1","time_of_run":"2024-01-30T12:53:37.794135","scores":{"nb":{"ndcg_at_1":0.01308,"ndcg_at_3":0.02323,"ndcg_at_5":0.02671,"ndcg_at_10":0.03309,"ndcg_at_100":0.06838,"ndcg_at_1000":0.14371,"map_at_1":0.01308,"map_at_3":0.02064,"map_at_5":0.02256,"map_at_10":0.0253,"map_at_100":0.03089,"map_at_1000":0.0329,"recall_at_1":0.01308,"recall_at_3":0.03077,"recall_at_5":0.03923,"recall_at_10":0.05846,"recall_at_100":0.24231,"recall_at_1000":0.88462,"precision_at_1":0.01308,"precision_at_3":0.01026,"precision_at_5":0.00785,"precision_at_10":0.00585,"precision_at_100":0.00242,"precision_at_1000":0.00088,"mrr_at_1":0.01308,"mrr_at_3":0.02064,"mrr_at_5":0.02256,"mrr_at_10":0.0253,"mrr_at_100":0.03089,"mrr_at_1000":0.0329}},"main_score":"ndcg_at_10"}