{"task_name":"SwednRetrieval","task_description":"News Article Summary Semantic Similarity Estimation.","task_version":"0.0.1","time_of_run":"2024-01-30T12:55:59.146331","scores":{"sv":{"ndcg_at_1":0.05664,"ndcg_at_3":0.05183,"ndcg_at_5":0.05678,"ndcg_at_10":0.066,"ndcg_at_100":0.09834,"ndcg_at_1000":0.16385,"map_at_1":0.02832,"map_at_3":0.03882,"map_at_5":0.04106,"map_at_10":0.04418,"map_at_100":0.04855,"map_at_1000":0.05024,"recall_at_1":0.02832,"recall_at_3":0.05225,"recall_at_5":0.06201,"recall_at_10":0.08545,"recall_at_100":0.22217,"recall_at_1000":0.68408,"precision_at_1":0.05664,"precision_at_3":0.03483,"precision_at_5":0.0248,"precision_at_10":0.01709,"precision_at_100":0.00444,"precision_at_1000":0.00137,"mrr_at_1":0.05664,"mrr_at_3":0.07764,"mrr_at_5":0.08213,"mrr_at_10":0.08817,"mrr_at_100":0.09648,"mrr_at_1000":0.09849}},"main_score":"ndcg_at_10"}