{"task_name":"SweFAQ","task_description":"A Swedish QA dataset derived from FAQ","task_version":"0.0.1","time_of_run":"2023-09-04T19:25:20.531296","scores":{"sv":{"ndcg_at_1":0.06823,"ndcg_at_3":0.08807,"ndcg_at_5":0.10006,"ndcg_at_10":0.11629,"ndcg_at_100":0.18353,"ndcg_at_1000":0.24534,"map_at_1":0.06823,"map_at_3":0.08285,"map_at_5":0.08947,"map_at_10":0.09608,"map_at_100":0.10792,"map_at_1000":0.11029,"recall_at_1":0.06823,"recall_at_3":0.10331,"recall_at_5":0.13255,"recall_at_10":0.18324,"recall_at_100":0.52047,"recall_at_1000":1.0,"precision_at_1":0.06823,"precision_at_3":0.03444,"precision_at_5":0.02651,"precision_at_10":0.01832,"precision_at_100":0.0052,"precision_at_1000":0.001,"mrr_at_1":0.06823,"mrr_at_3":0.08285,"mrr_at_5":0.08947,"mrr_at_10":0.09608,"mrr_at_100":0.10792,"mrr_at_1000":0.11029}},"main_score":"ndcg_at_10"}