{"task_name":"TV2Nord Retrieval","task_description":"News Article and corresponding summaries extracted from the Danish newspaper TV2 Nord.","task_version":"1.1.1","time_of_run":"2024-01-30T12:49:28.205225","scores":{"da":{"ndcg_at_1":0.32178,"ndcg_at_3":0.40724,"ndcg_at_5":0.4309,"ndcg_at_10":0.46066,"ndcg_at_100":0.51357,"ndcg_at_1000":0.52789,"map_at_1":0.32178,"map_at_3":0.38631,"map_at_5":0.39952,"map_at_10":0.41175,"map_at_100":0.42202,"map_at_1000":0.42257,"recall_at_1":0.32178,"recall_at_3":0.46777,"recall_at_5":0.5249,"recall_at_10":0.61719,"recall_at_100":0.87158,"recall_at_1000":0.98389,"precision_at_1":0.32178,"precision_at_3":0.15592,"precision_at_5":0.10498,"precision_at_10":0.06172,"precision_at_100":0.00872,"precision_at_1000":0.00098,"mrr_at_1":0.32178,"mrr_at_3":0.38639,"mrr_at_5":0.3996,"mrr_at_10":0.41183,"mrr_at_100":0.42211,"mrr_at_1000":0.42265}},"main_score":"ndcg_at_10"}