{"task_name":"Twitterhjerne","task_description":"Danish question asked on Twitter with the Hashtag #Twitterhjerne ('Twitter brain') and their corresponding answer.","task_version":"1.1.1","time_of_run":"2024-01-30T12:49:34.549036","scores":{"da":{"ndcg_at_1":0.25641,"ndcg_at_3":0.19838,"ndcg_at_5":0.20501,"ndcg_at_10":0.22889,"ndcg_at_100":0.333,"ndcg_at_1000":0.40736,"map_at_1":0.09274,"map_at_3":0.13301,"map_at_5":0.15096,"map_at_10":0.1653,"map_at_100":0.18988,"map_at_1000":0.19562,"recall_at_1":0.09274,"recall_at_3":0.15427,"recall_at_5":0.19722,"recall_at_10":0.24658,"recall_at_100":0.5953,"recall_at_1000":0.98718,"precision_at_1":0.25641,"precision_at_3":0.15812,"precision_at_5":0.12821,"precision_at_10":0.08333,"precision_at_100":0.02115,"precision_at_1000":0.00336,"mrr_at_1":0.25641,"mrr_at_3":0.30128,"mrr_at_5":0.31667,"mrr_at_10":0.32799,"mrr_at_100":0.3421,"mrr_at_1000":0.34296}},"main_score":"ndcg_at_10"}