{"task_name":"Bornholm Parallel","task_description":"Danish Bornholmsk Parallel Corpus. Bornholmsk is a Danish dialect spoken on the island of Bornholm, Denmark. Historically it is a part of east Danish which was also spoken in Scania and Halland, Sweden.","task_version":"1.1.1","time_of_run":"2024-01-30T14:53:30.947416","scores":{"da":{"precision":0.039645405212962045,"recall":0.068,"f1":0.04343837671280694,"accuracy":0.068,"main_score":0.04343837671280694},"da-bornholm":{"precision":0.039645405212962045,"recall":0.068,"f1":0.04343837671280694,"accuracy":0.068,"main_score":0.04343837671280694}},"main_score":"f1"}