{"task_name":"DanFEVER","task_description":"A Danish dataset intended for misinformation research. It follows the same format as the English FEVER dataset.","task_version":"1.1.1","time_of_run":"2024-01-30T14:59:01.950199","scores":{"da":{"ndcg_at_1":0.08709,"ndcg_at_3":0.09745,"ndcg_at_5":0.10136,"ndcg_at_10":0.10625,"ndcg_at_100":0.11943,"ndcg_at_1000":0.14048,"map_at_1":0.08709,"map_at_3":0.09491,"map_at_5":0.09706,"map_at_10":0.09899,"map_at_100":0.10114,"map_at_1000":0.10171,"recall_at_1":0.08709,"recall_at_3":0.10482,"recall_at_5":0.11439,"recall_at_10":0.12992,"recall_at_100":0.19802,"recall_at_1000":0.3769,"precision_at_1":0.08709,"precision_at_3":0.03494,"precision_at_5":0.02288,"precision_at_10":0.01299,"precision_at_100":0.00198,"precision_at_1000":0.00038,"mrr_at_1":0.08709,"mrr_at_3":0.09491,"mrr_at_5":0.09706,"mrr_at_10":0.09899,"mrr_at_100":0.10114,"mrr_at_1000":0.10171}},"main_score":"ndcg_at_10"}