{"task_name":"Language Identification","task_description":"A dataset for Nordic language identification.","task_version":"1.1.1","time_of_run":"2024-01-30T15:21:26.860867","scores":{"da":{"accuracy":0.8129,"f1":0.8132626842349557,"accuracy_stderr":0.006920260110718389,"f1_stderr":0.007111335658022502,"main_score":0.8129},"sv":{"accuracy":0.8129,"f1":0.8132626842349557,"accuracy_stderr":0.006920260110718389,"f1_stderr":0.007111335658022502,"main_score":0.8129},"nb":{"accuracy":0.8129,"f1":0.8132626842349557,"accuracy_stderr":0.006920260110718389,"f1_stderr":0.007111335658022502,"main_score":0.8129},"nn":{"accuracy":0.8129,"f1":0.8132626842349557,"accuracy_stderr":0.006920260110718389,"f1_stderr":0.007111335658022502,"main_score":0.8129},"is":{"accuracy":0.8129,"f1":0.8132626842349557,"accuracy_stderr":0.006920260110718389,"f1_stderr":0.007111335658022502,"main_score":0.8129},"fo":{"accuracy":0.8129,"f1":0.8132626842349557,"accuracy_stderr":0.006920260110718389,"f1_stderr":0.007111335658022502,"main_score":0.8129}},"main_score":"accuracy"}