{"task_name":"Massive Intent","task_description":"MASSIVE: A 1M-Example Multilingual Natural Language Understanding Dataset with 51 Typologically-Diverse Languages","task_version":"1.1.1","time_of_run":"2024-01-30T15:11:54.679814","scores":{"da":{"accuracy":0.4725622057834567,"f1":0.4494065126222436,"accuracy_stderr":0.010509226524756953,"f1_stderr":0.006636287122050266,"main_score":0.4725622057834567},"nb":{"accuracy":0.4841627437794217,"f1":0.4602477000517897,"accuracy_stderr":0.0063147419631677006,"f1_stderr":0.007517999376478233,"main_score":0.4841627437794217},"sv":{"accuracy":0.506018829858776,"f1":0.47959335499356176,"accuracy_stderr":0.011210160115079066,"f1_stderr":0.008423110264961606,"main_score":0.506018829858776}},"main_score":"accuracy"}