{"task_name":"Massive Scenario","task_description":"MASSIVE: A 1M-Example Multilingual Natural Language Understanding Dataset with 51 Typologically-Diverse Languages","task_version":"1.1.1","time_of_run":"2024-01-30T15:15:15.810649","scores":{"da":{"accuracy":0.4954942837928716,"f1":0.4792702418469517,"accuracy_stderr":0.018319285982606938,"f1_stderr":0.015047140586751653,"main_score":0.4954942837928716},"nb":{"accuracy":0.5062542030934768,"f1":0.49237518415724885,"accuracy_stderr":0.02120983419445323,"f1_stderr":0.019109796955454318,"main_score":0.5062542030934768},"sv":{"accuracy":0.5216543375924679,"f1":0.5113169414731089,"accuracy_stderr":0.02642366100558004,"f1_stderr":0.02289269176594086,"main_score":0.5216543375924679}},"main_score":"accuracy"}