{"task_name":"NorQuad","task_description":"Human-created question for Norwegian wikipedia passages.","task_version":"0.0.1","time_of_run":"2024-01-30T15:41:31.127876","scores":{"nb":{"ndcg_at_1":0.0166,"ndcg_at_3":0.0153,"ndcg_at_5":0.017,"ndcg_at_10":0.02014,"ndcg_at_100":0.04121,"ndcg_at_1000":0.12633,"map_at_1":0.0083,"map_at_3":0.01139,"map_at_5":0.01215,"map_at_10":0.01328,"map_at_100":0.01595,"map_at_1000":0.01804,"recall_at_1":0.0083,"recall_at_3":0.01562,"recall_at_5":0.01904,"recall_at_10":0.02686,"recall_at_100":0.11816,"recall_at_1000":0.72754,"precision_at_1":0.0166,"precision_at_3":0.01042,"precision_at_5":0.00762,"precision_at_10":0.00537,"precision_at_100":0.00236,"precision_at_1000":0.00146,"mrr_at_1":0.0166,"mrr_at_3":0.02279,"mrr_at_5":0.0243,"mrr_at_10":0.02635,"mrr_at_100":0.03136,"mrr_at_1000":0.03358}},"main_score":"ndcg_at_10"}