{"task_name":"Norwegian courts","task_description":"Nynorsk and Bokmål parallel corpus from Norwegian courts. Norway has two standardised written languages. Bokmål is a variant closer to Danish, while Nynorsk was created to resemble regional dialects of Norwegian.","task_version":"1.1.1","time_of_run":"2024-01-30T15:28:22.805270","scores":{"nb":{"precision":0.32194481931324037,"recall":0.39473684210526316,"f1":0.3393832775411722,"accuracy":0.39473684210526316,"main_score":0.3393832775411722},"nn":{"precision":0.32194481931324037,"recall":0.39473684210526316,"f1":0.3393832775411722,"accuracy":0.39473684210526316,"main_score":0.3393832775411722}},"main_score":"f1"}