{"task_name":"ScaLA","task_description":"A linguistic acceptability task for Danish, Norwegian Bokmål Norwegian Nynorsk and Swedish.","task_version":"1.1.1","time_of_run":"2024-01-30T15:19:31.158173","scores":{"da":{"accuracy":0.6029296875,"f1":0.5976731186690692,"ap":0.5633475245746408,"accuracy_stderr":0.018691416454412052,"f1_stderr":0.02433657694697665,"ap_stderr":0.011983327654065927,"main_score":0.6029296875},"nb":{"accuracy":0.60986328125,"f1":0.6065943914425708,"ap":0.5686785822443265,"accuracy_stderr":0.022130509374852392,"f1_stderr":0.021979020967097404,"ap_stderr":0.017098530132824842,"main_score":0.60986328125},"sv":{"accuracy":0.62919921875,"f1":0.6272291293072786,"ap":0.5825582475863926,"accuracy_stderr":0.022229617265914915,"f1_stderr":0.023047571527400414,"ap_stderr":0.017087093171021563,"main_score":0.62919921875},"nn":{"accuracy":0.568896484375,"f1":0.5672199146061706,"ap":0.5393342435388413,"accuracy_stderr":0.016473903132091,"f1_stderr":0.01626157116547381,"ap_stderr":0.010321440740678615,"main_score":0.568896484375}},"main_score":"accuracy"}