{"task_name":"SNL Retrieval","task_description":"Webscrabed articles and ingresses from the Norwegian lexicon 'Det Store Norske Leksikon'.","task_version":"0.0.1","time_of_run":"2024-01-30T15:40:34.985334","scores":{"nb":{"ndcg_at_1":0.00846,"ndcg_at_3":0.01156,"ndcg_at_5":0.01308,"ndcg_at_10":0.01678,"ndcg_at_100":0.04388,"ndcg_at_1000":0.1245,"map_at_1":0.00846,"map_at_3":0.01077,"map_at_5":0.01158,"map_at_10":0.01309,"map_at_100":0.01722,"map_at_1000":0.01931,"recall_at_1":0.00846,"recall_at_3":0.01385,"recall_at_5":0.01769,"recall_at_10":0.02923,"recall_at_100":0.17308,"recall_at_1000":0.86462,"precision_at_1":0.00846,"precision_at_3":0.00462,"precision_at_5":0.00354,"precision_at_10":0.00292,"precision_at_100":0.00173,"precision_at_1000":0.00086,"mrr_at_1":0.00846,"mrr_at_3":0.01077,"mrr_at_5":0.01158,"mrr_at_10":0.01309,"mrr_at_100":0.01722,"mrr_at_1000":0.01931}},"main_score":"ndcg_at_10"}