{"task_name":"SwednRetrieval","task_description":"News Article Summary Semantic Similarity Estimation.","task_version":"0.0.1","time_of_run":"2024-01-30T15:52:14.140237","scores":{"sv":{"ndcg_at_1":0.10156,"ndcg_at_3":0.07793,"ndcg_at_5":0.08285,"ndcg_at_10":0.09189,"ndcg_at_100":0.12215,"ndcg_at_1000":0.18222,"map_at_1":0.05078,"map_at_3":0.06022,"map_at_5":0.06254,"map_at_10":0.06555,"map_at_100":0.06973,"map_at_1000":0.07113,"recall_at_1":0.05078,"recall_at_3":0.07324,"recall_at_5":0.08301,"recall_at_10":0.10596,"recall_at_100":0.23242,"recall_at_1000":0.66064,"precision_at_1":0.10156,"precision_at_3":0.04883,"precision_at_5":0.0332,"precision_at_10":0.02119,"precision_at_100":0.00465,"precision_at_1000":0.00132,"mrr_at_1":0.10156,"mrr_at_3":0.12044,"mrr_at_5":0.12469,"mrr_at_10":0.13072,"mrr_at_100":0.13889,"mrr_at_1000":0.14084}},"main_score":"ndcg_at_10"}