{"task_name":"SweFAQ","task_description":"A Swedish QA dataset derived from FAQ","task_version":"0.0.1","time_of_run":"2024-01-30T15:46:16.431254","scores":{"sv":{"ndcg_at_1":0.12086,"ndcg_at_3":0.16356,"ndcg_at_5":0.17983,"ndcg_at_10":0.19988,"ndcg_at_100":0.25885,"ndcg_at_1000":0.3093,"map_at_1":0.12086,"map_at_3":0.15335,"map_at_5":0.16251,"map_at_10":0.17069,"map_at_100":0.1798,"map_at_1000":0.18169,"recall_at_1":0.12086,"recall_at_3":0.19298,"recall_at_5":0.23197,"recall_at_10":0.29435,"recall_at_100":0.60624,"recall_at_1000":1.0,"precision_at_1":0.12086,"precision_at_3":0.06433,"precision_at_5":0.04639,"precision_at_10":0.02943,"precision_at_100":0.00606,"precision_at_1000":0.001,"mrr_at_1":0.12086,"mrr_at_3":0.15335,"mrr_at_5":0.16251,"mrr_at_10":0.17069,"mrr_at_100":0.1798,"mrr_at_1000":0.18169}},"main_score":"ndcg_at_10"}