{"task_name":"TV2Nord Retrieval","task_description":"News Article and corresponding summaries extracted from the Danish newspaper TV2 Nord.","task_version":"1.1.1","time_of_run":"2024-01-30T15:06:11.975103","scores":{"da":{"ndcg_at_1":0.03271,"ndcg_at_3":0.0444,"ndcg_at_5":0.05383,"ndcg_at_10":0.06112,"ndcg_at_100":0.09837,"ndcg_at_1000":0.17225,"map_at_1":0.03271,"map_at_3":0.04167,"map_at_5":0.04689,"map_at_10":0.04982,"map_at_100":0.05612,"map_at_1000":0.05813,"recall_at_1":0.03271,"recall_at_3":0.05225,"recall_at_5":0.0752,"recall_at_10":0.09814,"recall_at_100":0.28809,"recall_at_1000":0.91406,"precision_at_1":0.03271,"precision_at_3":0.01742,"precision_at_5":0.01504,"precision_at_10":0.00981,"precision_at_100":0.00288,"precision_at_1000":0.00091,"mrr_at_1":0.03271,"mrr_at_3":0.04167,"mrr_at_5":0.04699,"mrr_at_10":0.04983,"mrr_at_100":0.05613,"mrr_at_1000":0.05815}},"main_score":"ndcg_at_10"}