{"task_name":"Twitterhjerne","task_description":"Danish question asked on Twitter with the Hashtag #Twitterhjerne ('Twitter brain') and their corresponding answer.","task_version":"1.1.1","time_of_run":"2024-01-30T15:06:31.376165","scores":{"da":{"ndcg_at_1":0.26923,"ndcg_at_3":0.18054,"ndcg_at_5":0.17199,"ndcg_at_10":0.20393,"ndcg_at_100":0.28833,"ndcg_at_1000":0.37832,"map_at_1":0.07308,"map_at_3":0.10616,"map_at_5":0.1172,"map_at_10":0.13143,"map_at_100":0.15052,"map_at_1000":0.15782,"recall_at_1":0.07308,"recall_at_3":0.12094,"recall_at_5":0.15363,"recall_at_10":0.22457,"recall_at_100":0.51923,"recall_at_1000":0.98718,"precision_at_1":0.26923,"precision_at_3":0.1453,"precision_at_5":0.11026,"precision_at_10":0.07949,"precision_at_100":0.01833,"precision_at_1000":0.00336,"mrr_at_1":0.26923,"mrr_at_3":0.29701,"mrr_at_5":0.31432,"mrr_at_10":0.33133,"mrr_at_100":0.34072,"mrr_at_1000":0.34185}},"main_score":"ndcg_at_10"}