{"task_name":"Bornholm Parallel","task_description":"Danish Bornholmsk Parallel Corpus. Bornholmsk is a Danish dialect spoken on the island of Bornholm, Denmark. Historically it is a part of east Danish which was also spoken in Scania and Halland, Sweden.","task_version":"1.1.1","time_of_run":"2024-02-09T13:14:05.700692","scores":{"da":{"precision":0.35111670084301666,"recall":0.418,"f1":0.36624463121419637,"accuracy":0.418,"main_score":0.36624463121419637},"da-bornholm":{"precision":0.35111670084301666,"recall":0.418,"f1":0.36624463121419637,"accuracy":0.418,"main_score":0.36624463121419637}},"main_score":"f1"}