{"task_name":"DanFEVER","task_description":"A Danish dataset intended for misinformation research. It follows the same format as the English FEVER dataset.","task_version":"1.1.1","time_of_run":"2024-02-09T13:26:04.135345","scores":{"da":{"ndcg_at_1":0.18061,"ndcg_at_3":0.20773,"ndcg_at_5":0.21422,"ndcg_at_10":0.2203,"ndcg_at_100":0.23791,"ndcg_at_1000":0.25198,"map_at_1":0.18061,"map_at_3":0.20134,"map_at_5":0.20496,"map_at_10":0.20749,"map_at_100":0.21059,"map_at_1000":0.21103,"recall_at_1":0.18061,"recall_at_3":0.22611,"recall_at_5":0.2418,"recall_at_10":0.26047,"recall_at_100":0.34889,"recall_at_1000":0.46438,"precision_at_1":0.18061,"precision_at_3":0.07537,"precision_at_5":0.04836,"precision_at_10":0.02605,"precision_at_100":0.00349,"precision_at_1000":0.00046,"mrr_at_1":0.18061,"mrr_at_3":0.20134,"mrr_at_5":0.20496,"mrr_at_10":0.20749,"mrr_at_100":0.21059,"mrr_at_1000":0.21104}},"main_score":"ndcg_at_10"}