{"task_name":"Language Identification","task_description":"A dataset for Nordic language identification.","task_version":"1.1.1","time_of_run":"2024-02-09T14:09:25.597221","scores":{"da":{"accuracy":0.4466333333333333,"f1":0.428521059113298,"accuracy_stderr":0.013360347633534421,"f1_stderr":0.015426218291050967,"main_score":0.4466333333333333},"sv":{"accuracy":0.4466333333333333,"f1":0.428521059113298,"accuracy_stderr":0.013360347633534421,"f1_stderr":0.015426218291050967,"main_score":0.4466333333333333},"nb":{"accuracy":0.4466333333333333,"f1":0.428521059113298,"accuracy_stderr":0.013360347633534421,"f1_stderr":0.015426218291050967,"main_score":0.4466333333333333},"nn":{"accuracy":0.4466333333333333,"f1":0.428521059113298,"accuracy_stderr":0.013360347633534421,"f1_stderr":0.015426218291050967,"main_score":0.4466333333333333},"is":{"accuracy":0.4466333333333333,"f1":0.428521059113298,"accuracy_stderr":0.013360347633534421,"f1_stderr":0.015426218291050967,"main_score":0.4466333333333333},"fo":{"accuracy":0.4466333333333333,"f1":0.428521059113298,"accuracy_stderr":0.013360347633534421,"f1_stderr":0.015426218291050967,"main_score":0.4466333333333333}},"main_score":"accuracy"}