{"task_name":"Language Identification","task_description":"A dataset for Nordic language identification.","task_version":"1.1.0","time_of_run":"2023-08-26T00:47:53.159326","scores":{"da":{"accuracy":0.4469,"f1":0.42873489618887983,"accuracy_stderr":0.012840084804150553,"f1_stderr":0.01471256195768591,"main_score":0.4469},"sv":{"accuracy":0.4469,"f1":0.42873489618887983,"accuracy_stderr":0.012840084804150553,"f1_stderr":0.01471256195768591,"main_score":0.4469},"nb":{"accuracy":0.4469,"f1":0.42873489618887983,"accuracy_stderr":0.012840084804150553,"f1_stderr":0.01471256195768591,"main_score":0.4469},"nn":{"accuracy":0.4469,"f1":0.42873489618887983,"accuracy_stderr":0.012840084804150553,"f1_stderr":0.01471256195768591,"main_score":0.4469},"is":{"accuracy":0.4469,"f1":0.42873489618887983,"accuracy_stderr":0.012840084804150553,"f1_stderr":0.01471256195768591,"main_score":0.4469},"fo":{"accuracy":0.4469,"f1":0.42873489618887983,"accuracy_stderr":0.012840084804150553,"f1_stderr":0.01471256195768591,"main_score":0.4469}},"main_score":"accuracy"}