{"task_name":"Massive Scenario","task_description":"MASSIVE: A 1M-Example Multilingual Natural Language Understanding Dataset with 51 Typologically-Diverse Languages","task_version":"1.1.1","time_of_run":"2024-02-09T13:54:24.151338","scores":{"da":{"accuracy":0.6141896435776731,"f1":0.6055139920836428,"accuracy_stderr":0.019952937819258377,"f1_stderr":0.01866935160205264,"main_score":0.6141896435776731},"nb":{"accuracy":0.6293544048419637,"f1":0.6206366732045222,"accuracy_stderr":0.024706319742077366,"f1_stderr":0.02245100064136431,"main_score":0.6293544048419637},"sv":{"accuracy":0.6305648957632817,"f1":0.6165673976996986,"accuracy_stderr":0.021731084263416602,"f1_stderr":0.021348263376022168,"main_score":0.6305648957632817}},"main_score":"accuracy"}