{"task_name":"Massive Intent","task_description":"MASSIVE: A 1M-Example Multilingual Natural Language Understanding Dataset with 51 Typologically-Diverse Languages","task_version":"1.1.1","time_of_run":"2024-02-09T13:48:26.555220","scores":{"da":{"accuracy":0.5564895763281775,"f1":0.5323900559976021,"accuracy_stderr":0.01221184922483852,"f1_stderr":0.007395680824213143,"main_score":0.5564895763281775},"nb":{"accuracy":0.5711163416274377,"f1":0.5463433917339039,"accuracy_stderr":0.017116449904807516,"f1_stderr":0.013242114900927197,"main_score":0.5711163416274377},"sv":{"accuracy":0.5604236718224613,"f1":0.5358652702723491,"accuracy_stderr":0.013700630335261678,"f1_stderr":0.010840847927312167,"main_score":0.5604236718224613}},"main_score":"accuracy"}