{"task_name":"Massive Intent","task_description":"MASSIVE: A 1M-Example Multilingual Natural Language Understanding Dataset with 51 Typologically-Diverse Languages","task_version":"1.1.0","time_of_run":"2023-08-25T23:53:53.192244","scores":{"da":{"accuracy":0.5566240753194351,"f1":0.5323839242957359,"accuracy_stderr":0.012040477104147974,"f1_stderr":0.007248649729570686,"main_score":0.5566240753194351},"nb":{"accuracy":0.5715198386012104,"f1":0.5468272457718947,"accuracy_stderr":0.017190140542183617,"f1_stderr":0.013427902990435272,"main_score":0.5715198386012104},"sv":{"accuracy":0.560659045057162,"f1":0.5361206287714774,"accuracy_stderr":0.013848498425843233,"f1_stderr":0.010785529609859719,"main_score":0.560659045057162}},"main_score":"accuracy"}