{"task_name":"Massive Scenario","task_description":"MASSIVE: A 1M-Example Multilingual Natural Language Understanding Dataset with 51 Typologically-Diverse Languages","task_version":"1.1.0","time_of_run":"2023-08-26T00:06:24.467900","scores":{"da":{"accuracy":0.6148957632817754,"f1":0.6050717765397428,"accuracy_stderr":0.019750096082025912,"f1_stderr":0.01908259759987581,"main_score":0.6148957632817754},"nb":{"accuracy":0.6304976462676529,"f1":0.621009335440376,"accuracy_stderr":0.023930546634583553,"f1_stderr":0.02227536705619115,"main_score":0.6304976462676529},"sv":{"accuracy":0.63093476798924,"f1":0.6162597403303389,"accuracy_stderr":0.021703049130845226,"f1_stderr":0.020338232370328325,"main_score":0.63093476798924}},"main_score":"accuracy"}