{"task_name":"NorQuad","task_description":"Human-created question for Norwegian wikipedia passages.","task_version":"0.0.1","time_of_run":"2024-02-09T15:02:24.525936","scores":{"nb":{"ndcg_at_1":0.04785,"ndcg_at_3":0.04477,"ndcg_at_5":0.04918,"ndcg_at_10":0.05475,"ndcg_at_100":0.08807,"ndcg_at_1000":0.16405,"map_at_1":0.02393,"map_at_3":0.03328,"map_at_5":0.03526,"map_at_10":0.03712,"map_at_100":0.04158,"map_at_1000":0.04363,"recall_at_1":0.02393,"recall_at_3":0.0459,"recall_at_5":0.05469,"recall_at_10":0.06885,"recall_at_100":0.21045,"recall_at_1000":0.74609,"precision_at_1":0.04785,"precision_at_3":0.0306,"precision_at_5":0.02187,"precision_at_10":0.01377,"precision_at_100":0.00421,"precision_at_1000":0.00149,"mrr_at_1":0.04785,"mrr_at_3":0.06657,"mrr_at_5":0.07052,"mrr_at_10":0.07423,"mrr_at_100":0.0827,"mrr_at_1000":0.08487}},"main_score":"ndcg_at_10"}