{"task_name":"Norwegian courts","task_description":"Nynorsk and Bokmål parallel corpus from Norwegian courts. Norway has two standardised written languages. Bokmål is a variant closer to Danish, while Nynorsk was created to resemble regional dialects of Norwegian.","task_version":"1.1.1","time_of_run":"2024-02-09T14:24:06.080295","scores":{"nb":{"precision":0.9385964912280702,"recall":0.9517543859649122,"f1":0.9429824561403509,"accuracy":0.9517543859649122,"main_score":0.9429824561403509},"nn":{"precision":0.9385964912280702,"recall":0.9517543859649122,"f1":0.9429824561403509,"accuracy":0.9517543859649122,"main_score":0.9429824561403509}},"main_score":"f1"}