{"task_name":"ScaLA","task_description":"A linguistic acceptability task for Danish, Norwegian Bokmål Norwegian Nynorsk and Swedish.","task_version":"1.1.1.dev0","time_of_run":"2023-09-13T15:18:49.324936","scores":{"da":{"accuracy":0.509228515625,"f1":0.5049006250810197,"ap":0.5047600627546273,"accuracy_stderr":0.007023277000825346,"f1_stderr":0.009062331563372343,"ap_stderr":0.0036683455662138895,"main_score":0.509228515625},"nb":{"accuracy":0.505859375,"f1":0.4996950764593847,"ap":0.5030306722777176,"accuracy_stderr":0.0066735740481523,"f1_stderr":0.006865216157865124,"ap_stderr":0.003465930937682291,"main_score":0.505859375},"sv":{"accuracy":0.507958984375,"f1":0.5007519308349113,"ap":0.504086575283085,"accuracy_stderr":0.006245611557470303,"f1_stderr":0.010041421021678596,"ap_stderr":0.0031985415954774647,"main_score":0.507958984375},"nn":{"accuracy":0.507568359375,"f1":0.5019852110629762,"ap":0.5038729566144591,"accuracy_stderr":0.004291600544738024,"f1_stderr":0.006015342402785477,"ap_stderr":0.002226380696089599,"main_score":0.507568359375}},"main_score":"accuracy"}