{"task_name":"ScaLA","task_description":"A linguistic acceptability task for Danish, Norwegian Bokmål Norwegian Nynorsk and Swedish.","task_version":"1.1.1","time_of_run":"2024-02-09T14:05:01.813111","scores":{"da":{"accuracy":0.5091796875,"f1":0.5048658240920189,"ap":0.5047183202773494,"accuracy_stderr":0.007092022521627072,"f1_stderr":0.009101527789986658,"ap_stderr":0.003701814144424915,"main_score":0.5091796875},"nb":{"accuracy":0.5060546875,"f1":0.49982948300602414,"ap":0.5030997651335135,"accuracy_stderr":0.006833146751771837,"f1_stderr":0.006838487536284708,"ap_stderr":0.003497084937684381,"main_score":0.5060546875},"sv":{"accuracy":0.5080078125,"f1":0.5008415911288754,"ap":0.5041158106152398,"accuracy_stderr":0.006314516859502817,"f1_stderr":0.009948616538611002,"ap_stderr":0.003231863592612046,"main_score":0.5080078125},"nn":{"accuracy":0.50751953125,"f1":0.5019548698963027,"ap":0.5038308291052622,"accuracy_stderr":0.004417258936679157,"f1_stderr":0.005997686942856915,"ap_stderr":0.0022750223266374495,"main_score":0.50751953125}},"main_score":"accuracy"}