{"task_name":"SNL Retrieval","task_description":"Webscrabed articles and ingresses from the Norwegian lexicon 'Det Store Norske Leksikon'.","task_version":"0.0.1","time_of_run":"2024-02-09T15:00:52.074077","scores":{"nb":{"ndcg_at_1":0.19308,"ndcg_at_3":0.24533,"ndcg_at_5":0.26261,"ndcg_at_10":0.28117,"ndcg_at_100":0.33523,"ndcg_at_1000":0.37679,"map_at_1":0.19308,"map_at_3":0.23231,"map_at_5":0.242,"map_at_10":0.2496,"map_at_100":0.25889,"map_at_1000":0.26026,"recall_at_1":0.19308,"recall_at_3":0.28308,"recall_at_5":0.32462,"recall_at_10":0.38231,"recall_at_100":0.65615,"recall_at_1000":0.99308,"precision_at_1":0.19308,"precision_at_3":0.09436,"precision_at_5":0.06492,"precision_at_10":0.03823,"precision_at_100":0.00656,"precision_at_1000":0.00099,"mrr_at_1":0.19308,"mrr_at_3":0.23231,"mrr_at_5":0.242,"mrr_at_10":0.2496,"mrr_at_100":0.25889,"mrr_at_1000":0.26026}},"main_score":"ndcg_at_10"}