{"task_name":"SwednRetrieval","task_description":"News Article Summary Semantic Similarity Estimation.","task_version":"0.0.1","time_of_run":"2024-02-09T15:28:48.896586","scores":{"sv":{"ndcg_at_1":0.24219,"ndcg_at_3":0.18451,"ndcg_at_5":0.19827,"ndcg_at_10":0.21151,"ndcg_at_100":0.25199,"ndcg_at_1000":0.31906,"map_at_1":0.12109,"map_at_3":0.14453,"map_at_5":0.15105,"map_at_10":0.15573,"map_at_100":0.16208,"map_at_1000":0.16423,"recall_at_1":0.12109,"recall_at_3":0.17139,"recall_at_5":0.19873,"recall_at_10":0.23242,"recall_at_100":0.40088,"recall_at_1000":0.87451,"precision_at_1":0.24219,"precision_at_3":0.11426,"precision_at_5":0.07949,"precision_at_10":0.04648,"precision_at_100":0.00802,"precision_at_1000":0.00175,"mrr_at_1":0.24219,"mrr_at_3":0.28385,"mrr_at_5":0.29562,"mrr_at_10":0.30386,"mrr_at_100":0.31348,"mrr_at_1000":0.31465}},"main_score":"ndcg_at_10"}