{"task_name":"SweFAQ","task_description":"A Swedish QA dataset derived from FAQ","task_version":"0.0.1","time_of_run":"2024-02-09T15:19:54.042091","scores":{"sv":{"ndcg_at_1":0.1501,"ndcg_at_3":0.22315,"ndcg_at_5":0.2463,"ndcg_at_10":0.28099,"ndcg_at_100":0.35724,"ndcg_at_1000":0.3814,"map_at_1":0.1501,"map_at_3":0.20468,"map_at_5":0.21745,"map_at_10":0.23178,"map_at_100":0.24558,"map_at_1000":0.24663,"recall_at_1":0.1501,"recall_at_3":0.2768,"recall_at_5":0.33333,"recall_at_10":0.44055,"recall_at_100":0.81871,"recall_at_1000":1.0,"precision_at_1":0.1501,"precision_at_3":0.09227,"precision_at_5":0.06667,"precision_at_10":0.04405,"precision_at_100":0.00819,"precision_at_1000":0.001,"mrr_at_1":0.1501,"mrr_at_3":0.20468,"mrr_at_5":0.21745,"mrr_at_10":0.23178,"mrr_at_100":0.24558,"mrr_at_1000":0.24663}},"main_score":"ndcg_at_10"}