{"task_name":"TV2Nord Retrieval","task_description":"News Article and corresponding summaries extracted from the Danish newspaper TV2 Nord.","task_version":"1.1.1","time_of_run":"2024-02-09T13:38:11.046292","scores":{"da":{"ndcg_at_1":0.29541,"ndcg_at_3":0.36008,"ndcg_at_5":0.38623,"ndcg_at_10":0.41018,"ndcg_at_100":0.46655,"ndcg_at_1000":0.48657,"map_at_1":0.29541,"map_at_3":0.34383,"map_at_5":0.35824,"map_at_10":0.36818,"map_at_100":0.37872,"map_at_1000":0.37943,"recall_at_1":0.29541,"recall_at_3":0.40723,"recall_at_5":0.47119,"recall_at_10":0.54492,"recall_at_100":0.81982,"recall_at_1000":0.97998,"precision_at_1":0.29541,"precision_at_3":0.13574,"precision_at_5":0.09424,"precision_at_10":0.05449,"precision_at_100":0.0082,"precision_at_1000":0.00098,"mrr_at_1":0.29541,"mrr_at_3":0.34383,"mrr_at_5":0.35824,"mrr_at_10":0.36818,"mrr_at_100":0.37872,"mrr_at_1000":0.37943}},"main_score":"ndcg_at_10"}