{"task_name":"Twitterhjerne","task_description":"Danish question asked on Twitter with the Hashtag #Twitterhjerne ('Twitter brain') and their corresponding answer.","task_version":"1.1.1","time_of_run":"2024-02-09T13:38:48.598665","scores":{"da":{"ndcg_at_1":0.08974,"ndcg_at_3":0.06068,"ndcg_at_5":0.06123,"ndcg_at_10":0.34308,"ndcg_at_100":0.50048,"ndcg_at_1000":0.50994,"map_at_1":0.02564,"map_at_3":0.0406,"map_at_5":0.04589,"map_at_10":0.11061,"map_at_100":0.13066,"map_at_1000":0.13165,"recall_at_1":0.02564,"recall_at_3":0.04594,"recall_at_5":0.05556,"recall_at_10":0.48718,"recall_at_100":0.95299,"recall_at_1000":1.0,"precision_at_1":0.08974,"precision_at_3":0.05128,"precision_at_5":0.03846,"precision_at_10":0.02692,"precision_at_100":0.00462,"precision_at_1000":0.00062,"mrr_at_1":0.42308,"mrr_at_3":0.4765,"mrr_at_5":0.49509,"mrr_at_10":0.50949,"mrr_at_100":0.51902,"mrr_at_1000":0.51902}},"main_score":"ndcg_at_10"}