{"task_name":"Bornholm Parallel","task_description":"Danish Bornholmsk Parallel Corpus. Bornholmsk is a Danish dialect spoken on the island of Bornholm, Denmark. Historically it is a part of east Danish which was also spoken in Scania and Halland, Sweden.","task_version":"1.1.1.dev0","time_of_run":"2023-11-15T15:49:36.527514","scores":{"da":{"precision":0.32936800976800973,"recall":0.44,"f1":0.35662395382395384,"accuracy":0.44,"main_score":0.35662395382395384},"da-bornholm":{"precision":0.32936800976800973,"recall":0.44,"f1":0.35662395382395384,"accuracy":0.44,"main_score":0.35662395382395384}},"main_score":"f1"}