{"task_name":"DanFEVER","task_description":"A Danish dataset intended for misinformation research. It follows the same format as the English FEVER dataset.","task_version":"1.1.1","time_of_run":"2024-01-29T21:39:41.852752","scores":{"da":{"ndcg_at_1":0.32371,"ndcg_at_3":0.39979,"ndcg_at_5":0.40674,"ndcg_at_10":0.40992,"ndcg_at_100":0.4115,"ndcg_at_1000":0.41152,"map_at_1":0.32355,"map_at_3":0.38216,"map_at_5":0.38607,"map_at_10":0.38743,"map_at_100":0.38783,"map_at_1000":0.38783,"recall_at_1":0.32355,"recall_at_3":0.45026,"recall_at_5":0.46697,"recall_at_10":0.47654,"recall_at_100":0.48313,"recall_at_1000":0.48329,"precision_at_1":0.32371,"precision_at_3":0.15022,"precision_at_5":0.09349,"precision_at_10":0.0477,"precision_at_100":0.00484,"precision_at_1000":0.00048,"mrr_at_1":0.32371,"mrr_at_3":0.38224,"mrr_at_5":0.38611,"mrr_at_10":0.38748,"mrr_at_100":0.38788,"mrr_at_1000":0.38788}},"main_score":"ndcg_at_10"}