{"task_name":"Language Identification","task_description":"A dataset for Nordic language identification.","task_version":"1.1.1.dev0","time_of_run":"2023-11-15T15:57:45.658096","scores":{"da":{"accuracy":0.7872333333333332,"f1":0.7806507474390829,"accuracy_stderr":0.0072419303749453184,"f1_stderr":0.007780108614777823,"main_score":0.7872333333333332},"sv":{"accuracy":0.7872333333333332,"f1":0.7806507474390829,"accuracy_stderr":0.0072419303749453184,"f1_stderr":0.007780108614777823,"main_score":0.7872333333333332},"nb":{"accuracy":0.7872333333333332,"f1":0.7806507474390829,"accuracy_stderr":0.0072419303749453184,"f1_stderr":0.007780108614777823,"main_score":0.7872333333333332},"nn":{"accuracy":0.7872333333333332,"f1":0.7806507474390829,"accuracy_stderr":0.0072419303749453184,"f1_stderr":0.007780108614777823,"main_score":0.7872333333333332},"is":{"accuracy":0.7872333333333332,"f1":0.7806507474390829,"accuracy_stderr":0.0072419303749453184,"f1_stderr":0.007780108614777823,"main_score":0.7872333333333332},"fo":{"accuracy":0.7872333333333332,"f1":0.7806507474390829,"accuracy_stderr":0.0072419303749453184,"f1_stderr":0.007780108614777823,"main_score":0.7872333333333332}},"main_score":"accuracy"}