{"task_name":"Language Identification","task_description":"A dataset for Nordic language identification.","task_version":"1.1.1","time_of_run":"2024-01-29T21:56:50.131119","scores":{"da":{"accuracy":0.7872999999999999,"f1":0.7807310703554806,"accuracy_stderr":0.007436322269031185,"f1_stderr":0.008013619126321484,"main_score":0.7872999999999999},"sv":{"accuracy":0.7872999999999999,"f1":0.7807310703554806,"accuracy_stderr":0.007436322269031185,"f1_stderr":0.008013619126321484,"main_score":0.7872999999999999},"nb":{"accuracy":0.7872999999999999,"f1":0.7807310703554806,"accuracy_stderr":0.007436322269031185,"f1_stderr":0.008013619126321484,"main_score":0.7872999999999999},"nn":{"accuracy":0.7872999999999999,"f1":0.7807310703554806,"accuracy_stderr":0.007436322269031185,"f1_stderr":0.008013619126321484,"main_score":0.7872999999999999},"is":{"accuracy":0.7872999999999999,"f1":0.7807310703554806,"accuracy_stderr":0.007436322269031185,"f1_stderr":0.008013619126321484,"main_score":0.7872999999999999},"fo":{"accuracy":0.7872999999999999,"f1":0.7807310703554806,"accuracy_stderr":0.007436322269031185,"f1_stderr":0.008013619126321484,"main_score":0.7872999999999999}},"main_score":"accuracy"}