{"task_name":"Massive Scenario","task_description":"MASSIVE: A 1M-Example Multilingual Natural Language Understanding Dataset with 51 Typologically-Diverse Languages","task_version":"1.1.1","time_of_run":"2024-01-29T21:51:00.844991","scores":{"da":{"accuracy":0.7438466711499665,"f1":0.7367010148397701,"accuracy_stderr":0.009188604510531393,"f1_stderr":0.009738023717667032,"main_score":0.7438466711499665},"nb":{"accuracy":0.7383994620040351,"f1":0.7322975583371583,"accuracy_stderr":0.010737830386814317,"f1_stderr":0.009634817583636929,"main_score":0.7383994620040351},"sv":{"accuracy":0.7573974445191661,"f1":0.7516887876809344,"accuracy_stderr":0.011940573577016507,"f1_stderr":0.011593668685585862,"main_score":0.7573974445191661}},"main_score":"accuracy"}