{"task_name":"Massive Intent","task_description":"MASSIVE: A 1M-Example Multilingual Natural Language Understanding Dataset with 51 Typologically-Diverse Languages","task_version":"1.1.1.dev0","time_of_run":"2023-11-15T15:53:09.380602","scores":{"da":{"accuracy":0.6654673839946199,"f1":0.637776757848086,"accuracy_stderr":0.013775850305668075,"f1_stderr":0.013697069516200004,"main_score":0.6654673839946199},"nb":{"accuracy":0.6719233355749832,"f1":0.6446330966343174,"accuracy_stderr":0.014987021986641317,"f1_stderr":0.015961831197456297,"main_score":0.6719233355749832},"sv":{"accuracy":0.6960659045057163,"f1":0.6766171113444953,"accuracy_stderr":0.018051479607875766,"f1_stderr":0.015799973996323373,"main_score":0.6960659045057163}},"main_score":"accuracy"}