{"task_name":"Massive Scenario","task_description":"MASSIVE: A 1M-Example Multilingual Natural Language Understanding Dataset with 51 Typologically-Diverse Languages","task_version":"1.1.1.dev0","time_of_run":"2023-11-15T15:55:22.745539","scores":{"da":{"accuracy":0.7438466711499665,"f1":0.7366895282457374,"accuracy_stderr":0.009173827073322146,"f1_stderr":0.009689167533545422,"main_score":0.7438466711499665},"nb":{"accuracy":0.7384330867518494,"f1":0.7322937369822327,"accuracy_stderr":0.010778239699265587,"f1_stderr":0.009692505530198426,"main_score":0.7384330867518494},"sv":{"accuracy":0.7574310692669805,"f1":0.7517381645229646,"accuracy_stderr":0.012045171284048639,"f1_stderr":0.01166614751961022,"main_score":0.7574310692669805}},"main_score":"accuracy"}