{"task_name":"Massive Intent","task_description":"MASSIVE: A 1M-Example Multilingual Natural Language Understanding Dataset with 51 Typologically-Diverse Languages","task_version":"1.1.1","time_of_run":"2024-01-29T21:47:11.691906","scores":{"da":{"accuracy":0.66546738399462,"f1":0.6378298858709325,"accuracy_stderr":0.013841352878570277,"f1_stderr":0.013702280116274937,"main_score":0.66546738399462},"nb":{"accuracy":0.6719905850706119,"f1":0.6447554718439499,"accuracy_stderr":0.01489105659153024,"f1_stderr":0.015814438893320404,"main_score":0.6719905850706119},"sv":{"accuracy":0.696133154001345,"f1":0.6767137396112719,"accuracy_stderr":0.01812685798242314,"f1_stderr":0.015807351048736516,"main_score":0.696133154001345}},"main_score":"accuracy"}