{"task_name":"NorQuad","task_description":"Human-created question for Norwegian wikipedia passages.","task_version":"0.0.1","time_of_run":"2024-01-29T22:03:59.089042","scores":{"nb":{"ndcg_at_1":0.76465,"ndcg_at_3":0.56245,"ndcg_at_5":0.58664,"ndcg_at_10":0.6089,"ndcg_at_100":0.65471,"ndcg_at_1000":0.68244,"map_at_1":0.38232,"map_at_3":0.47396,"map_at_5":0.49173,"map_at_10":0.50418,"map_at_100":0.5171,"map_at_1000":0.51862,"recall_at_1":0.38232,"recall_at_3":0.51172,"recall_at_5":0.55957,"recall_at_10":0.61523,"recall_at_100":0.79883,"recall_at_1000":0.98096,"precision_at_1":0.76465,"precision_at_3":0.34115,"precision_at_5":0.22383,"precision_at_10":0.12305,"precision_at_100":0.01598,"precision_at_1000":0.00196,"mrr_at_1":0.76465,"mrr_at_3":0.81315,"mrr_at_5":0.82145,"mrr_at_10":0.82687,"mrr_at_100":0.82873,"mrr_at_1000":0.82879}},"main_score":"ndcg_at_10"}