{"task_name":"Norwegian courts","task_description":"Nynorsk and Bokmål parallel corpus from Norwegian courts. Norway has two standardised written languages. Bokmål is a variant closer to Danish, while Nynorsk was created to resemble regional dialects of Norwegian.","task_version":"1.1.1","time_of_run":"2024-01-29T21:59:22.601731","scores":{"nb":{"precision":0.9221491228070176,"recall":0.9429824561403509,"f1":0.9286549707602338,"accuracy":0.9429824561403509,"main_score":0.9286549707602338},"nn":{"precision":0.9221491228070176,"recall":0.9429824561403509,"f1":0.9286549707602338,"accuracy":0.9429824561403509,"main_score":0.9286549707602338}},"main_score":"f1"}