{"task_name":"ScaLA","task_description":"A linguistic acceptability task for Danish, Norwegian Bokmål Norwegian Nynorsk and Swedish.","task_version":"1.1.1.dev0","time_of_run":"2023-11-15T15:56:53.574324","scores":{"da":{"accuracy":0.508349609375,"f1":0.5056089560837547,"ap":0.504270609280779,"accuracy_stderr":0.005552039093165773,"f1_stderr":0.0061853850329536605,"ap_stderr":0.002852190710808234,"main_score":0.508349609375},"nb":{"accuracy":0.5068359375,"f1":0.5028082737136484,"ap":0.5035329742210839,"accuracy_stderr":0.007542325435410011,"f1_stderr":0.00918042108637033,"ap_stderr":0.003932270904497431,"main_score":0.5068359375},"sv":{"accuracy":0.5068359375,"f1":0.5043076304129289,"ap":0.5035176962385777,"accuracy_stderr":0.007069125418302288,"f1_stderr":0.008946547886637759,"ap_stderr":0.003617227768456735,"main_score":0.5068359375},"nn":{"accuracy":0.5056640625,"f1":0.5036120708948217,"ap":0.5029426709291045,"accuracy_stderr":0.00923148617038787,"f1_stderr":0.008517687177028652,"ap_stderr":0.004577040920590477,"main_score":0.5056640625}},"main_score":"accuracy"}