{"task_name":"ScaLA","task_description":"A linguistic acceptability task for Danish, Norwegian Bokmål Norwegian Nynorsk and Swedish.","task_version":"1.1.1","time_of_run":"2024-01-29T21:54:30.574556","scores":{"da":{"accuracy":0.508349609375,"f1":0.5056089560837547,"ap":0.5042839093099519,"accuracy_stderr":0.005552039093165773,"f1_stderr":0.0061853850329536605,"ap_stderr":0.0028659895108020046,"main_score":0.508349609375},"nb":{"accuracy":0.5068359375,"f1":0.5028082737136484,"ap":0.5035164939955958,"accuracy_stderr":0.007542325435410011,"f1_stderr":0.00918042108637033,"ap_stderr":0.003918340824467266,"main_score":0.5068359375},"sv":{"accuracy":0.5068359375,"f1":0.5043076304129289,"ap":0.5035133675940807,"accuracy_stderr":0.007069125418302288,"f1_stderr":0.008946547886637759,"ap_stderr":0.003609179554143472,"main_score":0.5068359375},"nn":{"accuracy":0.5056640625,"f1":0.5036120708948217,"ap":0.5029614324882571,"accuracy_stderr":0.00923148617038787,"f1_stderr":0.008517687177028652,"ap_stderr":0.0045956192723752235,"main_score":0.5056640625}},"main_score":"accuracy"}