{"task_name":"SNL Retrieval","task_description":"Webscrabed articles and ingresses from the Norwegian lexicon 'Det Store Norske Leksikon'.","task_version":"0.0.1","time_of_run":"2024-01-29T22:03:20.06308","scores":{"nb":{"ndcg_at_1":0.93231,"ndcg_at_3":0.95363,"ndcg_at_5":0.95591,"ndcg_at_10":0.95769,"ndcg_at_100":0.96057,"ndcg_at_1000":0.96152,"map_at_1":0.93231,"map_at_3":0.94872,"map_at_5":0.95003,"map_at_10":0.95078,"map_at_100":0.95134,"map_at_1000":0.95137,"recall_at_1":0.93231,"recall_at_3":0.96769,"recall_at_5":0.97308,"recall_at_10":0.97846,"recall_at_100":0.99231,"recall_at_1000":1.0,"precision_at_1":0.93231,"precision_at_3":0.32256,"precision_at_5":0.19462,"precision_at_10":0.09785,"precision_at_100":0.00992,"precision_at_1000":0.001,"mrr_at_1":0.93231,"mrr_at_3":0.94872,"mrr_at_5":0.95003,"mrr_at_10":0.95078,"mrr_at_100":0.95134,"mrr_at_1000":0.95137}},"main_score":"ndcg_at_10"}