{"task_name":"SwednRetrieval","task_description":"News Article Summary Semantic Similarity Estimation.","task_version":"0.0.1","time_of_run":"2024-01-29T22:06:09.006721","scores":{"sv":{"ndcg_at_1":0.77832,"ndcg_at_3":0.74918,"ndcg_at_5":0.78021,"ndcg_at_10":0.80049,"ndcg_at_100":0.82437,"ndcg_at_1000":0.83073,"map_at_1":0.38916,"map_at_3":0.70947,"map_at_5":0.73501,"map_at_10":0.74696,"map_at_100":0.75396,"map_at_1000":0.75429,"recall_at_1":0.38916,"recall_at_3":0.75342,"recall_at_5":0.81396,"recall_at_10":0.86475,"recall_at_100":0.95557,"recall_at_1000":0.99658,"precision_at_1":0.77832,"precision_at_3":0.50228,"precision_at_5":0.32559,"precision_at_10":0.17295,"precision_at_100":0.01911,"precision_at_1000":0.00199,"mrr_at_1":0.77832,"mrr_at_3":0.8252,"mrr_at_5":0.83115,"mrr_at_10":0.83483,"mrr_at_100":0.83688,"mrr_at_1000":0.837}},"main_score":"ndcg_at_10"}