{"task_name":"SweFAQ","task_description":"A Swedish QA dataset derived from FAQ","task_version":"0.0.1","time_of_run":"2024-01-29T22:05:23.14558","scores":{"sv":{"ndcg_at_1":0.63938,"ndcg_at_3":0.73749,"ndcg_at_5":0.75713,"ndcg_at_10":0.77736,"ndcg_at_100":0.79439,"ndcg_at_1000":0.79552,"map_at_1":0.63938,"map_at_3":0.71345,"map_at_5":0.72456,"map_at_10":0.73295,"map_at_100":0.73679,"map_at_1000":0.73686,"recall_at_1":0.63938,"recall_at_3":0.80702,"recall_at_5":0.8538,"recall_at_10":0.91618,"recall_at_100":0.9922,"recall_at_1000":1.0,"precision_at_1":0.63938,"precision_at_3":0.26901,"precision_at_5":0.17076,"precision_at_10":0.09162,"precision_at_100":0.00992,"precision_at_1000":0.001,"mrr_at_1":0.63938,"mrr_at_3":0.71345,"mrr_at_5":0.72456,"mrr_at_10":0.73295,"mrr_at_100":0.73679,"mrr_at_1000":0.73686}},"main_score":"ndcg_at_10"}