{"task_name":"SweFAQ","task_description":"A Swedish QA dataset derived from FAQ","task_version":"0.0.1","time_of_run":"2023-11-15T15:59:20.656254","scores":{"sv":{"ndcg_at_1":0.5809,"ndcg_at_3":0.71038,"ndcg_at_5":0.7374,"ndcg_at_10":0.75234,"ndcg_at_100":0.76935,"ndcg_at_1000":0.77073,"map_at_1":0.5809,"map_at_3":0.67836,"map_at_5":0.69366,"map_at_10":0.69972,"map_at_100":0.70353,"map_at_1000":0.70361,"recall_at_1":0.5809,"recall_at_3":0.80312,"recall_at_5":0.86745,"recall_at_10":0.91423,"recall_at_100":0.99025,"recall_at_1000":1.0,"precision_at_1":0.5809,"precision_at_3":0.26771,"precision_at_5":0.17349,"precision_at_10":0.09142,"precision_at_100":0.0099,"precision_at_1000":0.001,"mrr_at_1":0.5809,"mrr_at_3":0.67836,"mrr_at_5":0.69366,"mrr_at_10":0.69972,"mrr_at_100":0.70353,"mrr_at_1000":0.70361}},"main_score":"ndcg_at_10"}