{"task_name":"TV2Nord Retrieval","task_description":"News Article and corresponding summaries extracted from the Danish newspaper TV2 Nord.","task_version":"1.1.1","time_of_run":"2024-01-29T21:41:10.48029","scores":{"da":{"ndcg_at_1":0.91553,"ndcg_at_3":0.94408,"ndcg_at_5":0.94931,"ndcg_at_10":0.95363,"ndcg_at_100":0.95579,"ndcg_at_1000":0.95604,"map_at_1":0.91553,"map_at_3":0.93766,"map_at_5":0.94057,"map_at_10":0.94239,"map_at_100":0.94285,"map_at_1000":0.94286,"recall_at_1":0.91553,"recall_at_3":0.9624,"recall_at_5":0.9751,"recall_at_10":0.98828,"recall_at_100":0.99805,"recall_at_1000":1.0,"precision_at_1":0.91553,"precision_at_3":0.3208,"precision_at_5":0.19502,"precision_at_10":0.09883,"precision_at_100":0.00998,"precision_at_1000":0.001,"mrr_at_1":0.91553,"mrr_at_3":0.93766,"mrr_at_5":0.94057,"mrr_at_10":0.94239,"mrr_at_100":0.94285,"mrr_at_1000":0.94286}},"main_score":"ndcg_at_10"}