{"task_name":"Twitterhjerne","task_description":"Danish question asked on Twitter with the Hashtag #Twitterhjerne ('Twitter brain') and their corresponding answer.","task_version":"1.1.1","time_of_run":"2024-01-29T21:41:21.082719","scores":{"da":{"ndcg_at_1":0.79487,"ndcg_at_3":0.68556,"ndcg_at_5":0.70808,"ndcg_at_10":0.75762,"ndcg_at_100":0.80967,"ndcg_at_1000":0.81134,"map_at_1":0.25449,"map_at_3":0.51353,"map_at_5":0.62253,"map_at_10":0.66591,"map_at_100":0.68912,"map_at_1000":0.68929,"recall_at_1":0.25449,"recall_at_3":0.53739,"recall_at_5":0.69701,"recall_at_10":0.81282,"recall_at_100":0.97863,"recall_at_1000":0.98718,"precision_at_1":0.79487,"precision_at_3":0.60256,"precision_at_5":0.48205,"precision_at_10":0.27949,"precision_at_100":0.03333,"precision_at_1000":0.00336,"mrr_at_1":0.79487,"mrr_at_3":0.83761,"mrr_at_5":0.84594,"mrr_at_10":0.85279,"mrr_at_100":0.85355,"mrr_at_1000":0.85355}},"main_score":"ndcg_at_10"}