{"task_name":"DanFEVER","task_description":"A Danish dataset intended for misinformation research. It follows the same format as the English FEVER dataset.","task_version":"1.1.1","time_of_run":"2024-02-06T12:22:43.055384","scores":{"da":{"ndcg_at_1":0.19253,"ndcg_at_3":0.22489,"ndcg_at_5":0.23277,"ndcg_at_10":0.24168,"ndcg_at_100":0.26209,"ndcg_at_1000":0.27202,"map_at_1":0.19253,"map_at_3":0.21722,"map_at_5":0.22159,"map_at_10":0.22522,"map_at_100":0.22878,"map_at_1000":0.22914,"recall_at_1":0.19253,"recall_at_3":0.24698,"recall_at_5":0.26612,"recall_at_10":0.2939,"recall_at_100":0.39644,"recall_at_1000":0.47568,"precision_at_1":0.19253,"precision_at_3":0.08233,"precision_at_5":0.05322,"precision_at_10":0.02939,"precision_at_100":0.00397,"precision_at_1000":0.00048,"mrr_at_1":0.19253,"mrr_at_3":0.21722,"mrr_at_5":0.22159,"mrr_at_10":0.22522,"mrr_at_100":0.22879,"mrr_at_1000":0.22914}},"main_score":"ndcg_at_10"}