{"task_name":"Language Identification","task_description":"A dataset for Nordic language identification.","task_version":"1.1.1","time_of_run":"2024-02-06T12:56:09.496511","scores":{"da":{"accuracy":0.46626666666666666,"f1":0.44771861545457475,"accuracy_stderr":0.012030332035687506,"f1_stderr":0.016963477761452003,"main_score":0.46626666666666666},"sv":{"accuracy":0.46626666666666666,"f1":0.44771861545457475,"accuracy_stderr":0.012030332035687506,"f1_stderr":0.016963477761452003,"main_score":0.46626666666666666},"nb":{"accuracy":0.46626666666666666,"f1":0.44771861545457475,"accuracy_stderr":0.012030332035687506,"f1_stderr":0.016963477761452003,"main_score":0.46626666666666666},"nn":{"accuracy":0.46626666666666666,"f1":0.44771861545457475,"accuracy_stderr":0.012030332035687506,"f1_stderr":0.016963477761452003,"main_score":0.46626666666666666},"is":{"accuracy":0.46626666666666666,"f1":0.44771861545457475,"accuracy_stderr":0.012030332035687506,"f1_stderr":0.016963477761452003,"main_score":0.46626666666666666},"fo":{"accuracy":0.46626666666666666,"f1":0.44771861545457475,"accuracy_stderr":0.012030332035687506,"f1_stderr":0.016963477761452003,"main_score":0.46626666666666666}},"main_score":"accuracy"}