{"task_name":"Massive Intent","task_description":"MASSIVE: A 1M-Example Multilingual Natural Language Understanding Dataset with 51 Typologically-Diverse Languages","task_version":"1.1.1","time_of_run":"2024-02-06T12:35:24.577682","scores":{"da":{"accuracy":0.5555480833893746,"f1":0.5284120572778492,"accuracy_stderr":0.015421850466044745,"f1_stderr":0.009994939264145613,"main_score":0.5555480833893746},"nb":{"accuracy":0.5447209145931405,"f1":0.5243954360807268,"accuracy_stderr":0.014515613191241795,"f1_stderr":0.01492930026562576,"main_score":0.5447209145931405},"sv":{"accuracy":0.5454270342972427,"f1":0.514006863037079,"accuracy_stderr":0.016491524857694145,"f1_stderr":0.012958066844970926,"main_score":0.5454270342972427}},"main_score":"accuracy"}