{"task_name":"Massive Scenario","task_description":"MASSIVE: A 1M-Example Multilingual Natural Language Understanding Dataset with 51 Typologically-Diverse Languages","task_version":"1.1.1","time_of_run":"2024-02-06T12:41:27.227249","scores":{"da":{"accuracy":0.6298251513113653,"f1":0.6181962359822365,"accuracy_stderr":0.022603960053256895,"f1_stderr":0.018562862736360885,"main_score":0.6298251513113653},"nb":{"accuracy":0.6221250840618695,"f1":0.6135479578888746,"accuracy_stderr":0.027533638658030456,"f1_stderr":0.023901383650081473,"main_score":0.6221250840618695},"sv":{"accuracy":0.6299596503026227,"f1":0.614029727732946,"accuracy_stderr":0.019362279002013556,"f1_stderr":0.01713349232253477,"main_score":0.6299596503026227}},"main_score":"accuracy"}