{"task_name":"NorQuad","task_description":"Human-created question for Norwegian wikipedia passages.","task_version":"0.0.1","time_of_run":"2024-02-09T11:59:25.769357","scores":{"nb":{"ndcg_at_1":0.07129,"ndcg_at_3":0.05683,"ndcg_at_5":0.06342,"ndcg_at_10":0.07286,"ndcg_at_100":0.11396,"ndcg_at_1000":0.18262,"map_at_1":0.03564,"map_at_3":0.04378,"map_at_5":0.04686,"map_at_10":0.05001,"map_at_100":0.05544,"map_at_1000":0.05743,"recall_at_1":0.03564,"recall_at_3":0.05371,"recall_at_5":0.06689,"recall_at_10":0.09082,"recall_at_100":0.2666,"recall_at_1000":0.74658,"precision_at_1":0.07129,"precision_at_3":0.03581,"precision_at_5":0.02676,"precision_at_10":0.01816,"precision_at_100":0.00533,"precision_at_1000":0.00149,"mrr_at_1":0.07129,"mrr_at_3":0.08757,"mrr_at_5":0.09323,"mrr_at_10":0.09953,"mrr_at_100":0.10977,"mrr_at_1000":0.11169}},"main_score":"ndcg_at_10"}