{"task_name":"ScaLA","task_description":"A linguistic acceptability task for Danish, Norwegian Bokmål Norwegian Nynorsk and Swedish.","task_version":"1.1.1","time_of_run":"2024-02-06T12:51:40.022843","scores":{"da":{"accuracy":0.5068359375,"f1":0.5038855675524828,"ap":0.5034817377176812,"accuracy_stderr":0.004813967790572749,"f1_stderr":0.00605463176030832,"ap_stderr":0.0024834283926278454,"main_score":0.5068359375},"nb":{"accuracy":0.507373046875,"f1":0.5015009381421695,"ap":0.5037944634908645,"accuracy_stderr":0.006072970442972755,"f1_stderr":0.007898122211372672,"ap_stderr":0.0032016155801888667,"main_score":0.507373046875},"sv":{"accuracy":0.50361328125,"f1":0.4971987735169524,"ap":0.5018703646042493,"accuracy_stderr":0.0061422598412173394,"f1_stderr":0.011003668237774279,"ap_stderr":0.0031162108756278,"main_score":0.50361328125},"nn":{"accuracy":0.502734375,"f1":0.49859863230306845,"ap":0.5013991288348048,"accuracy_stderr":0.004994809317400165,"f1_stderr":0.006654980108361048,"ap_stderr":0.002509015784009356,"main_score":0.502734375}},"main_score":"accuracy"}