{"task_name":"SNL Retrieval","task_description":"Webscrabed articles and ingresses from the Norwegian lexicon 'Det Store Norske Leksikon'.","task_version":"0.0.1","time_of_run":"2024-02-09T11:57:49.421272","scores":{"nb":{"ndcg_at_1":0.18308,"ndcg_at_3":0.24192,"ndcg_at_5":0.26599,"ndcg_at_10":0.28697,"ndcg_at_100":0.35354,"ndcg_at_1000":0.3857,"map_at_1":0.18308,"map_at_3":0.22744,"map_at_5":0.24078,"map_at_10":0.24921,"map_at_100":0.26102,"map_at_1000":0.26217,"recall_at_1":0.18308,"recall_at_3":0.28385,"recall_at_5":0.34231,"recall_at_10":0.40846,"recall_at_100":0.74154,"recall_at_1000":0.99692,"precision_at_1":0.18308,"precision_at_3":0.09462,"precision_at_5":0.06846,"precision_at_10":0.04085,"precision_at_100":0.00742,"precision_at_1000":0.001,"mrr_at_1":0.18308,"mrr_at_3":0.22744,"mrr_at_5":0.24078,"mrr_at_10":0.24921,"mrr_at_100":0.26102,"mrr_at_1000":0.26217}},"main_score":"ndcg_at_10"}