{"task_name":"SwednRetrieval","task_description":"News Article Summary Semantic Similarity Estimation.","task_version":"0.0.1","time_of_run":"2024-02-09T12:23:04.725930","scores":{"sv":{"ndcg_at_1":0.26953,"ndcg_at_3":0.20028,"ndcg_at_5":0.21476,"ndcg_at_10":0.22769,"ndcg_at_100":0.2712,"ndcg_at_1000":0.34454,"map_at_1":0.13477,"map_at_3":0.15763,"map_at_5":0.16454,"map_at_10":0.16898,"map_at_100":0.17609,"map_at_1000":0.17872,"recall_at_1":0.13477,"recall_at_3":0.18408,"recall_at_5":0.21289,"recall_at_10":0.24609,"recall_at_100":0.42529,"recall_at_1000":0.93457,"precision_at_1":0.26953,"precision_at_3":0.12272,"precision_at_5":0.08516,"precision_at_10":0.04922,"precision_at_100":0.00851,"precision_at_1000":0.00187,"mrr_at_1":0.26953,"mrr_at_3":0.30941,"mrr_at_5":0.32166,"mrr_at_10":0.32974,"mrr_at_100":0.34001,"mrr_at_1000":0.34118}},"main_score":"ndcg_at_10"}