{"task_name":"SweFAQ","task_description":"A Swedish QA dataset derived from FAQ","task_version":"0.0.1","time_of_run":"2024-02-06T13:04:34.869502","scores":{"sv":{"ndcg_at_1":0.15205,"ndcg_at_3":0.23545,"ndcg_at_5":0.26036,"ndcg_at_10":0.28883,"ndcg_at_100":0.36383,"ndcg_at_1000":0.38829,"map_at_1":0.15205,"map_at_3":0.21507,"map_at_5":0.22891,"map_at_10":0.24035,"map_at_100":0.25366,"map_at_1000":0.25477,"recall_at_1":0.15205,"recall_at_3":0.29435,"recall_at_5":0.35478,"recall_at_10":0.44444,"recall_at_100":0.81871,"recall_at_1000":1.0,"precision_at_1":0.15205,"precision_at_3":0.09812,"precision_at_5":0.07096,"precision_at_10":0.04444,"precision_at_100":0.00819,"precision_at_1000":0.001,"mrr_at_1":0.15205,"mrr_at_3":0.21507,"mrr_at_5":0.22891,"mrr_at_10":0.24035,"mrr_at_100":0.25366,"mrr_at_1000":0.25477}},"main_score":"ndcg_at_10"}