{"task_name":"TV2Nord Retrieval","task_description":"News Article and corresponding summaries extracted from the Danish newspaper TV2 Nord.","task_version":"1.1.1","time_of_run":"2024-02-09T11:07:59.720721","scores":{"da":{"ndcg_at_1":0.31836,"ndcg_at_3":0.39892,"ndcg_at_5":0.42628,"ndcg_at_10":0.45609,"ndcg_at_100":0.5152,"ndcg_at_1000":0.5274,"map_at_1":0.31836,"map_at_3":0.37858,"map_at_5":0.39364,"map_at_10":0.40602,"map_at_100":0.41764,"map_at_1000":0.41812,"recall_at_1":0.31836,"recall_at_3":0.45801,"recall_at_5":0.5249,"recall_at_10":0.6167,"recall_at_100":0.89893,"recall_at_1000":0.99365,"precision_at_1":0.31836,"precision_at_3":0.15267,"precision_at_5":0.10498,"precision_at_10":0.06167,"precision_at_100":0.00899,"precision_at_1000":0.00099,"mrr_at_1":0.31836,"mrr_at_3":0.37858,"mrr_at_5":0.39364,"mrr_at_10":0.40602,"mrr_at_100":0.41764,"mrr_at_1000":0.41812}},"main_score":"ndcg_at_10"}