{"task_name":"Twitterhjerne","task_description":"Danish question asked on Twitter with the Hashtag #Twitterhjerne ('Twitter brain') and their corresponding answer.","task_version":"1.1.1","time_of_run":"2024-02-06T12:25:47.518701","scores":{"da":{"ndcg_at_1":0.10256,"ndcg_at_3":0.0696,"ndcg_at_5":0.42113,"ndcg_at_10":0.42799,"ndcg_at_100":0.60055,"ndcg_at_1000":0.60599,"map_at_1":0.03205,"map_at_3":0.04719,"map_at_5":0.1568,"map_at_10":0.15977,"map_at_100":0.18657,"map_at_1000":0.18718,"recall_at_1":0.03205,"recall_at_3":0.05235,"recall_at_5":0.47543,"recall_at_10":0.49038,"recall_at_100":0.97329,"recall_at_1000":1.0,"precision_at_1":0.10256,"precision_at_3":0.05983,"precision_at_5":0.04615,"precision_at_10":0.02821,"precision_at_100":0.00526,"precision_at_1000":0.00062,"mrr_at_1":0.5,"mrr_at_3":0.53205,"mrr_at_5":0.56218,"mrr_at_10":0.57459,"mrr_at_100":0.58049,"mrr_at_1000":0.58058}},"main_score":"ndcg_at_10"}