{"task_name":"ScaLA","task_description":"A linguistic acceptability task for Danish, Norwegian Bokmål Norwegian Nynorsk and Swedish.","task_version":"1.1.1","time_of_run":"2024-02-17T14:16:48.189570","scores":{"da":{"accuracy":0.500341796875,"f1":0.49707836995043886,"ap":0.5002094933987072,"accuracy_stderr":0.00619193763738963,"f1_stderr":0.0056844458165261,"ap_stderr":0.003086975974967957,"main_score":0.500341796875},"nb":{"accuracy":0.501708984375,"f1":0.4975764910012903,"ap":0.5008866627584277,"accuracy_stderr":0.005376639537486631,"f1_stderr":0.0057738834379346465,"ap_stderr":0.0027086373278729326,"main_score":0.501708984375},"sv":{"accuracy":0.4994140625,"f1":0.49683291347295633,"ap":0.49972805126929065,"accuracy_stderr":0.004620905532937882,"f1_stderr":0.004218877367923389,"ap_stderr":0.002309284713600242,"main_score":0.4994140625},"nn":{"accuracy":0.500341796875,"f1":0.4961039513494653,"ap":0.5002008066815936,"accuracy_stderr":0.005393463714180493,"f1_stderr":0.007401911092391309,"ap_stderr":0.002724109383421351,"main_score":0.500341796875}},"main_score":"accuracy"}