{"task_name":"Bornholm Parallel","task_description":"Danish Bornholmsk Parallel Corpus. Bornholmsk is a Danish dialect spoken on the island of Bornholm, Denmark. Historically it is a part of east Danish which was also spoken in Scania and Halland, Sweden.","task_version":"1.1.1.dev0","time_of_run":"2023-09-25T13:57:22.744047","scores":{"da":{"precision":0.38812896825396825,"recall":0.486,"f1":0.4119671844495374,"accuracy":0.486,"main_score":0.4119671844495374},"da-bornholm":{"precision":0.38812896825396825,"recall":0.486,"f1":0.4119671844495374,"accuracy":0.486,"main_score":0.4119671844495374}},"main_score":"f1"}