{"task_name":"DanFEVER","task_description":"A Danish dataset intended for misinformation research. It follows the same format as the English FEVER dataset.","task_version":"1.1.1","time_of_run":"2024-01-29T22:10:33.440396","scores":{"da":{"ndcg_at_1":0.30331,"ndcg_at_3":0.37554,"ndcg_at_5":0.3833,"ndcg_at_10":0.3887,"ndcg_at_100":0.3931,"ndcg_at_1000":0.39353,"map_at_1":0.30315,"map_at_3":0.3582,"map_at_5":0.36257,"map_at_10":0.36487,"map_at_100":0.36586,"map_at_1000":0.36588,"recall_at_1":0.30315,"recall_at_3":0.42547,"recall_at_5":0.44406,"recall_at_10":0.46038,"recall_at_100":0.47999,"recall_at_1000":0.48329,"precision_at_1":0.30331,"precision_at_3":0.1419,"precision_at_5":0.08887,"precision_at_10":0.04609,"precision_at_100":0.0048,"precision_at_1000":0.00048,"mrr_at_1":0.30331,"mrr_at_3":0.35828,"mrr_at_5":0.36262,"mrr_at_10":0.36491,"mrr_at_100":0.3659,"mrr_at_1000":0.36592}},"main_score":"ndcg_at_10"}