{"task_name":"Language Identification","task_description":"A dataset for Nordic language identification.","task_version":"1.1.1.dev0","time_of_run":"2023-09-25T14:38:10.405058","scores":{"da":{"accuracy":0.6979666666666666,"f1":0.678327826645535,"accuracy_stderr":0.013505924625881795,"f1_stderr":0.020176751143484856,"main_score":0.6979666666666666},"sv":{"accuracy":0.6979666666666666,"f1":0.678327826645535,"accuracy_stderr":0.013505924625881795,"f1_stderr":0.020176751143484856,"main_score":0.6979666666666666},"nb":{"accuracy":0.6979666666666666,"f1":0.678327826645535,"accuracy_stderr":0.013505924625881795,"f1_stderr":0.020176751143484856,"main_score":0.6979666666666666},"nn":{"accuracy":0.6979666666666666,"f1":0.678327826645535,"accuracy_stderr":0.013505924625881795,"f1_stderr":0.020176751143484856,"main_score":0.6979666666666666},"is":{"accuracy":0.6979666666666666,"f1":0.678327826645535,"accuracy_stderr":0.013505924625881795,"f1_stderr":0.020176751143484856,"main_score":0.6979666666666666},"fo":{"accuracy":0.6979666666666666,"f1":0.678327826645535,"accuracy_stderr":0.013505924625881795,"f1_stderr":0.020176751143484856,"main_score":0.6979666666666666}},"main_score":"accuracy"}