{"task_name":"Massive Intent","task_description":"MASSIVE: A 1M-Example Multilingual Natural Language Understanding Dataset with 51 Typologically-Diverse Languages","task_version":"1.1.1.dev0","time_of_run":"2023-09-25T14:29:25.012835","scores":{"da":{"accuracy":0.6121721587088096,"f1":0.577040892283424,"accuracy_stderr":0.016140019053415677,"f1_stderr":0.015470824849175313,"main_score":0.6121721587088096},"nb":{"accuracy":0.6167451244115669,"f1":0.5726733728422938,"accuracy_stderr":0.015554708031324825,"f1_stderr":0.012798053555369936,"main_score":0.6167451244115669},"sv":{"accuracy":0.6248823133826497,"f1":0.5889053268742211,"accuracy_stderr":0.018948492650780892,"f1_stderr":0.02256084461506101,"main_score":0.6248823133826497}},"main_score":"accuracy"}