{"task_name":"Massive Scenario","task_description":"MASSIVE: A 1M-Example Multilingual Natural Language Understanding Dataset with 51 Typologically-Diverse Languages","task_version":"1.1.1.dev0","time_of_run":"2023-09-25T14:33:41.851913","scores":{"da":{"accuracy":0.6973772696704774,"f1":0.6873177613903919,"accuracy_stderr":0.010731510917672457,"f1_stderr":0.011862237531415644,"main_score":0.6973772696704774},"nb":{"accuracy":0.6894082044384667,"f1":0.6774224144029255,"accuracy_stderr":0.01205253745804449,"f1_stderr":0.011087076809301585,"main_score":0.6894082044384667},"sv":{"accuracy":0.6959986550100874,"f1":0.6856409803455563,"accuracy_stderr":0.013342247393978608,"f1_stderr":0.012806850519009748,"main_score":0.6959986550100874}},"main_score":"accuracy"}