{"task_name":"NorQuad","task_description":"Human-created question for Norwegian wikipedia passages.","task_version":"0.0.1","time_of_run":"2024-01-29T22:18:59.03405","scores":{"nb":{"ndcg_at_1":0.61133,"ndcg_at_3":0.46537,"ndcg_at_5":0.489,"ndcg_at_10":0.51283,"ndcg_at_100":0.56318,"ndcg_at_1000":0.59254,"map_at_1":0.30566,"map_at_3":0.38883,"map_at_5":0.4047,"map_at_10":0.41625,"map_at_100":0.42886,"map_at_1000":0.43028,"recall_at_1":0.30566,"recall_at_3":0.43018,"recall_at_5":0.47705,"recall_at_10":0.53711,"recall_at_100":0.73975,"recall_at_1000":0.93701,"precision_at_1":0.61133,"precision_at_3":0.28678,"precision_at_5":0.19082,"precision_at_10":0.10742,"precision_at_100":0.01479,"precision_at_1000":0.00187,"mrr_at_1":0.61133,"mrr_at_3":0.66992,"mrr_at_5":0.68086,"mrr_at_10":0.6899,"mrr_at_100":0.69463,"mrr_at_1000":0.69482}},"main_score":"ndcg_at_10"}