{"task_name":"ScaLA","task_description":"A linguistic acceptability task for Danish, Norwegian Bokmål Norwegian Nynorsk and Swedish.","task_version":"1.1.1.dev0","time_of_run":"2023-09-25T14:36:37.342832","scores":{"da":{"accuracy":0.5044921875,"f1":0.4979940070321585,"ap":0.5022811631258827,"accuracy_stderr":0.004532344291356364,"f1_stderr":0.006412155172784267,"ap_stderr":0.002296298420339464,"main_score":0.5044921875},"nb":{"accuracy":0.50322265625,"f1":0.49919133524792947,"ap":0.5016708668939369,"accuracy_stderr":0.0073702977594192216,"f1_stderr":0.008489857856462987,"ap_stderr":0.003701108868008933,"main_score":0.50322265625},"sv":{"accuracy":0.50068359375,"f1":0.4962123787313528,"ap":0.5003736548375419,"accuracy_stderr":0.005615022074791036,"f1_stderr":0.008823609598588298,"ap_stderr":0.002815574011291658,"main_score":0.50068359375},"nn":{"accuracy":0.500927734375,"f1":0.4998816306858206,"ap":0.5005224905843788,"accuracy_stderr":0.007634851564014916,"f1_stderr":0.008013784591981389,"ap_stderr":0.0038935528640665846,"main_score":0.500927734375}},"main_score":"accuracy"}