{"task_name":"SNL Retrieval","task_description":"Webscrabed articles and ingresses from the Norwegian lexicon 'Det Store Norske Leksikon'.","task_version":"0.0.1","time_of_run":"2024-01-29T22:17:48.566916","scores":{"nb":{"ndcg_at_1":0.88538,"ndcg_at_3":0.91833,"ndcg_at_5":0.92317,"ndcg_at_10":0.92754,"ndcg_at_100":0.93345,"ndcg_at_1000":0.93435,"map_at_1":0.88538,"map_at_3":0.91077,"map_at_5":0.9135,"map_at_10":0.91539,"map_at_100":0.9166,"map_at_1000":0.91664,"recall_at_1":0.88538,"recall_at_3":0.94,"recall_at_5":0.95154,"recall_at_10":0.96462,"recall_at_100":0.99231,"recall_at_1000":0.99923,"precision_at_1":0.88538,"precision_at_3":0.31333,"precision_at_5":0.19031,"precision_at_10":0.09646,"precision_at_100":0.00992,"precision_at_1000":0.001,"mrr_at_1":0.88538,"mrr_at_3":0.91077,"mrr_at_5":0.9135,"mrr_at_10":0.91539,"mrr_at_100":0.9166,"mrr_at_1000":0.91664}},"main_score":"ndcg_at_10"}