{"task_name":"SwednRetrieval","task_description":"News Article Summary Semantic Similarity Estimation.","task_version":"0.0.1","time_of_run":"2024-01-29T22:20:54.011338","scores":{"sv":{"ndcg_at_1":0.66699,"ndcg_at_3":0.64695,"ndcg_at_5":0.68888,"ndcg_at_10":0.7154,"ndcg_at_100":0.74884,"ndcg_at_1000":0.75765,"map_at_1":0.3335,"map_at_3":0.60018,"map_at_5":0.6335,"map_at_10":0.64901,"map_at_100":0.65842,"map_at_1000":0.65886,"recall_at_1":0.3335,"recall_at_3":0.65527,"recall_at_5":0.7373,"recall_at_10":0.80371,"recall_at_100":0.93213,"recall_at_1000":0.98975,"precision_at_1":0.66699,"precision_at_3":0.43685,"precision_at_5":0.29492,"precision_at_10":0.16074,"precision_at_100":0.01864,"precision_at_1000":0.00198,"mrr_at_1":0.66699,"mrr_at_3":0.73161,"mrr_at_5":0.74181,"mrr_at_10":0.74683,"mrr_at_100":0.7501,"mrr_at_1000":0.75023}},"main_score":"ndcg_at_10"}