{"task_name":"SweFAQ","task_description":"A Swedish QA dataset derived from FAQ","task_version":"0.0.1","time_of_run":"2023-09-25T15:25:37.299751","scores":{"sv":{"ndcg_at_1":0.5653,"ndcg_at_3":0.67766,"ndcg_at_5":0.70057,"ndcg_at_10":0.7226,"ndcg_at_100":0.74435,"ndcg_at_1000":0.74766,"map_at_1":0.5653,"map_at_3":0.65042,"map_at_5":0.66339,"map_at_10":0.67245,"map_at_100":0.67748,"map_at_1000":0.67761,"recall_at_1":0.5653,"recall_at_3":0.75634,"recall_at_5":0.81092,"recall_at_10":0.87914,"recall_at_100":0.97466,"recall_at_1000":1.0,"precision_at_1":0.5653,"precision_at_3":0.25211,"precision_at_5":0.16218,"precision_at_10":0.08791,"precision_at_100":0.00975,"precision_at_1000":0.001,"mrr_at_1":0.5653,"mrr_at_3":0.65042,"mrr_at_5":0.66339,"mrr_at_10":0.67245,"mrr_at_100":0.67748,"mrr_at_1000":0.67761}},"main_score":"ndcg_at_10"}