{"task_name":"TV2Nord Retrieval","task_description":"News Article and corresponding summaries extracted from the Danish newspaper TV2 Nord.","task_version":"1.1.1","time_of_run":"2024-01-29T22:12:49.756529","scores":{"da":{"ndcg_at_1":0.8291,"ndcg_at_3":0.87834,"ndcg_at_5":0.88851,"ndcg_at_10":0.89763,"ndcg_at_100":0.90356,"ndcg_at_1000":0.90446,"map_at_1":0.8291,"map_at_3":0.86662,"map_at_5":0.87233,"map_at_10":0.87616,"map_at_100":0.87733,"map_at_1000":0.87737,"recall_at_1":0.8291,"recall_at_3":0.91211,"recall_at_5":0.93652,"recall_at_10":0.96436,"recall_at_100":0.99268,"recall_at_1000":0.99951,"precision_at_1":0.8291,"precision_at_3":0.30404,"precision_at_5":0.1873,"precision_at_10":0.09644,"precision_at_100":0.00993,"precision_at_1000":0.001,"mrr_at_1":0.8291,"mrr_at_3":0.86662,"mrr_at_5":0.87233,"mrr_at_10":0.87616,"mrr_at_100":0.87733,"mrr_at_1000":0.87737}},"main_score":"ndcg_at_10"}