{"task_name":"Twitterhjerne","task_description":"Danish question asked on Twitter with the Hashtag #Twitterhjerne ('Twitter brain') and their corresponding answer.","task_version":"1.1.1","time_of_run":"2024-01-29T22:12:59.492482","scores":{"da":{"ndcg_at_1":0.66667,"ndcg_at_3":0.59131,"ndcg_at_5":0.58831,"ndcg_at_10":0.63045,"ndcg_at_100":0.70335,"ndcg_at_1000":0.7175,"map_at_1":0.21068,"map_at_3":0.42472,"map_at_5":0.48975,"map_at_10":0.53026,"map_at_100":0.55659,"map_at_1000":0.55796,"recall_at_1":0.21068,"recall_at_3":0.46709,"recall_at_5":0.57158,"recall_at_10":0.66432,"recall_at_100":0.90983,"recall_at_1000":0.98718,"precision_at_1":0.66667,"precision_at_3":0.52137,"precision_at_5":0.39487,"precision_at_10":0.23333,"precision_at_100":0.03141,"precision_at_1000":0.00336,"mrr_at_1":0.66667,"mrr_at_3":0.74359,"mrr_at_5":0.75513,"mrr_at_10":0.75855,"mrr_at_100":0.76059,"mrr_at_1000":0.76064}},"main_score":"ndcg_at_10"}