{"task_name":"Bornholm Parallel","task_description":"Danish Bornholmsk Parallel Corpus. Bornholmsk is a Danish dialect spoken on the island of Bornholm, Denmark. Historically it is a part of east Danish which was also spoken in Scania and Halland, Sweden.","task_version":"1.1.1","time_of_run":"2024-12-22T23:25:52.756270","scores":{"da":{"precision":0.41258975468975473,"recall":0.504,"f1":0.4357141858141858,"accuracy":0.504,"main_score":0.4357141858141858},"da-bornholm":{"precision":0.41258975468975473,"recall":0.504,"f1":0.4357141858141858,"accuracy":0.504,"main_score":0.4357141858141858}},"main_score":"f1"}