{"task_name":"DanFEVER","task_description":"A Danish dataset intended for misinformation research. It follows the same format as the English FEVER dataset.","task_version":"1.1.1","time_of_run":"2024-12-22T23:01:41.591441","scores":{"da":{"ndcg_at_1":0.31069,"ndcg_at_3":0.38606,"ndcg_at_5":0.39352,"ndcg_at_10":0.39798,"ndcg_at_100":0.40099,"ndcg_at_1000":0.40129,"map_at_1":0.31061,"map_at_3":0.36842,"map_at_5":0.37261,"map_at_10":0.37449,"map_at_100":0.37521,"map_at_1000":0.37522,"recall_at_1":0.31061,"recall_at_3":0.43661,"recall_at_5":0.4545,"recall_at_10":0.46807,"recall_at_100":0.48109,"recall_at_1000":0.48345,"precision_at_1":0.31069,"precision_at_3":0.14561,"precision_at_5":0.09095,"precision_at_10":0.04684,"precision_at_100":0.00482,"precision_at_1000":0.00048,"mrr_at_1":0.31069,"mrr_at_3":0.36856,"mrr_at_5":0.37275,"mrr_at_10":0.37461,"mrr_at_100":0.37531,"mrr_at_1000":0.37532}},"main_score":"ndcg_at_10"}