{"task_name":"Language Identification","task_description":"A dataset for Nordic language identification.","task_version":"1.1.1","time_of_run":"2024-12-22T23:03:42.596059","scores":{"da":{"accuracy":0.5404666666666667,"f1":0.5379300845045122,"accuracy_stderr":0.017789634934734084,"f1_stderr":0.0156886802573197,"main_score":0.5404666666666667},"sv":{"accuracy":0.5404666666666667,"f1":0.5379300845045122,"accuracy_stderr":0.017789634934734084,"f1_stderr":0.0156886802573197,"main_score":0.5404666666666667},"nb":{"accuracy":0.5404666666666667,"f1":0.5379300845045122,"accuracy_stderr":0.017789634934734084,"f1_stderr":0.0156886802573197,"main_score":0.5404666666666667},"nn":{"accuracy":0.5404666666666667,"f1":0.5379300845045122,"accuracy_stderr":0.017789634934734084,"f1_stderr":0.0156886802573197,"main_score":0.5404666666666667},"is":{"accuracy":0.5404666666666667,"f1":0.5379300845045122,"accuracy_stderr":0.017789634934734084,"f1_stderr":0.0156886802573197,"main_score":0.5404666666666667},"fo":{"accuracy":0.5404666666666667,"f1":0.5379300845045122,"accuracy_stderr":0.017789634934734084,"f1_stderr":0.0156886802573197,"main_score":0.5404666666666667}},"main_score":"accuracy"}