{"task_name":"Massive Intent","task_description":"MASSIVE: A 1M-Example Multilingual Natural Language Understanding Dataset with 51 Typologically-Diverse Languages","task_version":"1.1.1","time_of_run":"2024-12-22T23:02:48.745156","scores":{"da":{"accuracy":0.5369872225958305,"f1":0.5095090499245496,"accuracy_stderr":0.011560264584849442,"f1_stderr":0.007092995930823115,"main_score":0.5369872225958305},"nb":{"accuracy":0.5160390047074647,"f1":0.486791400885747,"accuracy_stderr":0.01712556304112324,"f1_stderr":0.01577381304397964,"main_score":0.5160390047074647},"sv":{"accuracy":0.5376597175521184,"f1":0.5060997711559175,"accuracy_stderr":0.013106752448583173,"f1_stderr":0.009709938759055087,"main_score":0.5376597175521184}},"main_score":"accuracy"}