{"task_name":"Massive Scenario","task_description":"MASSIVE: A 1M-Example Multilingual Natural Language Understanding Dataset with 51 Typologically-Diverse Languages","task_version":"1.1.1","time_of_run":"2024-12-22T23:03:05.924911","scores":{"da":{"accuracy":0.6094821788836584,"f1":0.5874510060849766,"accuracy_stderr":0.015297745219368258,"f1_stderr":0.014455048506891352,"main_score":0.6094821788836584},"nb":{"accuracy":0.5836583725622058,"f1":0.5538599270814302,"accuracy_stderr":0.020003644798583915,"f1_stderr":0.015593784446104748,"main_score":0.5836583725622058},"sv":{"accuracy":0.6275050437121722,"f1":0.5922977772742601,"accuracy_stderr":0.017170891561467016,"f1_stderr":0.01688325703319598,"main_score":0.6275050437121722}},"main_score":"accuracy"}