{"task_name":"NorQuad","task_description":"Human-created question for Norwegian wikipedia passages.","task_version":"0.0.1","time_of_run":"2024-12-22T23:05:35.911081","scores":{"nb":{"ndcg_at_1":0.20312,"ndcg_at_3":0.14714,"ndcg_at_5":0.15402,"ndcg_at_10":0.16274,"ndcg_at_100":0.19503,"ndcg_at_1000":0.25926,"map_at_1":0.10156,"map_at_3":0.11898,"map_at_5":0.12254,"map_at_10":0.12619,"map_at_100":0.13114,"map_at_1000":0.13325,"recall_at_1":0.10156,"recall_at_3":0.1333,"recall_at_5":0.14697,"recall_at_10":0.16895,"recall_at_100":0.30762,"recall_at_1000":0.74756,"precision_at_1":0.20312,"precision_at_3":0.08887,"precision_at_5":0.05879,"precision_at_10":0.03379,"precision_at_100":0.00615,"precision_at_1000":0.0015,"mrr_at_1":0.20312,"mrr_at_3":0.22363,"mrr_at_5":0.22891,"mrr_at_10":0.23336,"mrr_at_100":0.23988,"mrr_at_1000":0.24166}},"main_score":"ndcg_at_10"}