{"task_name":"Norwegian courts","task_description":"Nynorsk and Bokmål parallel corpus from Norwegian courts. Norway has two standardised written languages. Bokmål is a variant closer to Danish, while Nynorsk was created to resemble regional dialects of Norwegian.","task_version":"1.1.1","time_of_run":"2024-12-22T23:04:23.051179","scores":{"nb":{"precision":0.9071637426900584,"recall":0.9298245614035088,"f1":0.9144736842105263,"accuracy":0.9298245614035088,"main_score":0.9144736842105263},"nn":{"precision":0.9071637426900584,"recall":0.9298245614035088,"f1":0.9144736842105263,"accuracy":0.9298245614035088,"main_score":0.9144736842105263}},"main_score":"f1"}