{"task_name":"ScaLA","task_description":"A linguistic acceptability task for Danish, Norwegian Bokmål Norwegian Nynorsk and Swedish.","task_version":"1.1.1","time_of_run":"2024-12-22T23:03:33.310471","scores":{"da":{"accuracy":0.5021484375,"f1":0.4979657728715809,"ap":0.5011283369359508,"accuracy_stderr":0.007457127422114257,"f1_stderr":0.006524765992899204,"ap_stderr":0.003759878035945986,"main_score":0.5021484375},"nb":{"accuracy":0.4994140625,"f1":0.49658133309109376,"ap":0.499745419888332,"accuracy_stderr":0.0061716895739550625,"f1_stderr":0.00684860807001099,"ap_stderr":0.0030706293233247004,"main_score":0.4994140625},"sv":{"accuracy":0.505517578125,"f1":0.5008522296133313,"ap":0.5028347737768605,"accuracy_stderr":0.006950250953150366,"f1_stderr":0.008677596450181332,"ap_stderr":0.0035374651321668405,"main_score":0.505517578125},"nn":{"accuracy":0.496484375,"f1":0.49489329758569867,"ap":0.4982811795091016,"accuracy_stderr":0.0054320054629583515,"f1_stderr":0.006107744795558865,"ap_stderr":0.0026668416980939924,"main_score":0.496484375}},"main_score":"accuracy"}