{"task_name":"SNL Retrieval","task_description":"Webscrabed articles and ingresses from the Norwegian lexicon 'Det Store Norske Leksikon'.","task_version":"0.0.1","time_of_run":"2024-12-22T23:26:45.593198","scores":{"nb":{"ndcg_at_1":0.90308,"ndcg_at_3":0.93244,"ndcg_at_5":0.93688,"ndcg_at_10":0.93832,"ndcg_at_100":0.94243,"ndcg_at_1000":0.94405,"map_at_1":0.90308,"map_at_3":0.92577,"map_at_5":0.92823,"map_at_10":0.92879,"map_at_100":0.92963,"map_at_1000":0.92969,"recall_at_1":0.90308,"recall_at_3":0.95154,"recall_at_5":0.96231,"recall_at_10":0.96692,"recall_at_100":0.98615,"recall_at_1000":0.99923,"precision_at_1":0.90308,"precision_at_3":0.31718,"precision_at_5":0.19246,"precision_at_10":0.09669,"precision_at_100":0.00986,"precision_at_1000":0.001,"mrr_at_1":0.90308,"mrr_at_3":0.92577,"mrr_at_5":0.92823,"mrr_at_10":0.92879,"mrr_at_100":0.92963,"mrr_at_1000":0.92969}},"main_score":"ndcg_at_10"}