{"task_name":"SwednRetrieval","task_description":"News Article Summary Semantic Similarity Estimation.","task_version":"0.0.1","time_of_run":"2024-12-22T23:33:38.977317","scores":{"sv":{"ndcg_at_1":0.65234,"ndcg_at_3":0.60948,"ndcg_at_5":0.64278,"ndcg_at_10":0.67176,"ndcg_at_100":0.70549,"ndcg_at_1000":0.71998,"map_at_1":0.32617,"map_at_3":0.56429,"map_at_5":0.58929,"map_at_10":0.60567,"map_at_100":0.6151,"map_at_1000":0.61574,"recall_at_1":0.32617,"recall_at_3":0.6084,"recall_at_5":0.67383,"recall_at_10":0.74658,"recall_at_100":0.87646,"recall_at_1000":0.97314,"precision_at_1":0.65234,"precision_at_3":0.4056,"precision_at_5":0.26953,"precision_at_10":0.14932,"precision_at_100":0.01753,"precision_at_1000":0.00195,"mrr_at_1":0.65234,"mrr_at_3":0.70378,"mrr_at_5":0.71452,"mrr_at_10":0.72102,"mrr_at_100":0.72447,"mrr_at_1000":0.72472}},"main_score":"ndcg_at_10"}