{"task_name":"SweFAQ","task_description":"A Swedish QA dataset derived from FAQ","task_version":"0.0.1","time_of_run":"2024-12-22T23:05:55.574149","scores":{"sv":{"ndcg_at_1":0.51462,"ndcg_at_3":0.60997,"ndcg_at_5":0.63775,"ndcg_at_10":0.66325,"ndcg_at_100":0.69237,"ndcg_at_1000":0.697,"map_at_1":0.51462,"map_at_3":0.58577,"map_at_5":0.60146,"map_at_10":0.61216,"map_at_100":0.61802,"map_at_1000":0.61817,"recall_at_1":0.51462,"recall_at_3":0.68031,"recall_at_5":0.74659,"recall_at_10":0.82456,"recall_at_100":0.96296,"recall_at_1000":1.0,"precision_at_1":0.51462,"precision_at_3":0.22677,"precision_at_5":0.14932,"precision_at_10":0.08246,"precision_at_100":0.00963,"precision_at_1000":0.001,"mrr_at_1":0.51462,"mrr_at_3":0.58577,"mrr_at_5":0.60146,"mrr_at_10":0.61216,"mrr_at_100":0.61802,"mrr_at_1000":0.61817}},"main_score":"ndcg_at_10"}