{"task_name":"TV2Nord Retrieval","task_description":"News Article and corresponding summaries extracted from the Danish newspaper TV2 Nord.","task_version":"1.1.1","time_of_run":"2024-12-22T23:02:16.910667","scores":{"da":{"ndcg_at_1":0.80322,"ndcg_at_3":0.85454,"ndcg_at_5":0.86339,"ndcg_at_10":0.87174,"ndcg_at_100":0.88156,"ndcg_at_1000":0.88337,"map_at_1":0.80322,"map_at_3":0.8422,"map_at_5":0.84711,"map_at_10":0.85064,"map_at_100":0.85273,"map_at_1000":0.85279,"recall_at_1":0.80322,"recall_at_3":0.89014,"recall_at_5":0.91162,"recall_at_10":0.93701,"recall_at_100":0.98242,"recall_at_1000":0.99707,"precision_at_1":0.80322,"precision_at_3":0.29671,"precision_at_5":0.18232,"precision_at_10":0.0937,"precision_at_100":0.00982,"precision_at_1000":0.001,"mrr_at_1":0.80322,"mrr_at_3":0.8422,"mrr_at_5":0.84711,"mrr_at_10":0.85064,"mrr_at_100":0.85273,"mrr_at_1000":0.85279}},"main_score":"ndcg_at_10"}