{"task_name":"Twitterhjerne","task_description":"Danish question asked on Twitter with the Hashtag #Twitterhjerne ('Twitter brain') and their corresponding answer.","task_version":"1.1.1","time_of_run":"2024-12-22T23:02:19.862768","scores":{"da":{"ndcg_at_1":0.52564,"ndcg_at_3":0.4417,"ndcg_at_5":0.43294,"ndcg_at_10":0.47742,"ndcg_at_100":0.5832,"ndcg_at_1000":0.60847,"map_at_1":0.16389,"map_at_3":0.3058,"map_at_5":0.34078,"map_at_10":0.37472,"map_at_100":0.40847,"map_at_1000":0.4108,"recall_at_1":0.16389,"recall_at_3":0.34423,"recall_at_5":0.40791,"recall_at_10":0.50321,"recall_at_100":0.85192,"recall_at_1000":0.98718,"precision_at_1":0.52564,"precision_at_3":0.38462,"precision_at_5":0.27949,"precision_at_10":0.17564,"precision_at_100":0.02962,"precision_at_1000":0.00336,"mrr_at_1":0.52564,"mrr_at_3":0.60684,"mrr_at_5":0.62158,"mrr_at_10":0.63232,"mrr_at_100":0.63837,"mrr_at_1000":0.63851}},"main_score":"ndcg_at_10"}