{"task_name":"Bornholm Parallel","task_description":"Danish Bornholmsk Parallel Corpus. Bornholmsk is a Danish dialect spoken on the island of Bornholm, Denmark. Historically it is a part of east Danish which was also spoken in Scania and Halland, Sweden.","task_version":"1.0.3.dev0","time_of_run":"2023-07-27T22:02:32.91248","scores":{"da":{"precision":0.042301087981785654,"recall":0.064,"f1":0.04530713061982502,"accuracy":0.064,"main_score":0.04530713061982502},"da-bornholm":{"precision":0.042301087981785654,"recall":0.064,"f1":0.04530713061982502,"accuracy":0.064,"main_score":0.04530713061982502}},"main_score":"f1"}