{"task_name":"DanFEVER","task_description":"A Danish dataset intended for misinformation research. It follows the same format as the English FEVER dataset.","task_version":"1.1.1","time_of_run":"2024-01-30T13:38:31.940638","scores":{"da":{"ndcg_at_1":0.19771,"ndcg_at_3":0.23273,"ndcg_at_5":0.24406,"ndcg_at_10":0.25809,"ndcg_at_100":0.28189,"ndcg_at_1000":0.28682,"map_at_1":0.19771,"map_at_3":0.22431,"map_at_5":0.23057,"map_at_10":0.2364,"map_at_100":0.24104,"map_at_1000":0.24122,"recall_at_1":0.19771,"recall_at_3":0.25702,"recall_at_5":0.28464,"recall_at_10":0.32779,"recall_at_100":0.44171,"recall_at_1000":0.48109,"precision_at_1":0.19771,"precision_at_3":0.08567,"precision_at_5":0.05693,"precision_at_10":0.03278,"precision_at_100":0.00442,"precision_at_1000":0.00048,"mrr_at_1":0.19771,"mrr_at_3":0.22431,"mrr_at_5":0.23057,"mrr_at_10":0.2364,"mrr_at_100":0.24105,"mrr_at_1000":0.24122}},"main_score":"ndcg_at_10"}