{"task_name":"Language Identification","task_description":"A dataset for Nordic language identification.","task_version":"1.0.3.dev0","time_of_run":"2023-07-27T22:27:38.28355","scores":{"da":{"accuracy":0.8527333333333333,"f1":0.8524516422189619,"accuracy_stderr":0.008871677781945555,"f1_stderr":0.008822889805474025,"main_score":0.8527333333333333},"sv":{"accuracy":0.8527333333333333,"f1":0.8524516422189619,"accuracy_stderr":0.008871677781945555,"f1_stderr":0.008822889805474025,"main_score":0.8527333333333333},"nb":{"accuracy":0.8527333333333333,"f1":0.8524516422189619,"accuracy_stderr":0.008871677781945555,"f1_stderr":0.008822889805474025,"main_score":0.8527333333333333},"nn":{"accuracy":0.8527333333333333,"f1":0.8524516422189619,"accuracy_stderr":0.008871677781945555,"f1_stderr":0.008822889805474025,"main_score":0.8527333333333333},"is":{"accuracy":0.8527333333333333,"f1":0.8524516422189619,"accuracy_stderr":0.008871677781945555,"f1_stderr":0.008822889805474025,"main_score":0.8527333333333333},"fo":{"accuracy":0.8527333333333333,"f1":0.8524516422189619,"accuracy_stderr":0.008871677781945555,"f1_stderr":0.008822889805474025,"main_score":0.8527333333333333}},"main_score":"accuracy"}