{"task_name":"Massive Scenario","task_description":"MASSIVE: A 1M-Example Multilingual Natural Language Understanding Dataset with 51 Typologically-Diverse Languages","task_version":"1.0.3.dev0","time_of_run":"2023-07-27T22:18:25.646096","scores":{"da":{"accuracy":0.6043039677202422,"f1":0.5929666103807454,"accuracy_stderr":0.028896083939013734,"f1_stderr":0.024498119074388865,"main_score":0.6043039677202422},"nb":{"accuracy":0.6744451916610626,"f1":0.6615213677979109,"accuracy_stderr":0.018218160191781674,"f1_stderr":0.017939032267758108,"main_score":0.6744451916610626},"sv":{"accuracy":0.5711835911230666,"f1":0.5635949260739122,"accuracy_stderr":0.013201343205764519,"f1_stderr":0.012873335207392875,"main_score":0.5711835911230666}},"main_score":"accuracy"}