{"task_name":"Massive Intent","task_description":"MASSIVE: A 1M-Example Multilingual Natural Language Understanding Dataset with 51 Typologically-Diverse Languages","task_version":"1.0.3.dev0","time_of_run":"2023-07-27T22:13:47.616011","scores":{"da":{"accuracy":0.5703093476798924,"f1":0.5240749176338441,"accuracy_stderr":0.01205103643759604,"f1_stderr":0.010180325034852665,"main_score":0.5703093476798924},"nb":{"accuracy":0.6268325487558843,"f1":0.5873743585657378,"accuracy_stderr":0.013013950307628905,"f1_stderr":0.008665088175154967,"main_score":0.6268325487558843},"sv":{"accuracy":0.5502353732347007,"f1":0.5117239842319402,"accuracy_stderr":0.007667917129501097,"f1_stderr":0.006629028437789528,"main_score":0.5502353732347007}},"main_score":"accuracy"}