{"task_name":"NorQuad","task_description":"Human-created question for Norwegian wikipedia passages.","task_version":"0.0.1","time_of_run":"2024-01-30T13:58:15.224281","scores":{"nb":{"ndcg_at_1":0.1543,"ndcg_at_3":0.14019,"ndcg_at_5":0.15357,"ndcg_at_10":0.17173,"ndcg_at_100":0.20622,"ndcg_at_1000":0.26086,"map_at_1":0.07715,"map_at_3":0.10742,"map_at_5":0.11428,"map_at_10":0.1217,"map_at_100":0.12786,"map_at_1000":0.12945,"recall_at_1":0.07715,"recall_at_3":0.14062,"recall_at_5":0.16699,"recall_at_10":0.21191,"recall_at_100":0.35254,"recall_at_1000":0.73975,"precision_at_1":0.1543,"precision_at_3":0.09375,"precision_at_5":0.0668,"precision_at_10":0.04238,"precision_at_100":0.00705,"precision_at_1000":0.00148,"mrr_at_1":0.1543,"mrr_at_3":0.20605,"mrr_at_5":0.21665,"mrr_at_10":0.22694,"mrr_at_100":0.23459,"mrr_at_1000":0.23579}},"main_score":"ndcg_at_10"}