{"task_name":"Norwegian courts","task_description":"Nynorsk and Bokmål parallel corpus from Norwegian courts. Norway has two standardised written languages. Bokmål is a variant closer to Danish, while Nynorsk was created to resemble regional dialects of Norwegian.","task_version":"1.1.1","time_of_run":"2024-01-30T13:45:58.770748","scores":{"nb":{"precision":0.8932748538011697,"recall":0.9166666666666666,"f1":0.9005847953216375,"accuracy":0.9166666666666666,"main_score":0.9005847953216375},"nn":{"precision":0.8932748538011697,"recall":0.9166666666666666,"f1":0.9005847953216375,"accuracy":0.9166666666666666,"main_score":0.9005847953216375}},"main_score":"f1"}