{"task_name":"SNL Retrieval","task_description":"Webscrabed articles and ingresses from the Norwegian lexicon 'Det Store Norske Leksikon'.","task_version":"0.0.1","time_of_run":"2024-01-30T13:57:20.477153","scores":{"nb":{"ndcg_at_1":0.26615,"ndcg_at_3":0.34173,"ndcg_at_5":0.365,"ndcg_at_10":0.39737,"ndcg_at_100":0.45251,"ndcg_at_1000":0.47444,"map_at_1":0.26615,"map_at_3":0.32295,"map_at_5":0.33576,"map_at_10":0.34914,"map_at_100":0.35976,"map_at_1000":0.36053,"recall_at_1":0.26615,"recall_at_3":0.39615,"recall_at_5":0.45308,"recall_at_10":0.55308,"recall_at_100":0.82,"recall_at_1000":0.99538,"precision_at_1":0.26615,"precision_at_3":0.13205,"precision_at_5":0.09062,"precision_at_10":0.05531,"precision_at_100":0.0082,"precision_at_1000":0.001,"mrr_at_1":0.26615,"mrr_at_3":0.32295,"mrr_at_5":0.33576,"mrr_at_10":0.34914,"mrr_at_100":0.35976,"mrr_at_1000":0.36053}},"main_score":"ndcg_at_10"}