{"task_name":"SwednRetrieval","task_description":"News Article Summary Semantic Similarity Estimation.","task_version":"0.0.1","time_of_run":"2024-01-30T14:04:22.645648","scores":{"sv":{"ndcg_at_1":0.21582,"ndcg_at_3":0.17274,"ndcg_at_5":0.19214,"ndcg_at_10":0.21447,"ndcg_at_100":0.26078,"ndcg_at_1000":0.32809,"map_at_1":0.10791,"map_at_3":0.13363,"map_at_5":0.14246,"map_at_10":0.15046,"map_at_100":0.15828,"map_at_1000":0.1607,"recall_at_1":0.10791,"recall_at_3":0.16602,"recall_at_5":0.20459,"recall_at_10":0.26074,"recall_at_100":0.44971,"recall_at_1000":0.91992,"precision_at_1":0.21582,"precision_at_3":0.11068,"precision_at_5":0.08184,"precision_at_10":0.05215,"precision_at_100":0.00899,"precision_at_1000":0.00184,"mrr_at_1":0.21582,"mrr_at_3":0.26172,"mrr_at_5":0.279,"mrr_at_10":0.29316,"mrr_at_100":0.30441,"mrr_at_1000":0.30531}},"main_score":"ndcg_at_10"}