{"task_name":"SweFAQ","task_description":"A Swedish QA dataset derived from FAQ","task_version":"0.0.1","time_of_run":"2023-09-04T19:36:36.621194","scores":{"sv":{"ndcg_at_1":0.18129,"ndcg_at_3":0.24875,"ndcg_at_5":0.27601,"ndcg_at_10":0.30685,"ndcg_at_100":0.37951,"ndcg_at_1000":0.40403,"map_at_1":0.18129,"map_at_3":0.23229,"map_at_5":0.2474,"map_at_10":0.26047,"map_at_100":0.27392,"map_at_1000":0.27489,"recall_at_1":0.18129,"recall_at_3":0.2963,"recall_at_5":0.36257,"recall_at_10":0.45614,"recall_at_100":0.81092,"recall_at_1000":1.0,"precision_at_1":0.18129,"precision_at_3":0.09877,"precision_at_5":0.07251,"precision_at_10":0.04561,"precision_at_100":0.00811,"precision_at_1000":0.001,"mrr_at_1":0.18129,"mrr_at_3":0.23229,"mrr_at_5":0.2474,"mrr_at_10":0.26047,"mrr_at_100":0.27392,"mrr_at_1000":0.27489}},"main_score":"ndcg_at_10"}