{"task_name":"TV2Nord Retrieval","task_description":"News Article and corresponding summaries extracted from the Danish newspaper TV2 Nord.","task_version":"1.1.1","time_of_run":"2024-01-30T13:45:32.133761","scores":{"da":{"ndcg_at_1":0.35156,"ndcg_at_3":0.44105,"ndcg_at_5":0.47194,"ndcg_at_10":0.50262,"ndcg_at_100":0.55545,"ndcg_at_1000":0.5644,"map_at_1":0.35156,"map_at_3":0.4187,"map_at_5":0.43579,"map_at_10":0.44829,"map_at_100":0.45885,"map_at_1000":0.45922,"recall_at_1":0.35156,"recall_at_3":0.50586,"recall_at_5":0.58105,"recall_at_10":0.67676,"recall_at_100":0.92725,"recall_at_1000":0.99609,"precision_at_1":0.35156,"precision_at_3":0.16862,"precision_at_5":0.11621,"precision_at_10":0.06768,"precision_at_100":0.00927,"precision_at_1000":0.001,"mrr_at_1":0.35156,"mrr_at_3":0.4187,"mrr_at_5":0.43579,"mrr_at_10":0.44829,"mrr_at_100":0.45885,"mrr_at_1000":0.45922}},"main_score":"ndcg_at_10"}