{"task_name":"Twitterhjerne","task_description":"Danish question asked on Twitter with the Hashtag #Twitterhjerne ('Twitter brain') and their corresponding answer.","task_version":"1.1.1","time_of_run":"2024-01-30T13:45:51.307362","scores":{"da":{"ndcg_at_1":0.07692,"ndcg_at_3":0.05364,"ndcg_at_5":0.05441,"ndcg_at_10":0.05989,"ndcg_at_100":0.08713,"ndcg_at_1000":0.09358,"map_at_1":0.02457,"map_at_3":0.03846,"map_at_5":0.04006,"map_at_10":0.04378,"map_at_100":0.05617,"map_at_1000":0.06162,"recall_at_1":0.02457,"recall_at_3":0.04487,"recall_at_5":0.05128,"recall_at_10":0.06197,"recall_at_100":0.53526,"recall_at_1000":1.0,"precision_at_1":0.07692,"precision_at_3":0.04274,"precision_at_5":0.03077,"precision_at_10":0.01923,"precision_at_100":0.00436,"precision_at_1000":0.00062,"mrr_at_1":0.32051,"mrr_at_3":0.38462,"mrr_at_5":0.4,"mrr_at_10":0.41136,"mrr_at_100":0.42162,"mrr_at_1000":0.4225}},"main_score":"ndcg_at_10"}