{"task_name":"DanFEVER","task_description":"A Danish dataset intended for misinformation research. It follows the same format as the English FEVER dataset.","task_version":"1.1.1","time_of_run":"2024-04-08T19:47:53.613811","scores":{"da":{"ndcg_at_1":0.21732,"ndcg_at_3":0.26397,"ndcg_at_5":0.27362,"ndcg_at_10":0.28184,"ndcg_at_100":0.29779,"ndcg_at_1000":0.30425,"map_at_1":0.21732,"map_at_3":0.25292,"map_at_5":0.25828,"map_at_10":0.26166,"map_at_100":0.26466,"map_at_1000":0.26488,"recall_at_1":0.21732,"recall_at_3":0.29578,"recall_at_5":0.31916,"recall_at_10":0.34466,"recall_at_100":0.42225,"recall_at_1000":0.47434,"precision_at_1":0.21732,"precision_at_3":0.09859,"precision_at_5":0.06383,"precision_at_10":0.03447,"precision_at_100":0.00423,"precision_at_1000":0.00047,"mrr_at_1":0.21732,"mrr_at_3":0.25297,"mrr_at_5":0.2583,"mrr_at_10":0.26168,"mrr_at_100":0.26468,"mrr_at_1000":0.2649}},"main_score":"ndcg_at_10"}