{"task_name":"Language Identification","task_description":"A dataset for Nordic language identification.","task_version":"1.1.1","time_of_run":"2024-04-08T19:52:28.504808","scores":{"da":{"accuracy":0.5471,"f1":0.5337340133025357,"accuracy_stderr":0.019781051539288805,"f1_stderr":0.021836739801343485,"main_score":0.5471},"sv":{"accuracy":0.5471,"f1":0.5337340133025357,"accuracy_stderr":0.019781051539288805,"f1_stderr":0.021836739801343485,"main_score":0.5471},"nb":{"accuracy":0.5471,"f1":0.5337340133025357,"accuracy_stderr":0.019781051539288805,"f1_stderr":0.021836739801343485,"main_score":0.5471},"nn":{"accuracy":0.5471,"f1":0.5337340133025357,"accuracy_stderr":0.019781051539288805,"f1_stderr":0.021836739801343485,"main_score":0.5471},"is":{"accuracy":0.5471,"f1":0.5337340133025357,"accuracy_stderr":0.019781051539288805,"f1_stderr":0.021836739801343485,"main_score":0.5471},"fo":{"accuracy":0.5471,"f1":0.5337340133025357,"accuracy_stderr":0.019781051539288805,"f1_stderr":0.021836739801343485,"main_score":0.5471}},"main_score":"accuracy"}