{"task_name":"Massive Scenario","task_description":"MASSIVE: A 1M-Example Multilingual Natural Language Understanding Dataset with 51 Typologically-Diverse Languages","task_version":"1.1.1","time_of_run":"2024-04-08T19:51:09.309838","scores":{"da":{"accuracy":0.47007397444519167,"f1":0.44591837506202986,"accuracy_stderr":0.016525460362257268,"f1_stderr":0.011715003849608418,"main_score":0.47007397444519167},"nb":{"accuracy":0.44670477471418957,"f1":0.42175654729028544,"accuracy_stderr":0.01725133080004754,"f1_stderr":0.015659543471027913,"main_score":0.44670477471418957},"sv":{"accuracy":0.4293207800941493,"f1":0.3990548911517426,"accuracy_stderr":0.018548430093723933,"f1_stderr":0.015416056576756836,"main_score":0.4293207800941493}},"main_score":"accuracy"}