{"task_name":"Massive Intent","task_description":"MASSIVE: A 1M-Example Multilingual Natural Language Understanding Dataset with 51 Typologically-Diverse Languages","task_version":"1.1.1","time_of_run":"2024-04-08T19:50:28.820657","scores":{"da":{"accuracy":0.4098520511096167,"f1":0.39031952711786977,"accuracy_stderr":0.013546600921886436,"f1_stderr":0.01465861207914092,"main_score":0.4098520511096167},"nb":{"accuracy":0.3934431741761937,"f1":0.3725650363380114,"accuracy_stderr":0.010632494048802496,"f1_stderr":0.0047186150764588165,"main_score":0.3934431741761937},"sv":{"accuracy":0.38103564223268327,"f1":0.36129998730373103,"accuracy_stderr":0.015896221776346243,"f1_stderr":0.009758357654155333,"main_score":0.38103564223268327}},"main_score":"accuracy"}