{"task_name":"NorQuad","task_description":"Human-created question for Norwegian wikipedia passages.","task_version":"0.0.1","time_of_run":"2024-04-08T19:55:21.43845","scores":{"nb":{"ndcg_at_1":0.16895,"ndcg_at_3":0.13891,"ndcg_at_5":0.15254,"ndcg_at_10":0.16457,"ndcg_at_100":0.20823,"ndcg_at_1000":0.26722,"map_at_1":0.08447,"map_at_3":0.1071,"map_at_5":0.11418,"map_at_10":0.11869,"map_at_100":0.1259,"map_at_1000":0.12785,"recall_at_1":0.08447,"recall_at_3":0.13428,"recall_at_5":0.16113,"recall_at_10":0.19141,"recall_at_100":0.37354,"recall_at_1000":0.78027,"precision_at_1":0.16895,"precision_at_3":0.08952,"precision_at_5":0.06445,"precision_at_10":0.03828,"precision_at_100":0.00747,"precision_at_1000":0.00156,"mrr_at_1":0.16895,"mrr_at_3":0.20996,"mrr_at_5":0.22061,"mrr_at_10":0.22783,"mrr_at_100":0.2372,"mrr_at_1000":0.23868}},"main_score":"ndcg_at_10"}