{"task_name":"Norwegian courts","task_description":"Nynorsk and Bokmål parallel corpus from Norwegian courts. Norway has two standardised written languages. Bokmål is a variant closer to Danish, while Nynorsk was created to resemble regional dialects of Norwegian.","task_version":"1.1.1","time_of_run":"2024-04-08T19:53:21.524763","scores":{"nb":{"precision":0.8538011695906433,"recall":0.8903508771929824,"f1":0.8654970760233919,"accuracy":0.8903508771929824,"main_score":0.8654970760233919},"nn":{"precision":0.8538011695906433,"recall":0.8903508771929824,"f1":0.8654970760233919,"accuracy":0.8903508771929824,"main_score":0.8654970760233919}},"main_score":"f1"}