{"task_name":"ScaLA","task_description":"A linguistic acceptability task for Danish, Norwegian Bokmål Norwegian Nynorsk and Swedish.","task_version":"1.1.1","time_of_run":"2024-04-08T19:52:07.535636","scores":{"da":{"accuracy":0.500341796875,"f1":0.49707836995043886,"ap":0.5002121838569542,"accuracy_stderr":0.00619193763738963,"f1_stderr":0.0056844458165261,"ap_stderr":0.0031046569373535055,"main_score":0.500341796875},"nb":{"accuracy":0.501708984375,"f1":0.4975764910012903,"ap":0.5008894270087827,"accuracy_stderr":0.005376639537486631,"f1_stderr":0.0057738834379346465,"ap_stderr":0.0027141576703846324,"main_score":0.501708984375},"sv":{"accuracy":0.4994140625,"f1":0.49683291347295633,"ap":0.49973047923031955,"accuracy_stderr":0.004620905532937882,"f1_stderr":0.004218877367923389,"ap_stderr":0.002309036685793766,"main_score":0.4994140625},"nn":{"accuracy":0.500341796875,"f1":0.4961039513494653,"ap":0.5002008310959857,"accuracy_stderr":0.005393463714180493,"f1_stderr":0.007401911092391309,"ap_stderr":0.0027341045164946502,"main_score":0.500341796875}},"main_score":"accuracy"}