{"task_name":"SNL Retrieval","task_description":"Webscrabed articles and ingresses from the Norwegian lexicon 'Det Store Norske Leksikon'.","task_version":"0.0.1","time_of_run":"2024-01-28T14:02:53.208017","scores":{"nb":{"ndcg_at_1":0.41211,"ndcg_at_3":0.47736,"ndcg_at_5":0.49615,"ndcg_at_10":0.51614,"ndcg_at_100":0.55546,"ndcg_at_1000":0.57716,"map_at_1":0.41211,"map_at_3":0.46143,"map_at_5":0.47178,"map_at_10":0.48009,"map_at_100":0.48722,"map_at_1000":0.48795,"recall_at_1":0.41211,"recall_at_3":0.52344,"recall_at_5":0.56934,"recall_at_10":0.63086,"recall_at_100":0.82422,"recall_at_1000":0.99902,"precision_at_1":0.41211,"precision_at_3":0.17448,"precision_at_5":0.11387,"precision_at_10":0.06309,"precision_at_100":0.00824,"precision_at_1000":0.001,"mrr_at_1":0.41211,"mrr_at_3":0.46143,"mrr_at_5":0.47178,"mrr_at_10":0.48009,"mrr_at_100":0.48722,"mrr_at_1000":0.48795}},"main_score":"ndcg_at_10"}