{"task_name":"SNL Retrieval","task_description":"Webscrabed articles and ingresses from the Norwegian lexicon 'Det Store Norske Leksikon'.","task_version":"0.0.1","time_of_run":"2024-01-28T13:49:11.64944","scores":{"sv":{"ndcg_at_1":0.72559,"ndcg_at_3":0.59626,"ndcg_at_5":0.62287,"ndcg_at_10":0.64668,"ndcg_at_100":0.6867,"ndcg_at_1000":0.70693,"map_at_1":0.36279,"map_at_3":0.52791,"map_at_5":0.54762,"map_at_10":0.56105,"map_at_100":0.57216,"map_at_1000":0.57319,"recall_at_1":0.36279,"recall_at_3":0.56836,"recall_at_5":0.62109,"recall_at_10":0.68066,"recall_at_100":0.8374,"recall_at_1000":0.97217,"precision_at_1":0.72559,"precision_at_3":0.37891,"precision_at_5":0.24844,"precision_at_10":0.13613,"precision_at_100":0.01675,"precision_at_1000":0.00194,"mrr_at_1":0.72559,"mrr_at_3":0.77458,"mrr_at_5":0.78332,"mrr_at_10":0.78886,"mrr_at_100":0.79207,"mrr_at_1000":0.79216}},"main_score":"ndcg_at_10"}