{"task_name":"SNL Retrieval","task_description":"Webscrabed articles and ingresses from the Norwegian lexicon 'Det Store Norske Leksikon'.","task_version":"0.0.1","time_of_run":"2024-04-08T19:54:52.914894","scores":{"nb":{"ndcg_at_1":0.39769,"ndcg_at_3":0.45828,"ndcg_at_5":0.4789,"ndcg_at_10":0.49668,"ndcg_at_100":0.53693,"ndcg_at_1000":0.55964,"map_at_1":0.39769,"map_at_3":0.44333,"map_at_5":0.45479,"map_at_10":0.4622,"map_at_100":0.46963,"map_at_1000":0.47039,"recall_at_1":0.39769,"recall_at_3":0.50154,"recall_at_5":0.55154,"recall_at_10":0.60615,"recall_at_100":0.80385,"recall_at_1000":0.98769,"precision_at_1":0.39769,"precision_at_3":0.16718,"precision_at_5":0.11031,"precision_at_10":0.06062,"precision_at_100":0.00804,"precision_at_1000":0.00099,"mrr_at_1":0.39769,"mrr_at_3":0.44333,"mrr_at_5":0.45479,"mrr_at_10":0.4622,"mrr_at_100":0.46963,"mrr_at_1000":0.47039}},"main_score":"ndcg_at_10"}