{"task_name":"SwednRetrieval","task_description":"News Article Summary Semantic Similarity Estimation.","task_version":"0.0.1","time_of_run":"2024-04-08T19:57:00.602445","scores":{"sv":{"ndcg_at_1":0.25879,"ndcg_at_3":0.20824,"ndcg_at_5":0.23005,"ndcg_at_10":0.25144,"ndcg_at_100":0.30822,"ndcg_at_1000":0.35993,"map_at_1":0.12939,"map_at_3":0.17074,"map_at_5":0.1836,"map_at_10":0.19396,"map_at_100":0.20512,"map_at_1000":0.20709,"recall_at_1":0.12939,"recall_at_3":0.19873,"recall_at_5":0.2417,"recall_at_10":0.29492,"recall_at_100":0.52832,"recall_at_1000":0.88184,"precision_at_1":0.25879,"precision_at_3":0.13249,"precision_at_5":0.09668,"precision_at_10":0.05898,"precision_at_100":0.01057,"precision_at_1000":0.00176,"mrr_at_1":0.25977,"mrr_at_3":0.29834,"mrr_at_5":0.31226,"mrr_at_10":0.32088,"mrr_at_100":0.33052,"mrr_at_1000":0.33143}},"main_score":"ndcg_at_10"}