{"task_name":"SwednRetrieval","task_description":"News Article Summary Semantic Similarity Estimation.","task_version":"0.0.1","time_of_run":"2024-01-22T20:47:16.683158","scores":{"sv":{"ndcg_at_1":0.18425,"ndcg_at_3":0.15957,"ndcg_at_5":0.17453,"ndcg_at_10":0.19174,"ndcg_at_100":0.23454,"ndcg_at_1000":0.27441,"map_at_1":0.09212,"map_at_3":0.12915,"map_at_5":0.13795,"map_at_10":0.14589,"map_at_100":0.15436,"map_at_1000":0.15585,"recall_at_1":0.09212,"recall_at_3":0.15714,"recall_at_5":0.18678,"recall_at_10":0.23004,"recall_at_100":0.40427,"recall_at_1000":0.6741,"precision_at_1":0.18425,"precision_at_3":0.10476,"precision_at_5":0.07471,"precision_at_10":0.04601,"precision_at_100":0.00809,"precision_at_1000":0.00135,"mrr_at_1":0.18398,"mrr_at_3":0.22474,"mrr_at_5":0.2342,"mrr_at_10":0.24161,"mrr_at_100":0.24946,"mrr_at_1000":0.25047}},"main_score":"ndcg_at_10"}