{"task_name":"SweFAQ","task_description":"A Swedish QA dataset derived from FAQ","task_version":"0.0.1","time_of_run":"2024-04-08T19:56:19.105206","scores":{"sv":{"ndcg_at_1":0.2768,"ndcg_at_3":0.34786,"ndcg_at_5":0.38158,"ndcg_at_10":0.41075,"ndcg_at_100":0.46199,"ndcg_at_1000":0.485,"map_at_1":0.2768,"map_at_3":0.32943,"map_at_5":0.34815,"map_at_10":0.36064,"map_at_100":0.37011,"map_at_1000":0.37101,"recall_at_1":0.2768,"recall_at_3":0.40156,"recall_at_5":0.48343,"recall_at_10":0.57115,"recall_at_100":0.82261,"recall_at_1000":1.0,"precision_at_1":0.2768,"precision_at_3":0.13385,"precision_at_5":0.09669,"precision_at_10":0.05712,"precision_at_100":0.00823,"precision_at_1000":0.001,"mrr_at_1":0.2768,"mrr_at_3":0.32943,"mrr_at_5":0.34776,"mrr_at_10":0.36058,"mrr_at_100":0.37004,"mrr_at_1000":0.37094}},"main_score":"ndcg_at_10"}