{"task_name":"TV2Nord Retrieval","task_description":"News Article and corresponding summaries extracted from the Danish newspaper TV2 Nord.","task_version":"1.1.1","time_of_run":"2024-04-08T19:48:49.028478","scores":{"da":{"ndcg_at_1":0.2373,"ndcg_at_3":0.29658,"ndcg_at_5":0.31986,"ndcg_at_10":0.3411,"ndcg_at_100":0.39784,"ndcg_at_1000":0.42564,"map_at_1":0.2373,"map_at_3":0.28182,"map_at_5":0.29483,"map_at_10":0.30346,"map_at_100":0.31382,"map_at_1000":0.31477,"recall_at_1":0.2373,"recall_at_3":0.33936,"recall_at_5":0.39551,"recall_at_10":0.46191,"recall_at_100":0.74219,"recall_at_1000":0.9668,"precision_at_1":0.2373,"precision_at_3":0.11312,"precision_at_5":0.0791,"precision_at_10":0.04619,"precision_at_100":0.00742,"precision_at_1000":0.00097,"mrr_at_1":0.2373,"mrr_at_3":0.28182,"mrr_at_5":0.29483,"mrr_at_10":0.30346,"mrr_at_100":0.31382,"mrr_at_1000":0.31477}},"main_score":"ndcg_at_10"}