{"task_name":"Twitterhjerne","task_description":"Danish question asked on Twitter with the Hashtag #Twitterhjerne ('Twitter brain') and their corresponding answer.","task_version":"1.1.1","time_of_run":"2024-04-08T19:48:55.088235","scores":{"da":{"ndcg_at_1":0.23077,"ndcg_at_3":0.18948,"ndcg_at_5":0.19099,"ndcg_at_10":0.21247,"ndcg_at_100":0.32171,"ndcg_at_1000":0.39217,"map_at_1":0.06923,"map_at_3":0.11649,"map_at_5":0.13505,"map_at_10":0.14401,"map_at_100":0.16693,"map_at_1000":0.17289,"recall_at_1":0.06923,"recall_at_3":0.14359,"recall_at_5":0.18483,"recall_at_10":0.23868,"recall_at_100":0.62009,"recall_at_1000":0.98718,"precision_at_1":0.23077,"precision_at_3":0.16239,"precision_at_5":0.13077,"precision_at_10":0.08205,"precision_at_100":0.02167,"precision_at_1000":0.00336,"mrr_at_1":0.23077,"mrr_at_3":0.28632,"mrr_at_5":0.30427,"mrr_at_10":0.31823,"mrr_at_100":0.3331,"mrr_at_1000":0.33368}},"main_score":"ndcg_at_10"}