{"task_name":"DanFEVER","task_description":"A Danish dataset intended for misinformation research. It follows the same format as the English FEVER dataset.","task_version":"1.1.1","time_of_run":"2024-07-15T19:13:41.869496","scores":{"da":{"ndcg_at_1":0.17904,"ndcg_at_3":0.22075,"ndcg_at_5":0.23401,"ndcg_at_10":0.25209,"ndcg_at_100":0.27774,"ndcg_at_1000":0.28081,"map_at_1":0.17904,"map_at_3":0.21039,"map_at_5":0.21773,"map_at_10":0.22518,"map_at_100":0.2304,"map_at_1000":0.23053,"recall_at_1":0.17904,"recall_at_3":0.25075,"recall_at_5":0.28307,"recall_at_10":0.33893,"recall_at_100":0.45912,"recall_at_1000":0.48282,"precision_at_1":0.17904,"precision_at_3":0.08358,"precision_at_5":0.05661,"precision_at_10":0.03391,"precision_at_100":0.0046,"precision_at_1000":0.00048,"mrr_at_1":0.17904,"mrr_at_3":0.21039,"mrr_at_5":0.21773,"mrr_at_10":0.2252,"mrr_at_100":0.23042,"mrr_at_1000":0.23054}},"main_score":"ndcg_at_10"}