{"task_name":"Language Identification","task_description":"A dataset for Nordic language identification.","task_version":"1.1.1","time_of_run":"2024-07-15T19:32:07.561627","scores":{"da":{"accuracy":0.4098,"f1":0.4048053485322498,"accuracy_stderr":0.019089962458492857,"f1_stderr":0.01807822793630101,"main_score":0.4098},"sv":{"accuracy":0.4098,"f1":0.4048053485322498,"accuracy_stderr":0.019089962458492857,"f1_stderr":0.01807822793630101,"main_score":0.4098},"nb":{"accuracy":0.4098,"f1":0.4048053485322498,"accuracy_stderr":0.019089962458492857,"f1_stderr":0.01807822793630101,"main_score":0.4098},"nn":{"accuracy":0.4098,"f1":0.4048053485322498,"accuracy_stderr":0.019089962458492857,"f1_stderr":0.01807822793630101,"main_score":0.4098},"is":{"accuracy":0.4098,"f1":0.4048053485322498,"accuracy_stderr":0.019089962458492857,"f1_stderr":0.01807822793630101,"main_score":0.4098},"fo":{"accuracy":0.4098,"f1":0.4048053485322498,"accuracy_stderr":0.019089962458492857,"f1_stderr":0.01807822793630101,"main_score":0.4098}},"main_score":"accuracy"}