{"task_name":"Massive Scenario","task_description":"MASSIVE: A 1M-Example Multilingual Natural Language Understanding Dataset with 51 Typologically-Diverse Languages","task_version":"1.1.1","time_of_run":"2024-07-15T19:30:06.261161","scores":{"da":{"accuracy":0.676630800268998,"f1":0.6615642897807783,"accuracy_stderr":0.015415434235063514,"f1_stderr":0.014547775318816002,"main_score":0.676630800268998},"nb":{"accuracy":0.6670813718897108,"f1":0.6534132249245184,"accuracy_stderr":0.023389607573476186,"f1_stderr":0.019763551328045897,"main_score":0.6670813718897108},"sv":{"accuracy":0.680161398789509,"f1":0.6675209376967528,"accuracy_stderr":0.018923176394788604,"f1_stderr":0.01664317268433146,"main_score":0.680161398789509}},"main_score":"accuracy"}