{"task_name":"Massive Intent","task_description":"MASSIVE: A 1M-Example Multilingual Natural Language Understanding Dataset with 51 Typologically-Diverse Languages","task_version":"1.1.1","time_of_run":"2024-07-15T19:29:32.728512","scores":{"da":{"accuracy":0.5964357767316745,"f1":0.5659658004562209,"accuracy_stderr":0.0166201519692267,"f1_stderr":0.014017138864369236,"main_score":0.5964357767316745},"nb":{"accuracy":0.5936112979152657,"f1":0.5686915879772471,"accuracy_stderr":0.016078959228336565,"f1_stderr":0.01394077876222076,"main_score":0.5936112979152657},"sv":{"accuracy":0.6121049092131808,"f1":0.5828586417608738,"accuracy_stderr":0.016089503316329683,"f1_stderr":0.013895988448303762,"main_score":0.6121049092131808}},"main_score":"accuracy"}