{"task_name":"NorQuad","task_description":"Human-created question for Norwegian wikipedia passages.","task_version":"0.0.1","time_of_run":"2024-07-15T19:57:12.341767","scores":{"nb":{"ndcg_at_1":0.07324,"ndcg_at_3":0.0742,"ndcg_at_5":0.08414,"ndcg_at_10":0.0957,"ndcg_at_100":0.13277,"ndcg_at_1000":0.1989,"map_at_1":0.03662,"map_at_3":0.05526,"map_at_5":0.06021,"map_at_10":0.06485,"map_at_100":0.07087,"map_at_1000":0.0728,"recall_at_1":0.03662,"recall_at_3":0.07812,"recall_at_5":0.09814,"recall_at_10":0.12744,"recall_at_100":0.28125,"recall_at_1000":0.74414,"precision_at_1":0.07324,"precision_at_3":0.05208,"precision_at_5":0.03926,"precision_at_10":0.02549,"precision_at_100":0.00562,"precision_at_1000":0.00149,"mrr_at_1":0.07324,"mrr_at_3":0.10726,"mrr_at_5":0.11502,"mrr_at_10":0.1212,"mrr_at_100":0.12982,"mrr_at_1000":0.13159}},"main_score":"ndcg_at_10"}