{"task_name":"ScaLA","task_description":"A linguistic acceptability task for Danish, Norwegian Bokmål Norwegian Nynorsk and Swedish.","task_version":"1.1.1","time_of_run":"2024-07-15T19:31:23.201544","scores":{"da":{"accuracy":0.508642578125,"f1":0.5042192639088869,"ap":0.504468772873947,"accuracy_stderr":0.006902058844307487,"f1_stderr":0.0071358496303082185,"ap_stderr":0.0036447120219490012,"main_score":0.508642578125},"nb":{"accuracy":0.505322265625,"f1":0.497476768061574,"ap":0.5027072237408976,"accuracy_stderr":0.003957488655850026,"f1_stderr":0.008702805675414477,"ap_stderr":0.0020334808017197395,"main_score":0.505322265625},"sv":{"accuracy":0.506396484375,"f1":0.5031548256605045,"ap":0.5032721600467003,"accuracy_stderr":0.005824481060177064,"f1_stderr":0.007486198909559791,"ap_stderr":0.002981181658939833,"main_score":0.506396484375},"nn":{"accuracy":0.503662109375,"f1":0.4995188347835084,"ap":0.5018592591326693,"accuracy_stderr":0.004092542630429739,"f1_stderr":0.005673767158823867,"ap_stderr":0.00207584266705695,"main_score":0.503662109375}},"main_score":"accuracy"}