{"task_name":"SNL Retrieval","task_description":"Webscrabed articles and ingresses from the Norwegian lexicon 'Det Store Norske Leksikon'.","task_version":"0.0.1","time_of_run":"2024-07-15T19:55:48.101915","scores":{"nb":{"ndcg_at_1":0.69769,"ndcg_at_3":0.75992,"ndcg_at_5":0.77789,"ndcg_at_10":0.78866,"ndcg_at_100":0.80518,"ndcg_at_1000":0.81008,"map_at_1":0.69769,"map_at_3":0.74449,"map_at_5":0.75441,"map_at_10":0.75875,"map_at_100":0.7621,"map_at_1000":0.76227,"recall_at_1":0.69769,"recall_at_3":0.80462,"recall_at_5":0.84846,"recall_at_10":0.88231,"recall_at_100":0.96,"recall_at_1000":0.99923,"precision_at_1":0.69769,"precision_at_3":0.26821,"precision_at_5":0.16969,"precision_at_10":0.08823,"precision_at_100":0.0096,"precision_at_1000":0.001,"mrr_at_1":0.69769,"mrr_at_3":0.74449,"mrr_at_5":0.75441,"mrr_at_10":0.75875,"mrr_at_100":0.7621,"mrr_at_1000":0.76227}},"main_score":"ndcg_at_10"}