{"task_name":"SwednRetrieval","task_description":"News Article Summary Semantic Similarity Estimation.","task_version":"0.0.1","time_of_run":"2024-07-15T20:27:25.893303","scores":{"sv":{"ndcg_at_1":0.2627,"ndcg_at_3":0.26861,"ndcg_at_5":0.3035,"ndcg_at_10":0.35122,"ndcg_at_100":0.4341,"ndcg_at_1000":0.46102,"map_at_1":0.13135,"map_at_3":0.2238,"map_at_5":0.24579,"map_at_10":0.27012,"map_at_100":0.29099,"map_at_1000":0.29238,"recall_at_1":0.13135,"recall_at_3":0.2832,"recall_at_5":0.35205,"recall_at_10":0.47168,"recall_at_100":0.79541,"recall_at_1000":0.96924,"precision_at_1":0.2627,"precision_at_3":0.1888,"precision_at_5":0.14082,"precision_at_10":0.09434,"precision_at_100":0.01591,"precision_at_1000":0.00194,"mrr_at_1":0.2627,"mrr_at_3":0.34017,"mrr_at_5":0.35955,"mrr_at_10":0.3757,"mrr_at_100":0.38691,"mrr_at_1000":0.38735}},"main_score":"ndcg_at_10"}