{"task_name":"SweFAQ","task_description":"A Swedish QA dataset derived from FAQ","task_version":"0.0.1","time_of_run":"2024-07-15T20:02:29.442098","scores":{"sv":{"ndcg_at_1":0.16764,"ndcg_at_3":0.27007,"ndcg_at_5":0.30515,"ndcg_at_10":0.34877,"ndcg_at_100":0.43153,"ndcg_at_1000":0.43887,"map_at_1":0.16764,"map_at_3":0.24366,"map_at_5":0.26345,"map_at_10":0.28153,"map_at_100":0.29897,"map_at_1000":0.2993,"recall_at_1":0.16764,"recall_at_3":0.34698,"recall_at_5":0.4308,"recall_at_10":0.5653,"recall_at_100":0.94542,"recall_at_1000":1.0,"precision_at_1":0.16764,"precision_at_3":0.11566,"precision_at_5":0.08616,"precision_at_10":0.05653,"precision_at_100":0.00945,"precision_at_1000":0.001,"mrr_at_1":0.16764,"mrr_at_3":0.24366,"mrr_at_5":0.26345,"mrr_at_10":0.28153,"mrr_at_100":0.29897,"mrr_at_1000":0.2993}},"main_score":"ndcg_at_10"}