{"task_name":"TV2Nord Retrieval","task_description":"News Article and corresponding summaries extracted from the Danish newspaper TV2 Nord.","task_version":"1.1.1","time_of_run":"2024-07-15T19:25:50.818779","scores":{"da":{"ndcg_at_1":0.52051,"ndcg_at_3":0.6146,"ndcg_at_5":0.63517,"ndcg_at_10":0.65445,"ndcg_at_100":0.68254,"ndcg_at_1000":0.69172,"map_at_1":0.52051,"map_at_3":0.59188,"map_at_5":0.60333,"map_at_10":0.61129,"map_at_100":0.6169,"map_at_1000":0.61725,"recall_at_1":0.52051,"recall_at_3":0.68018,"recall_at_5":0.72998,"recall_at_10":0.78955,"recall_at_100":0.92285,"recall_at_1000":0.99512,"precision_at_1":0.52051,"precision_at_3":0.22673,"precision_at_5":0.146,"precision_at_10":0.07896,"precision_at_100":0.00923,"precision_at_1000":0.001,"mrr_at_1":0.52051,"mrr_at_3":0.59188,"mrr_at_5":0.60333,"mrr_at_10":0.61129,"mrr_at_100":0.6169,"mrr_at_1000":0.61725}},"main_score":"ndcg_at_10"}