{"task_name":"Twitterhjerne","task_description":"Danish question asked on Twitter with the Hashtag #Twitterhjerne ('Twitter brain') and their corresponding answer.","task_version":"1.1.1","time_of_run":"2024-07-15T19:27:26.549719","scores":{"da":{"ndcg_at_1":0.4359,"ndcg_at_3":0.34514,"ndcg_at_5":0.32975,"ndcg_at_10":0.36301,"ndcg_at_100":0.42701,"ndcg_at_1000":0.50665,"map_at_1":0.12799,"map_at_3":0.22283,"map_at_5":0.24799,"map_at_10":0.26825,"map_at_100":0.28838,"map_at_1000":0.29596,"recall_at_1":0.12799,"recall_at_3":0.25449,"recall_at_5":0.30598,"recall_at_10":0.38483,"recall_at_100":0.59081,"recall_at_1000":0.98718,"precision_at_1":0.4359,"precision_at_3":0.30769,"precision_at_5":0.22051,"precision_at_10":0.13462,"precision_at_100":0.02038,"precision_at_1000":0.00336,"mrr_at_1":0.4359,"mrr_at_3":0.5,"mrr_at_5":0.50897,"mrr_at_10":0.5156,"mrr_at_100":0.52109,"mrr_at_1000":0.52245}},"main_score":"ndcg_at_10"}