{"task_name":"Bornholm Parallel","task_description":"Danish Bornholmsk Parallel Corpus. Bornholmsk is a Danish dialect spoken on the island of Bornholm, Denmark. Historically it is a part of east Danish which was also spoken in Scania and Halland, Sweden.","task_version":"1.0.3.dev0","time_of_run":"2023-07-28T14:32:50.173389","scores":{"da":{"precision":0.4095412698412698,"recall":0.516,"f1":0.43885238095238094,"accuracy":0.516,"main_score":0.43885238095238094},"da-bornholm":{"precision":0.4095412698412698,"recall":0.516,"f1":0.43885238095238094,"accuracy":0.516,"main_score":0.43885238095238094}},"main_score":"f1"}