{"task_name":"Language Identification","task_description":"A dataset for Nordic language identification.","task_version":"1.0.3.dev0","time_of_run":"2023-07-28T14:37:47.048281","scores":{"da":{"accuracy":0.7514666666666667,"f1":0.7446082908776827,"accuracy_stderr":0.01527030524325635,"f1_stderr":0.016897118622117655,"main_score":0.7514666666666667},"sv":{"accuracy":0.7514666666666667,"f1":0.7446082908776827,"accuracy_stderr":0.01527030524325635,"f1_stderr":0.016897118622117655,"main_score":0.7514666666666667},"nb":{"accuracy":0.7514666666666667,"f1":0.7446082908776827,"accuracy_stderr":0.01527030524325635,"f1_stderr":0.016897118622117655,"main_score":0.7514666666666667},"nn":{"accuracy":0.7514666666666667,"f1":0.7446082908776827,"accuracy_stderr":0.01527030524325635,"f1_stderr":0.016897118622117655,"main_score":0.7514666666666667},"is":{"accuracy":0.7514666666666667,"f1":0.7446082908776827,"accuracy_stderr":0.01527030524325635,"f1_stderr":0.016897118622117655,"main_score":0.7514666666666667},"fo":{"accuracy":0.7514666666666667,"f1":0.7446082908776827,"accuracy_stderr":0.01527030524325635,"f1_stderr":0.016897118622117655,"main_score":0.7514666666666667}},"main_score":"accuracy"}