{"task_name":"Massive Scenario","task_description":"MASSIVE: A 1M-Example Multilingual Natural Language Understanding Dataset with 51 Typologically-Diverse Languages","task_version":"1.0.3.dev0","time_of_run":"2023-07-28T14:36:11.057817","scores":{"da":{"accuracy":0.623369199731002,"f1":0.6033919131144819,"accuracy_stderr":0.02133592922394949,"f1_stderr":0.022980437896054005,"main_score":0.623369199731002},"nb":{"accuracy":0.5990248823133827,"f1":0.580635279158187,"accuracy_stderr":0.028594581227804304,"f1_stderr":0.026449069332460447,"main_score":0.5990248823133827},"sv":{"accuracy":0.655413584398117,"f1":0.6396523071925566,"accuracy_stderr":0.023055791032083404,"f1_stderr":0.022890034079768754,"main_score":0.655413584398117}},"main_score":"accuracy"}