{"task_name":"Massive Intent","task_description":"MASSIVE: A 1M-Example Multilingual Natural Language Understanding Dataset with 51 Typologically-Diverse Languages","task_version":"1.0.3.dev0","time_of_run":"2023-07-28T14:35:20.733724","scores":{"da":{"accuracy":0.5463012777404169,"f1":0.5130844114989241,"accuracy_stderr":0.016338340737891303,"f1_stderr":0.015361853327497454,"main_score":0.5463012777404169},"nb":{"accuracy":0.5396099529253531,"f1":0.5038616252538654,"accuracy_stderr":0.018252261416206998,"f1_stderr":0.015047174447154914,"main_score":0.5396099529253531},"sv":{"accuracy":0.5660390047074646,"f1":0.5335715009690439,"accuracy_stderr":0.02211077102889151,"f1_stderr":0.018736645213923295,"main_score":0.5660390047074646}},"main_score":"accuracy"}