{"task_name":"ScaLA","task_description":"A linguistic acceptability task for Danish, Norwegian Bokmål Norwegian Nynorsk and Swedish.","task_version":"1.0.3.dev0","time_of_run":"2023-07-28T14:37:18.502824","scores":{"da":{"accuracy":0.502978515625,"f1":0.5000984079352366,"ap":0.5015594820057074,"accuracy_stderr":0.008247329048357703,"f1_stderr":0.008933543742687521,"ap_stderr":0.0041955426807901205,"main_score":0.502978515625},"nb":{"accuracy":0.5005859375,"f1":0.49645641828159215,"ap":0.5003378094873183,"accuracy_stderr":0.00596742817087976,"f1_stderr":0.005259225077254141,"ap_stderr":0.0030570670265529067,"main_score":0.5005859375},"sv":{"accuracy":0.502587890625,"f1":0.498080253669617,"ap":0.5013563033082432,"accuracy_stderr":0.007196311525125242,"f1_stderr":0.00709510779478793,"ap_stderr":0.003630166797194359,"main_score":0.502587890625},"nn":{"accuracy":0.502490234375,"f1":0.49978572373331137,"ap":0.5012775453002754,"accuracy_stderr":0.004919054949176476,"f1_stderr":0.004793719489681408,"ap_stderr":0.0024671941024635197,"main_score":0.502490234375}},"main_score":"accuracy"}