{
    "task_name": "SweFAQ",
    "task_description": "A Swedish QA dataset derived from FAQ",
    "task_version": "0.0.1",
    "time_of_run": "2023-09-04T19:43:03.190163",
    "scores": {
        "sv": {
            "ndcg_at_1": 0.53411,
            "ndcg_at_3": 0.65237,
            "ndcg_at_5": 0.68056,
            "ndcg_at_10": 0.70209,
            "ndcg_at_100": 0.72703,
            "ndcg_at_1000": 0.72935,
            "map_at_1": 0.53411,
            "map_at_3": 0.62378,
            "map_at_5": 0.63947,
            "map_at_10": 0.64841,
            "map_at_100": 0.6538,
            "map_at_1000": 0.6539,
            "recall_at_1": 0.53411,
            "recall_at_3": 0.73489,
            "recall_at_5": 0.80312,
            "recall_at_10": 0.8694,
            "recall_at_100": 0.98246,
            "recall_at_1000": 1.0,
            "precision_at_1": 0.53411,
            "precision_at_3": 0.24496,
            "precision_at_5": 0.16062,
            "precision_at_10": 0.08694,
            "precision_at_100": 0.00982,
            "precision_at_1000": 0.001,
            "mrr_at_1": 0.53411,
            "mrr_at_3": 0.62378,
            "mrr_at_5": 0.63947,
            "mrr_at_10": 0.64841,
            "mrr_at_100": 0.6538,
            "mrr_at_1000": 0.6539
        }
    },
    "main_score": "ndcg_at_10"
}