{"task_name":"DanFEVER","task_description":"A Danish dataset intended for misinformation research. It follows the same format as the English FEVER dataset.","task_version":"1.1.1","time_of_run":"2024-01-30T17:12:28.438243","scores":{"da":{"ndcg_at_1":0.26267,"ndcg_at_3":0.32476,"ndcg_at_5":0.33561,"ndcg_at_10":0.34559,"ndcg_at_100":0.35658,"ndcg_at_1000":0.35754,"map_at_1":0.26259,"map_at_3":0.30961,"map_at_5":0.31563,"map_at_10":0.31981,"map_at_100":0.3222,"map_at_1000":0.32224,"recall_at_1":0.26259,"recall_at_3":0.36851,"recall_at_5":0.39487,"recall_at_10":0.42539,"recall_at_100":0.47529,"recall_at_1000":0.48282,"precision_at_1":0.26267,"precision_at_3":0.12291,"precision_at_5":0.07902,"precision_at_10":0.04257,"precision_at_100":0.00476,"precision_at_1000":0.00048,"mrr_at_1":0.26267,"mrr_at_3":0.30964,"mrr_at_5":0.31566,"mrr_at_10":0.31985,"mrr_at_100":0.32222,"mrr_at_1000":0.32226}},"main_score":"ndcg_at_10"}