{"task_name":"Language Identification","task_description":"A dataset for Nordic language identification.","task_version":"1.1.1.dev0","time_of_run":"2023-11-15T16:34:59.248579","scores":{"da":{"accuracy":0.6252333333333333,"f1":0.6193653504972276,"accuracy_stderr":0.015101177290382226,"f1_stderr":0.014701958418252682,"main_score":0.6252333333333333},"sv":{"accuracy":0.6252333333333333,"f1":0.6193653504972276,"accuracy_stderr":0.015101177290382226,"f1_stderr":0.014701958418252682,"main_score":0.6252333333333333},"nb":{"accuracy":0.6252333333333333,"f1":0.6193653504972276,"accuracy_stderr":0.015101177290382226,"f1_stderr":0.014701958418252682,"main_score":0.6252333333333333},"nn":{"accuracy":0.6252333333333333,"f1":0.6193653504972276,"accuracy_stderr":0.015101177290382226,"f1_stderr":0.014701958418252682,"main_score":0.6252333333333333},"is":{"accuracy":0.6252333333333333,"f1":0.6193653504972276,"accuracy_stderr":0.015101177290382226,"f1_stderr":0.014701958418252682,"main_score":0.6252333333333333},"fo":{"accuracy":0.6252333333333333,"f1":0.6193653504972276,"accuracy_stderr":0.015101177290382226,"f1_stderr":0.014701958418252682,"main_score":0.6252333333333333}},"main_score":"accuracy"}