{"task_name":"Massive Scenario","task_description":"MASSIVE: A 1M-Example Multilingual Natural Language Understanding Dataset with 51 Typologically-Diverse Languages","task_version":"1.1.1.dev0","time_of_run":"2023-11-15T16:25:18.475077","scores":{"da":{"accuracy":0.7364828513786146,"f1":0.7264125769333567,"accuracy_stderr":0.015576680302857804,"f1_stderr":0.012842282118468157,"main_score":0.7364828513786146},"nb":{"accuracy":0.708238063214526,"f1":0.6970047543988354,"accuracy_stderr":0.010625686324592197,"f1_stderr":0.009124043502303395,"main_score":0.708238063214526},"sv":{"accuracy":0.6453934095494285,"f1":0.6292547297746359,"accuracy_stderr":0.008887625766883995,"f1_stderr":0.011402555574163658,"main_score":0.6453934095494285}},"main_score":"accuracy"}