{"task_name":"Massive Intent","task_description":"MASSIVE: A 1M-Example Multilingual Natural Language Understanding Dataset with 51 Typologically-Diverse Languages","task_version":"1.1.1.dev0","time_of_run":"2023-11-15T16:20:55.54355","scores":{"da":{"accuracy":0.6732683254875588,"f1":0.6351917795376865,"accuracy_stderr":0.009653348286521398,"f1_stderr":0.008252642158605205,"main_score":0.6732683254875588},"nb":{"accuracy":0.6429051782111634,"f1":0.6156286593697626,"accuracy_stderr":0.014413215890769491,"f1_stderr":0.012331367116296947,"main_score":0.6429051782111634},"sv":{"accuracy":0.6094821788836584,"f1":0.5712468350417064,"accuracy_stderr":0.013577238486933076,"f1_stderr":0.011368480806483552,"main_score":0.6094821788836584}},"main_score":"accuracy"}