{"task_name":"NorQuad","task_description":"Human-created question for Norwegian wikipedia passages.","task_version":"0.0.1","time_of_run":"2024-01-30T17:25:45.818666","scores":{"nb":{"ndcg_at_1":0.17676,"ndcg_at_3":0.1524,"ndcg_at_5":0.16457,"ndcg_at_10":0.18123,"ndcg_at_100":0.22777,"ndcg_at_1000":0.27764,"map_at_1":0.08838,"map_at_3":0.11955,"map_at_5":0.12624,"map_at_10":0.13294,"map_at_100":0.14093,"map_at_1000":0.14255,"recall_at_1":0.08838,"recall_at_3":0.14893,"recall_at_5":0.17285,"recall_at_10":0.21484,"recall_at_100":0.40527,"recall_at_1000":0.75049,"precision_at_1":0.17676,"precision_at_3":0.09928,"precision_at_5":0.06914,"precision_at_10":0.04297,"precision_at_100":0.00811,"precision_at_1000":0.0015,"mrr_at_1":0.17676,"mrr_at_3":0.2238,"mrr_at_5":0.23258,"mrr_at_10":0.24164,"mrr_at_100":0.25242,"mrr_at_1000":0.25363}},"main_score":"ndcg_at_10"}