{"task_name":"ScaLA","task_description":"A linguistic acceptability task for Danish, Norwegian Bokmål Norwegian Nynorsk and Swedish.","task_version":"1.1.1.dev0","time_of_run":"2023-11-15T16:31:58.002132","scores":{"da":{"accuracy":0.551806640625,"f1":0.5483321676008772,"ap":0.5287602312778555,"accuracy_stderr":0.018837090727898097,"f1_stderr":0.019875107739646018,"ap_stderr":0.011251095986871233,"main_score":0.551806640625},"nb":{"accuracy":0.540869140625,"f1":0.536871297585976,"ap":0.5224474391725933,"accuracy_stderr":0.01583123477614281,"f1_stderr":0.015290306640459092,"ap_stderr":0.00925803703070263,"main_score":0.540869140625},"sv":{"accuracy":0.530615234375,"f1":0.5284719501984025,"ap":0.5166866244399766,"accuracy_stderr":0.019816099110724704,"f1_stderr":0.0202551551304083,"ap_stderr":0.011209010599913208,"main_score":0.530615234375},"nn":{"accuracy":0.538134765625,"f1":0.5361146747111086,"ap":0.5207556851500014,"accuracy_stderr":0.012548828125,"f1_stderr":0.014622980691166156,"ap_stderr":0.007265564215843514,"main_score":0.538134765625}},"main_score":"accuracy"}