{"task_name":"SNL Retrieval","task_description":"Webscrabed articles and ingresses from the Norwegian lexicon 'Det Store Norske Leksikon'.","task_version":"0.0.1","time_of_run":"2024-01-30T17:25:09.505382","scores":{"nb":{"ndcg_at_1":0.53077,"ndcg_at_3":0.59111,"ndcg_at_5":0.61282,"ndcg_at_10":0.63309,"ndcg_at_100":0.67073,"ndcg_at_1000":0.6801,"map_at_1":0.53077,"map_at_3":0.57679,"map_at_5":0.58876,"map_at_10":0.59719,"map_at_100":0.6047,"map_at_1000":0.60508,"recall_at_1":0.53077,"recall_at_3":0.63231,"recall_at_5":0.68538,"recall_at_10":0.74769,"recall_at_100":0.92615,"recall_at_1000":0.99846,"precision_at_1":0.53077,"precision_at_3":0.21077,"precision_at_5":0.13708,"precision_at_10":0.07477,"precision_at_100":0.00926,"precision_at_1000":0.001,"mrr_at_1":0.53077,"mrr_at_3":0.57679,"mrr_at_5":0.58876,"mrr_at_10":0.59719,"mrr_at_100":0.6047,"mrr_at_1000":0.60508}},"main_score":"ndcg_at_10"}