{"task_name":"SwednRetrieval","task_description":"News Article Summary Semantic Similarity Estimation.","task_version":"0.0.1","time_of_run":"2024-01-30T17:29:14.690718","scores":{"sv":{"ndcg_at_1":0.47949,"ndcg_at_3":0.45657,"ndcg_at_5":0.49803,"ndcg_at_10":0.5348,"ndcg_at_100":0.59178,"ndcg_at_1000":0.60918,"map_at_1":0.23975,"map_at_3":0.40153,"map_at_5":0.43261,"map_at_10":0.45343,"map_at_100":0.46858,"map_at_1000":0.46936,"recall_at_1":0.23975,"recall_at_3":0.46436,"recall_at_5":0.54639,"recall_at_10":0.63867,"recall_at_100":0.86182,"recall_at_1000":0.97803,"precision_at_1":0.47949,"precision_at_3":0.30957,"precision_at_5":0.21855,"precision_at_10":0.12773,"precision_at_100":0.01724,"precision_at_1000":0.00196,"mrr_at_1":0.47949,"mrr_at_3":0.55859,"mrr_at_5":0.57153,"mrr_at_10":0.57974,"mrr_at_100":0.5856,"mrr_at_1000":0.58589}},"main_score":"ndcg_at_10"}