{"task_name":"SweFAQ","task_description":"A Swedish QA dataset derived from FAQ","task_version":"0.0.1","time_of_run":"2023-11-15T17:20:28.70611","scores":{"sv":{"ndcg_at_1":0.37622,"ndcg_at_3":0.49969,"ndcg_at_5":0.53535,"ndcg_at_10":0.57175,"ndcg_at_100":0.61258,"ndcg_at_1000":0.61583,"map_at_1":0.37622,"map_at_3":0.47076,"map_at_5":0.49074,"map_at_10":0.50566,"map_at_100":0.51389,"map_at_1000":0.51401,"recall_at_1":0.37622,"recall_at_3":0.58285,"recall_at_5":0.66862,"recall_at_10":0.78168,"recall_at_100":0.97466,"recall_at_1000":1.0,"precision_at_1":0.37622,"precision_at_3":0.19428,"precision_at_5":0.13372,"precision_at_10":0.07817,"precision_at_100":0.00975,"precision_at_1000":0.001,"mrr_at_1":0.37622,"mrr_at_3":0.47076,"mrr_at_5":0.49084,"mrr_at_10":0.50576,"mrr_at_100":0.51399,"mrr_at_1000":0.51411}},"main_score":"ndcg_at_10"}