{"task_name":"TV2Nord Retrieval","task_description":"News Article and corresponding summaries extracted from the Danish newspaper TV2 Nord.","task_version":"1.1.1","time_of_run":"2024-01-30T17:17:10.283664","scores":{"da":{"ndcg_at_1":0.79883,"ndcg_at_3":0.85625,"ndcg_at_5":0.86742,"ndcg_at_10":0.8765,"ndcg_at_100":0.8862,"ndcg_at_1000":0.88681,"map_at_1":0.79883,"map_at_3":0.84261,"map_at_5":0.84876,"map_at_10":0.85246,"map_at_100":0.85456,"map_at_1000":0.85459,"recall_at_1":0.79883,"recall_at_3":0.89551,"recall_at_5":0.92285,"recall_at_10":0.95117,"recall_at_100":0.99512,"recall_at_1000":1.0,"precision_at_1":0.79883,"precision_at_3":0.2985,"precision_at_5":0.18457,"precision_at_10":0.09512,"precision_at_100":0.00995,"precision_at_1000":0.001,"mrr_at_1":0.79883,"mrr_at_3":0.84261,"mrr_at_5":0.84876,"mrr_at_10":0.85246,"mrr_at_100":0.85456,"mrr_at_1000":0.85459}},"main_score":"ndcg_at_10"}