{"task_name":"Twitterhjerne","task_description":"Danish question asked on Twitter with the Hashtag #Twitterhjerne ('Twitter brain') and their corresponding answer.","task_version":"1.1.1","time_of_run":"2024-01-30T17:17:29.517549","scores":{"da":{"ndcg_at_1":0.94872,"ndcg_at_3":0.51291,"ndcg_at_5":0.51614,"ndcg_at_10":0.3994,"ndcg_at_100":0.21076,"ndcg_at_1000":0.1675,"map_at_1":0.45513,"map_at_3":0.5114,"map_at_5":0.6864,"map_at_10":0.69862,"map_at_100":0.70045,"map_at_1000":0.70056,"recall_at_1":0.45513,"recall_at_3":0.52244,"recall_at_5":0.94658,"recall_at_10":0.9797,"recall_at_100":0.99359,"recall_at_1000":1.0,"precision_at_1":0.14103,"precision_at_3":0.11966,"precision_at_5":0.08462,"precision_at_10":0.05513,"precision_at_100":0.00603,"precision_at_1000":0.00062,"mrr_at_1":0.71795,"mrr_at_3":0.77778,"mrr_at_5":0.78034,"mrr_at_10":0.78431,"mrr_at_100":0.78903,"mrr_at_1000":0.78903}},"main_score":"ndcg_at_10"}