{"task_name":"Bornholm Parallel","task_description":"Danish Bornholmsk Parallel Corpus. Bornholmsk is a Danish dialect spoken on the island of Bornholm, Denmark. Historically it is a part of east Danish which was also spoken in Scania and Halland, Sweden.","task_version":"1.1.0","time_of_run":"2023-08-25T19:03:42.815894","scores":{"da":{"precision":0.3140888888888889,"recall":0.388,"f1":0.33129538083538085,"accuracy":0.388,"main_score":0.33129538083538085},"da-bornholm":{"precision":0.3140888888888889,"recall":0.388,"f1":0.33129538083538085,"accuracy":0.388,"main_score":0.33129538083538085}},"main_score":"f1"}