{"task_name":"Language Identification","task_description":"A dataset for Nordic language identification.","task_version":"1.1.0","time_of_run":"2023-08-25T20:34:39.759602","scores":{"da":{"accuracy":0.4918666666666667,"f1":0.4773382827352514,"accuracy_stderr":0.013443875102729057,"f1_stderr":0.01722138526244745,"main_score":0.4918666666666667},"sv":{"accuracy":0.4918666666666667,"f1":0.4773382827352514,"accuracy_stderr":0.013443875102729057,"f1_stderr":0.01722138526244745,"main_score":0.4918666666666667},"nb":{"accuracy":0.4918666666666667,"f1":0.4773382827352514,"accuracy_stderr":0.013443875102729057,"f1_stderr":0.01722138526244745,"main_score":0.4918666666666667},"nn":{"accuracy":0.4918666666666667,"f1":0.4773382827352514,"accuracy_stderr":0.013443875102729057,"f1_stderr":0.01722138526244745,"main_score":0.4918666666666667},"is":{"accuracy":0.4918666666666667,"f1":0.4773382827352514,"accuracy_stderr":0.013443875102729057,"f1_stderr":0.01722138526244745,"main_score":0.4918666666666667},"fo":{"accuracy":0.4918666666666667,"f1":0.4773382827352514,"accuracy_stderr":0.013443875102729057,"f1_stderr":0.01722138526244745,"main_score":0.4918666666666667}},"main_score":"accuracy"}