{"task_name":"Language Identification","task_description":"A dataset for Nordic language identification.","task_version":"1.1.1","time_of_run":"2024-02-09T16:33:52.556228","scores":{"da":{"accuracy":0.4921333333333333,"f1":0.4776055608815297,"accuracy_stderr":0.013354316821828744,"f1_stderr":0.017353901592276837,"main_score":0.4921333333333333},"sv":{"accuracy":0.4921333333333333,"f1":0.4776055608815297,"accuracy_stderr":0.013354316821828744,"f1_stderr":0.017353901592276837,"main_score":0.4921333333333333},"nb":{"accuracy":0.4921333333333333,"f1":0.4776055608815297,"accuracy_stderr":0.013354316821828744,"f1_stderr":0.017353901592276837,"main_score":0.4921333333333333},"nn":{"accuracy":0.4921333333333333,"f1":0.4776055608815297,"accuracy_stderr":0.013354316821828744,"f1_stderr":0.017353901592276837,"main_score":0.4921333333333333},"is":{"accuracy":0.4921333333333333,"f1":0.4776055608815297,"accuracy_stderr":0.013354316821828744,"f1_stderr":0.017353901592276837,"main_score":0.4921333333333333},"fo":{"accuracy":0.4921333333333333,"f1":0.4776055608815297,"accuracy_stderr":0.013354316821828744,"f1_stderr":0.017353901592276837,"main_score":0.4921333333333333}},"main_score":"accuracy"}