{"task_name":"Massive Intent","task_description":"MASSIVE: A 1M-Example Multilingual Natural Language Understanding Dataset with 51 Typologically-Diverse Languages","task_version":"1.1.0","time_of_run":"2023-08-25T19:40:50.371002","scores":{"da":{"accuracy":0.5478816408876934,"f1":0.5255079395173758,"accuracy_stderr":0.011808176528751716,"f1_stderr":0.012305301753709167,"main_score":0.5478816408876934},"nb":{"accuracy":0.5505716207128446,"f1":0.5312820524166937,"accuracy_stderr":0.009970403962356815,"f1_stderr":0.010044542252980362,"main_score":0.5505716207128446},"sv":{"accuracy":0.5341963685272361,"f1":0.5109539366858403,"accuracy_stderr":0.016188875696151288,"f1_stderr":0.013650068066477075,"main_score":0.5341963685272361}},"main_score":"accuracy"}