{"task_name":"Massive Scenario","task_description":"MASSIVE: A 1M-Example Multilingual Natural Language Understanding Dataset with 51 Typologically-Diverse Languages","task_version":"1.1.0","time_of_run":"2023-08-25T19:53:24.436671","scores":{"da":{"accuracy":0.6176529926025556,"f1":0.6038965359995132,"accuracy_stderr":0.019397982666207497,"f1_stderr":0.01685601474320412,"main_score":0.6176529926025556},"nb":{"accuracy":0.6199058507061197,"f1":0.6080631394200557,"accuracy_stderr":0.021997473466064194,"f1_stderr":0.01871154463626231,"main_score":0.6199058507061197},"sv":{"accuracy":0.6209482178883657,"f1":0.5999037279010286,"accuracy_stderr":0.014220565370250168,"f1_stderr":0.013959514394638824,"main_score":0.6209482178883657}},"main_score":"accuracy"}