{"task_name":"Massive Scenario","task_description":"MASSIVE: A 1M-Example Multilingual Natural Language Understanding Dataset with 51 Typologically-Diverse Languages","task_version":"1.1.1","time_of_run":"2024-02-09T16:20:12.159751","scores":{"da":{"accuracy":0.6167451244115669,"f1":0.6033702542281691,"accuracy_stderr":0.020001383835491663,"f1_stderr":0.017450709903489108,"main_score":0.6167451244115669},"nb":{"accuracy":0.6192669804976463,"f1":0.608032257347631,"accuracy_stderr":0.021654468122927963,"f1_stderr":0.018517072831398553,"main_score":0.6192669804976463},"sv":{"accuracy":0.6214862138533961,"f1":0.6005621241992867,"accuracy_stderr":0.014715236153586496,"f1_stderr":0.014483022189637344,"main_score":0.6214862138533961}},"main_score":"accuracy"}