{"task_name":"Massive Intent","task_description":"MASSIVE: A 1M-Example Multilingual Natural Language Understanding Dataset with 51 Typologically-Diverse Languages","task_version":"1.1.1","time_of_run":"2024-02-09T16:14:50.205034","scores":{"da":{"accuracy":0.5478143913920646,"f1":0.5255815577236149,"accuracy_stderr":0.011925935377800765,"f1_stderr":0.012276232852155868,"main_score":0.5478143913920646},"nb":{"accuracy":0.5505379959650303,"f1":0.5314494289995741,"accuracy_stderr":0.009888248845126528,"f1_stderr":0.009897854755184869,"main_score":0.5505379959650303},"sv":{"accuracy":0.5331540013449899,"f1":0.509870826100367,"accuracy_stderr":0.01516860041139199,"f1_stderr":0.013290666028400988,"main_score":0.5331540013449899}},"main_score":"accuracy"}