{"task_name":"NorQuad","task_description":"Human-created question for Norwegian wikipedia passages.","task_version":"0.0.1","time_of_run":"2024-02-09T17:27:01.934340","scores":{"nb":{"ndcg_at_1":0.05078,"ndcg_at_3":0.04816,"ndcg_at_5":0.05684,"ndcg_at_10":0.06506,"ndcg_at_100":0.09997,"ndcg_at_1000":0.17211,"map_at_1":0.02539,"map_at_3":0.03581,"map_at_5":0.03986,"map_at_10":0.04258,"map_at_100":0.04698,"map_at_1000":0.04897,"recall_at_1":0.02539,"recall_at_3":0.04932,"recall_at_5":0.06641,"recall_at_10":0.0874,"recall_at_100":0.23926,"recall_at_1000":0.74561,"precision_at_1":0.05078,"precision_at_3":0.03288,"precision_at_5":0.02656,"precision_at_10":0.01748,"precision_at_100":0.00479,"precision_at_1000":0.00149,"mrr_at_1":0.05078,"mrr_at_3":0.07161,"mrr_at_5":0.07933,"mrr_at_10":0.08476,"mrr_at_100":0.093,"mrr_at_1000":0.09513}},"main_score":"ndcg_at_10"}