{"task_name":"ScaLA","task_description":"A linguistic acceptability task for Danish, Norwegian Bokmål Norwegian Nynorsk and Swedish.","task_version":"1.1.1","time_of_run":"2024-02-09T16:29:34.726595","scores":{"da":{"accuracy":0.510302734375,"f1":0.5048798360411484,"ap":0.505311589646941,"accuracy_stderr":0.007672233246870481,"f1_stderr":0.012076423484772593,"ap_stderr":0.00401395469478249,"main_score":0.510302734375},"nb":{"accuracy":0.509130859375,"f1":0.5014013890655242,"ap":0.5046962499320038,"accuracy_stderr":0.0071096499882429,"f1_stderr":0.013561992181027886,"ap_stderr":0.0036606055988993537,"main_score":0.509130859375},"sv":{"accuracy":0.503955078125,"f1":0.4968836496770074,"ap":0.502045510526257,"accuracy_stderr":0.006266191490230436,"f1_stderr":0.007596641059290209,"ap_stderr":0.0031707789786839936,"main_score":0.503955078125},"nn":{"accuracy":0.510107421875,"f1":0.5021378562566474,"ap":0.5051967401840992,"accuracy_stderr":0.006623549104557051,"f1_stderr":0.011011621682175734,"ap_stderr":0.0034750153624860526,"main_score":0.510107421875}},"main_score":"accuracy"}