{"task_name":"SNL Retrieval","task_description":"Webscrabed articles and ingresses from the Norwegian lexicon 'Det Store Norske Leksikon'.","task_version":"0.0.1","time_of_run":"2024-02-09T17:25:35.725529","scores":{"nb":{"ndcg_at_1":0.20692,"ndcg_at_3":0.25934,"ndcg_at_5":0.28198,"ndcg_at_10":0.30817,"ndcg_at_100":0.36444,"ndcg_at_1000":0.39982,"map_at_1":0.20692,"map_at_3":0.2459,"map_at_5":0.25855,"map_at_10":0.26926,"map_at_100":0.27888,"map_at_1000":0.28016,"recall_at_1":0.20692,"recall_at_3":0.29846,"recall_at_5":0.35308,"recall_at_10":0.43462,"recall_at_100":0.71923,"recall_at_1000":0.99923,"precision_at_1":0.20692,"precision_at_3":0.09949,"precision_at_5":0.07062,"precision_at_10":0.04346,"precision_at_100":0.00719,"precision_at_1000":0.001,"mrr_at_1":0.20692,"mrr_at_3":0.2459,"mrr_at_5":0.25855,"mrr_at_10":0.26926,"mrr_at_100":0.27888,"mrr_at_1000":0.28016}},"main_score":"ndcg_at_10"}