{"task_name":"SwednRetrieval","task_description":"News Article Summary Semantic Similarity Estimation.","task_version":"0.0.1","time_of_run":"2024-02-09T17:52:32.778580","scores":{"sv":{"ndcg_at_1":0.20117,"ndcg_at_3":0.15415,"ndcg_at_5":0.16605,"ndcg_at_10":0.17893,"ndcg_at_100":0.21514,"ndcg_at_1000":0.28892,"map_at_1":0.10059,"map_at_3":0.11963,"map_at_5":0.12505,"map_at_10":0.12953,"map_at_100":0.13492,"map_at_1000":0.13709,"recall_at_1":0.10059,"recall_at_3":0.14404,"recall_at_5":0.16797,"recall_at_10":0.2002,"recall_at_100":0.35059,"recall_at_1000":0.87598,"precision_at_1":0.20117,"precision_at_3":0.09603,"precision_at_5":0.06719,"precision_at_10":0.04004,"precision_at_100":0.00701,"precision_at_1000":0.00175,"mrr_at_1":0.20117,"mrr_at_3":0.23828,"mrr_at_5":0.24863,"mrr_at_10":0.25719,"mrr_at_100":0.26641,"mrr_at_1000":0.26783}},"main_score":"ndcg_at_10"}