{"task_name":"SweFAQ","task_description":"A Swedish QA dataset derived from FAQ","task_version":"0.0.1","time_of_run":"2024-02-09T17:43:44.149538","scores":{"sv":{"ndcg_at_1":0.14815,"ndcg_at_3":0.22658,"ndcg_at_5":0.24529,"ndcg_at_10":0.27498,"ndcg_at_100":0.35356,"ndcg_at_1000":0.37834,"map_at_1":0.14815,"map_at_3":0.20663,"map_at_5":0.21715,"map_at_10":0.22906,"map_at_100":0.24318,"map_at_1000":0.24428,"recall_at_1":0.14815,"recall_at_3":0.2846,"recall_at_5":0.32943,"recall_at_10":0.423,"recall_at_100":0.81481,"recall_at_1000":1.0,"precision_at_1":0.14815,"precision_at_3":0.09487,"precision_at_5":0.06589,"precision_at_10":0.0423,"precision_at_100":0.00815,"precision_at_1000":0.001,"mrr_at_1":0.14815,"mrr_at_3":0.20663,"mrr_at_5":0.21715,"mrr_at_10":0.22906,"mrr_at_100":0.24318,"mrr_at_1000":0.24428}},"main_score":"ndcg_at_10"}