{"task_name":"TV2Nord Retrieval","task_description":"News Article and corresponding summaries extracted from the Danish newspaper TV2 Nord.","task_version":"1.1.1","time_of_run":"2024-02-09T16:05:15.326920","scores":{"da":{"ndcg_at_1":0.2915,"ndcg_at_3":0.36201,"ndcg_at_5":0.38666,"ndcg_at_10":0.41316,"ndcg_at_100":0.46835,"ndcg_at_1000":0.48867,"map_at_1":0.2915,"map_at_3":0.3444,"map_at_5":0.35802,"map_at_10":0.36895,"map_at_100":0.37931,"map_at_1000":0.38008,"recall_at_1":0.2915,"recall_at_3":0.41309,"recall_at_5":0.47314,"recall_at_10":0.55518,"recall_at_100":0.82422,"recall_at_1000":0.98389,"precision_at_1":0.2915,"precision_at_3":0.1377,"precision_at_5":0.09463,"precision_at_10":0.05552,"precision_at_100":0.00824,"precision_at_1000":0.00098,"mrr_at_1":0.2915,"mrr_at_3":0.3444,"mrr_at_5":0.35802,"mrr_at_10":0.36895,"mrr_at_100":0.37931,"mrr_at_1000":0.38008}},"main_score":"ndcg_at_10"}