{"task_name":"Twitterhjerne","task_description":"Danish question asked on Twitter with the Hashtag #Twitterhjerne ('Twitter brain') and their corresponding answer.","task_version":"1.1.1","time_of_run":"2024-02-09T16:05:47.408207","scores":{"da":{"ndcg_at_1":0.08974,"ndcg_at_3":0.05572,"ndcg_at_5":0.05944,"ndcg_at_10":0.32685,"ndcg_at_100":0.48602,"ndcg_at_1000":0.49206,"map_at_1":0.02564,"map_at_3":0.03739,"map_at_5":0.04476,"map_at_10":0.10281,"map_at_100":0.1224,"map_at_1000":0.12298,"recall_at_1":0.02564,"recall_at_3":0.03953,"recall_at_5":0.05556,"recall_at_10":0.48718,"recall_at_100":0.97009,"recall_at_1000":1.0,"precision_at_1":0.08974,"precision_at_3":0.04701,"precision_at_5":0.03846,"precision_at_10":0.02692,"precision_at_100":0.00513,"precision_at_1000":0.00062,"mrr_at_1":0.44872,"mrr_at_3":0.49145,"mrr_at_5":0.5094,"mrr_at_10":0.52058,"mrr_at_100":0.53235,"mrr_at_1000":0.53245}},"main_score":"ndcg_at_10"}