{"task_name":"Bornholm Parallel","task_description":"Danish Bornholmsk Parallel Corpus. Bornholmsk is a Danish dialect spoken on the island of Bornholm, Denmark. Historically it is a part of east Danish which was also spoken in Scania and Halland, Sweden.","task_version":"1.1.1","time_of_run":"2024-02-09T18:05:12.400871","scores":{"da":{"precision":0.45882844932844935,"recall":0.546,"f1":0.4813063936063936,"accuracy":0.546,"main_score":0.4813063936063936},"da-bornholm":{"precision":0.45882844932844935,"recall":0.546,"f1":0.4813063936063936,"accuracy":0.546,"main_score":0.4813063936063936}},"main_score":"f1"}