{"task_name":"DanFEVER","task_description":"A Danish dataset intended for misinformation research. It follows the same format as the English FEVER dataset.","task_version":"1.1.1","time_of_run":"2024-02-09T18:17:00.910594","scores":{"da":{"ndcg_at_1":0.1941,"ndcg_at_3":0.22465,"ndcg_at_5":0.23222,"ndcg_at_10":0.24057,"ndcg_at_100":0.25946,"ndcg_at_1000":0.2707,"map_at_1":0.1941,"map_at_3":0.2173,"map_at_5":0.2215,"map_at_10":0.22493,"map_at_100":0.22834,"map_at_1000":0.22873,"recall_at_1":0.1941,"recall_at_3":0.24588,"recall_at_5":0.26424,"recall_at_10":0.29013,"recall_at_100":0.38357,"recall_at_1000":0.47395,"precision_at_1":0.1941,"precision_at_3":0.08196,"precision_at_5":0.05285,"precision_at_10":0.02901,"precision_at_100":0.00384,"precision_at_1000":0.00047,"mrr_at_1":0.1941,"mrr_at_3":0.2173,"mrr_at_5":0.2215,"mrr_at_10":0.22493,"mrr_at_100":0.22834,"mrr_at_1000":0.22873}},"main_score":"ndcg_at_10"}