{"task_name":"Language Identification","task_description":"A dataset for Nordic language identification.","task_version":"1.1.0","time_of_run":"2023-08-25T16:19:04.900942","scores":{"da":{"accuracy":0.45920000000000005,"f1":0.4333159560719455,"accuracy_stderr":0.01363997393285225,"f1_stderr":0.01344601089991843,"main_score":0.45920000000000005},"sv":{"accuracy":0.45920000000000005,"f1":0.4333159560719455,"accuracy_stderr":0.01363997393285225,"f1_stderr":0.01344601089991843,"main_score":0.45920000000000005},"nb":{"accuracy":0.45920000000000005,"f1":0.4333159560719455,"accuracy_stderr":0.01363997393285225,"f1_stderr":0.01344601089991843,"main_score":0.45920000000000005},"nn":{"accuracy":0.45920000000000005,"f1":0.4333159560719455,"accuracy_stderr":0.01363997393285225,"f1_stderr":0.01344601089991843,"main_score":0.45920000000000005},"is":{"accuracy":0.45920000000000005,"f1":0.4333159560719455,"accuracy_stderr":0.01363997393285225,"f1_stderr":0.01344601089991843,"main_score":0.45920000000000005},"fo":{"accuracy":0.45920000000000005,"f1":0.4333159560719455,"accuracy_stderr":0.01363997393285225,"f1_stderr":0.01344601089991843,"main_score":0.45920000000000005}},"main_score":"accuracy"}