{"task_name":"Language Identification","task_description":"A dataset for Nordic language identification.","task_version":"1.1.1","time_of_run":"2024-02-09T18:57:31.547347","scores":{"da":{"accuracy":0.45809999999999995,"f1":0.4317059817217975,"accuracy_stderr":0.013478418964321361,"f1_stderr":0.013125929517604234,"main_score":0.45809999999999995},"sv":{"accuracy":0.45809999999999995,"f1":0.4317059817217975,"accuracy_stderr":0.013478418964321361,"f1_stderr":0.013125929517604234,"main_score":0.45809999999999995},"nb":{"accuracy":0.45809999999999995,"f1":0.4317059817217975,"accuracy_stderr":0.013478418964321361,"f1_stderr":0.013125929517604234,"main_score":0.45809999999999995},"nn":{"accuracy":0.45809999999999995,"f1":0.4317059817217975,"accuracy_stderr":0.013478418964321361,"f1_stderr":0.013125929517604234,"main_score":0.45809999999999995},"is":{"accuracy":0.45809999999999995,"f1":0.4317059817217975,"accuracy_stderr":0.013478418964321361,"f1_stderr":0.013125929517604234,"main_score":0.45809999999999995},"fo":{"accuracy":0.45809999999999995,"f1":0.4317059817217975,"accuracy_stderr":0.013478418964321361,"f1_stderr":0.013125929517604234,"main_score":0.45809999999999995}},"main_score":"accuracy"}