{"task_name":"Massive Scenario","task_description":"MASSIVE: A 1M-Example Multilingual Natural Language Understanding Dataset with 51 Typologically-Diverse Languages","task_version":"1.1.1","time_of_run":"2024-02-09T18:43:49.938677","scores":{"da":{"accuracy":0.5988567585743106,"f1":0.5819987991703569,"accuracy_stderr":0.021204396226453093,"f1_stderr":0.019554708691878087,"main_score":0.5988567585743106},"nb":{"accuracy":0.5862811028917283,"f1":0.5763311295908983,"accuracy_stderr":0.026224371743117442,"f1_stderr":0.021585074801999046,"main_score":0.5862811028917283},"sv":{"accuracy":0.6472091459314055,"f1":0.6332832324825046,"accuracy_stderr":0.019254858865304526,"f1_stderr":0.01720307129741489,"main_score":0.6472091459314055}},"main_score":"accuracy"}