{"task_name":"Massive Intent","task_description":"MASSIVE: A 1M-Example Multilingual Natural Language Understanding Dataset with 51 Typologically-Diverse Languages","task_version":"1.1.1","time_of_run":"2024-02-09T18:38:28.964101","scores":{"da":{"accuracy":0.5315063887020848,"f1":0.499946460000538,"accuracy_stderr":0.011863438140574618,"f1_stderr":0.009691933127230707,"main_score":0.5315063887020848},"nb":{"accuracy":0.5181573638197714,"f1":0.49088217449341653,"accuracy_stderr":0.011524020815635198,"f1_stderr":0.011351390494581372,"main_score":0.5181573638197714},"sv":{"accuracy":0.57542030934768,"f1":0.5467904140128532,"accuracy_stderr":0.013387591048864299,"f1_stderr":0.010276149046084745,"main_score":0.57542030934768}},"main_score":"accuracy"}