{"task_name":"Massive Scenario","task_description":"MASSIVE: A 1M-Example Multilingual Natural Language Understanding Dataset with 51 Typologically-Diverse Languages","task_version":"1.1.0","time_of_run":"2023-08-25T15:37:39.841901","scores":{"da":{"accuracy":0.5999663752521855,"f1":0.5827803147643623,"accuracy_stderr":0.02068129742818657,"f1_stderr":0.019310926556921647,"main_score":0.5999663752521855},"nb":{"accuracy":0.5878950907868191,"f1":0.5773294342564773,"accuracy_stderr":0.025093255156122443,"f1_stderr":0.020854809459798913,"main_score":0.5878950907868191},"sv":{"accuracy":0.647848016139879,"f1":0.6336081856889688,"accuracy_stderr":0.019368000681285337,"f1_stderr":0.01740611220723243,"main_score":0.647848016139879}},"main_score":"accuracy"}