{"task_name":"Massive Intent","task_description":"MASSIVE: A 1M-Example Multilingual Natural Language Understanding Dataset with 51 Typologically-Diverse Languages","task_version":"1.1.0","time_of_run":"2023-08-25T15:24:52.893683","scores":{"da":{"accuracy":0.531607262945528,"f1":0.5001509970641951,"accuracy_stderr":0.011762896080211447,"f1_stderr":0.009606754098565996,"main_score":0.531607262945528},"nb":{"accuracy":0.5185272360457296,"f1":0.4913413045084699,"accuracy_stderr":0.011555813710775893,"f1_stderr":0.011544809864478837,"main_score":0.5185272360457296},"sv":{"accuracy":0.5752185608607936,"f1":0.5465171004538218,"accuracy_stderr":0.013005476961443814,"f1_stderr":0.010464756001748642,"main_score":0.5752185608607936}},"main_score":"accuracy"}