{"task_name":"NorQuad","task_description":"Human-created question for Norwegian wikipedia passages.","task_version":"0.0.1","time_of_run":"2024-02-09T19:50:31.065694","scores":{"nb":{"ndcg_at_1":0.06543,"ndcg_at_3":0.05442,"ndcg_at_5":0.06235,"ndcg_at_10":0.07,"ndcg_at_100":0.11253,"ndcg_at_1000":0.18102,"map_at_1":0.03271,"map_at_3":0.04134,"map_at_5":0.04508,"map_at_10":0.0477,"map_at_100":0.05339,"map_at_1000":0.05539,"recall_at_1":0.03271,"recall_at_3":0.05322,"recall_at_5":0.06885,"recall_at_10":0.08789,"recall_at_100":0.26904,"recall_at_1000":0.74756,"precision_at_1":0.06543,"precision_at_3":0.03548,"precision_at_5":0.02754,"precision_at_10":0.01758,"precision_at_100":0.00538,"precision_at_1000":0.0015,"mrr_at_1":0.06543,"mrr_at_3":0.08268,"mrr_at_5":0.08966,"mrr_at_10":0.0949,"mrr_at_100":0.10566,"mrr_at_1000":0.1076}},"main_score":"ndcg_at_10"}