{"task_name":"ScaLA","task_description":"A linguistic acceptability task for Danish, Norwegian Bokmål Norwegian Nynorsk and Swedish.","task_version":"1.1.1","time_of_run":"2024-02-09T18:53:18.137714","scores":{"da":{"accuracy":0.505322265625,"f1":0.5023377877806978,"ap":0.5027433701427292,"accuracy_stderr":0.007844326043728821,"f1_stderr":0.0078067710745912625,"ap_stderr":0.003939502811290251,"main_score":0.505322265625},"nb":{"accuracy":0.503369140625,"f1":0.4962947546614318,"ap":0.5017251705975488,"accuracy_stderr":0.004781417943460793,"f1_stderr":0.007903479113968374,"ap_stderr":0.002430846295414642,"main_score":0.503369140625},"sv":{"accuracy":0.50966796875,"f1":0.5024456885940733,"ap":0.5050215304973942,"accuracy_stderr":0.007670213072601149,"f1_stderr":0.011173287111827862,"ap_stderr":0.004053987304068138,"main_score":0.50966796875},"nn":{"accuracy":0.50322265625,"f1":0.4988183104808238,"ap":0.5016728863320786,"accuracy_stderr":0.007602775829746843,"f1_stderr":0.00797567252943538,"ap_stderr":0.0038798402998871306,"main_score":0.50322265625}},"main_score":"accuracy"}