{"task_name":"SNL Retrieval","task_description":"Webscrabed articles and ingresses from the Norwegian lexicon 'Det Store Norske Leksikon'.","task_version":"0.0.1","time_of_run":"2024-02-09T19:49:04.616367","scores":{"nb":{"ndcg_at_1":0.18,"ndcg_at_3":0.23976,"ndcg_at_5":0.26416,"ndcg_at_10":0.28791,"ndcg_at_100":0.35183,"ndcg_at_1000":0.3844,"map_at_1":0.18,"map_at_3":0.22436,"map_at_5":0.2379,"map_at_10":0.24763,"map_at_100":0.259,"map_at_1000":0.26017,"recall_at_1":0.18,"recall_at_3":0.28462,"recall_at_5":0.34385,"recall_at_10":0.41769,"recall_at_100":0.73692,"recall_at_1000":0.99538,"precision_at_1":0.18,"precision_at_3":0.09487,"precision_at_5":0.06877,"precision_at_10":0.04177,"precision_at_100":0.00737,"precision_at_1000":0.001,"mrr_at_1":0.18,"mrr_at_3":0.22436,"mrr_at_5":0.2379,"mrr_at_10":0.24763,"mrr_at_100":0.259,"mrr_at_1000":0.26017}},"main_score":"ndcg_at_10"}