{"task_name":"SwednRetrieval","task_description":"News Article Summary Semantic Similarity Estimation.","task_version":"0.0.1","time_of_run":"2024-02-09T20:16:11.802739","scores":{"sv":{"ndcg_at_1":0.26953,"ndcg_at_3":0.20436,"ndcg_at_5":0.21748,"ndcg_at_10":0.23236,"ndcg_at_100":0.28056,"ndcg_at_1000":0.35143,"map_at_1":0.13477,"map_at_3":0.16073,"map_at_5":0.16705,"map_at_10":0.17256,"map_at_100":0.1803,"map_at_1000":0.18295,"recall_at_1":0.13477,"recall_at_3":0.18945,"recall_at_5":0.21533,"recall_at_10":0.25293,"recall_at_100":0.45215,"recall_at_1000":0.94336,"precision_at_1":0.26953,"precision_at_3":0.1263,"precision_at_5":0.08613,"precision_at_10":0.05059,"precision_at_100":0.00904,"precision_at_1000":0.00189,"mrr_at_1":0.26953,"mrr_at_3":0.31364,"mrr_at_5":0.32482,"mrr_at_10":0.3338,"mrr_at_100":0.34538,"mrr_at_1000":0.34637}},"main_score":"ndcg_at_10"}