{"task_name":"SweFAQ","task_description":"A Swedish QA dataset derived from FAQ","task_version":"0.0.1","time_of_run":"2024-02-09T20:07:21.317348","scores":{"sv":{"ndcg_at_1":0.16764,"ndcg_at_3":0.25592,"ndcg_at_5":0.2784,"ndcg_at_10":0.31201,"ndcg_at_100":0.38962,"ndcg_at_1000":0.4083,"map_at_1":0.16764,"map_at_3":0.23392,"map_at_5":0.24639,"map_at_10":0.26001,"map_at_100":0.27428,"map_at_1000":0.27513,"recall_at_1":0.16764,"recall_at_3":0.31969,"recall_at_5":0.37427,"recall_at_10":0.47953,"recall_at_100":0.8616,"recall_at_1000":1.0,"precision_at_1":0.16764,"precision_at_3":0.10656,"precision_at_5":0.07485,"precision_at_10":0.04795,"precision_at_100":0.00862,"precision_at_1000":0.001,"mrr_at_1":0.16764,"mrr_at_3":0.23392,"mrr_at_5":0.24639,"mrr_at_10":0.26001,"mrr_at_100":0.27428,"mrr_at_1000":0.27513}},"main_score":"ndcg_at_10"}