{"task_name":"TV2Nord Retrieval","task_description":"News Article and corresponding summaries extracted from the Danish newspaper TV2 Nord.","task_version":"1.1.1","time_of_run":"2024-02-09T18:28:57.530548","scores":{"da":{"ndcg_at_1":0.33691,"ndcg_at_3":0.41727,"ndcg_at_5":0.44486,"ndcg_at_10":0.47238,"ndcg_at_100":0.52837,"ndcg_at_1000":0.54083,"map_at_1":0.33691,"map_at_3":0.39746,"map_at_5":0.41279,"map_at_10":0.42408,"map_at_100":0.43495,"map_at_1000":0.43544,"recall_at_1":0.33691,"recall_at_3":0.47461,"recall_at_5":0.5415,"recall_at_10":0.62695,"recall_at_100":0.896,"recall_at_1000":0.99316,"precision_at_1":0.33691,"precision_at_3":0.1582,"precision_at_5":0.1083,"precision_at_10":0.0627,"precision_at_100":0.00896,"precision_at_1000":0.00099,"mrr_at_1":0.33691,"mrr_at_3":0.39746,"mrr_at_5":0.41279,"mrr_at_10":0.42408,"mrr_at_100":0.43495,"mrr_at_1000":0.43544}},"main_score":"ndcg_at_10"}