{"task_name":"Twitterhjerne","task_description":"Danish question asked on Twitter with the Hashtag #Twitterhjerne ('Twitter brain') and their corresponding answer.","task_version":"1.1.1","time_of_run":"2024-02-09T18:29:29.650241","scores":{"da":{"ndcg_at_1":0.0641,"ndcg_at_3":0.04786,"ndcg_at_5":0.05248,"ndcg_at_10":0.31642,"ndcg_at_100":0.48166,"ndcg_at_1000":0.48589,"map_at_1":0.01816,"map_at_3":0.03098,"map_at_5":0.03974,"map_at_10":0.09354,"map_at_100":0.1156,"map_at_1000":0.11604,"recall_at_1":0.01816,"recall_at_3":0.03739,"recall_at_5":0.05449,"recall_at_10":0.4797,"recall_at_100":0.9797,"recall_at_1000":1.0,"precision_at_1":0.0641,"precision_at_3":0.04274,"precision_at_5":0.0359,"precision_at_10":0.02436,"precision_at_100":0.00538,"precision_at_1000":0.00062,"mrr_at_1":0.41026,"mrr_at_3":0.46154,"mrr_at_5":0.48205,"mrr_at_10":0.49592,"mrr_at_100":0.50654,"mrr_at_1000":0.50665}},"main_score":"ndcg_at_10"}