{"task_name":"Bornholm Parallel","task_description":"Danish Bornholmsk Parallel Corpus. Bornholmsk is a Danish dialect spoken on the island of Bornholm, Denmark. Historically it is a part of east Danish which was also spoken in Scania and Halland, Sweden.","task_version":"1.0.3.dev0","time_of_run":"2023-07-28T15:06:17.235844","scores":{"da":{"precision":0.41730555555555554,"recall":0.512,"f1":0.44161125541125534,"accuracy":0.512,"main_score":0.44161125541125534},"da-bornholm":{"precision":0.41730555555555554,"recall":0.512,"f1":0.44161125541125534,"accuracy":0.512,"main_score":0.44161125541125534}},"main_score":"f1"}