{"task_name":"Language Identification","task_description":"A dataset for Nordic language identification.","task_version":"1.0.3.dev0","time_of_run":"2023-07-28T16:22:06.887077","scores":{"da":{"accuracy":0.8229000000000001,"f1":0.8206563881623886,"accuracy_stderr":0.014915353759726172,"f1_stderr":0.015788421853285425,"main_score":0.8229000000000001},"sv":{"accuracy":0.8229000000000001,"f1":0.8206563881623886,"accuracy_stderr":0.014915353759726172,"f1_stderr":0.015788421853285425,"main_score":0.8229000000000001},"nb":{"accuracy":0.8229000000000001,"f1":0.8206563881623886,"accuracy_stderr":0.014915353759726172,"f1_stderr":0.015788421853285425,"main_score":0.8229000000000001},"nn":{"accuracy":0.8229000000000001,"f1":0.8206563881623886,"accuracy_stderr":0.014915353759726172,"f1_stderr":0.015788421853285425,"main_score":0.8229000000000001},"is":{"accuracy":0.8229000000000001,"f1":0.8206563881623886,"accuracy_stderr":0.014915353759726172,"f1_stderr":0.015788421853285425,"main_score":0.8229000000000001},"fo":{"accuracy":0.8229000000000001,"f1":0.8206563881623886,"accuracy_stderr":0.014915353759726172,"f1_stderr":0.015788421853285425,"main_score":0.8229000000000001}},"main_score":"accuracy"}