{"task_name":"Massive Intent","task_description":"MASSIVE: A 1M-Example Multilingual Natural Language Understanding Dataset with 51 Typologically-Diverse Languages","task_version":"1.0.3.dev0","time_of_run":"2023-07-28T15:49:20.62253","scores":{"da":{"accuracy":0.6478816408876933,"f1":0.6113513880493857,"accuracy_stderr":0.012939019665516943,"f1_stderr":0.014027371072647229,"main_score":0.6478816408876933},"nb":{"accuracy":0.6411230665770007,"f1":0.6047137612883793,"accuracy_stderr":0.015346336375965275,"f1_stderr":0.015787583497599157,"main_score":0.6411230665770007},"sv":{"accuracy":0.6730665770006725,"f1":0.6451692239685072,"accuracy_stderr":0.015159541447212228,"f1_stderr":0.017514814756512953,"main_score":0.6730665770006725}},"main_score":"accuracy"}