{"task_name":"Massive Scenario","task_description":"MASSIVE: A 1M-Example Multilingual Natural Language Understanding Dataset with 51 Typologically-Diverse Languages","task_version":"1.0.3.dev0","time_of_run":"2023-07-28T16:12:25.73477","scores":{"da":{"accuracy":0.7073638197713517,"f1":0.6946432292439878,"accuracy_stderr":0.015435224307893354,"f1_stderr":0.01770631067782571,"main_score":0.7073638197713517},"nb":{"accuracy":0.6903496973772698,"f1":0.6784970863633023,"accuracy_stderr":0.02128871451555135,"f1_stderr":0.02071048980607578,"main_score":0.6903496973772698},"sv":{"accuracy":0.726025554808339,"f1":0.7165731654076601,"accuracy_stderr":0.01763476177781155,"f1_stderr":0.017408014747716232,"main_score":0.726025554808339}},"main_score":"accuracy"}