{"task_name":"ScaLA","task_description":"A linguistic acceptability task for Danish, Norwegian Bokmål Norwegian Nynorsk and Swedish.","task_version":"1.0.3.dev0","time_of_run":"2023-07-28T16:19:08.493115","scores":{"da":{"accuracy":0.507666015625,"f1":0.5049715240952958,"ap":0.5039388956807812,"accuracy_stderr":0.00777594597756101,"f1_stderr":0.006847012471842685,"ap_stderr":0.003961191964303627,"main_score":0.507666015625},"nb":{"accuracy":0.504443359375,"f1":0.49994181341535004,"ap":0.502303914300857,"accuracy_stderr":0.007771038662922399,"f1_stderr":0.009913409401397389,"ap_stderr":0.003938512766658248,"main_score":0.504443359375},"sv":{"accuracy":0.506005859375,"f1":0.5022097482738339,"ap":0.5030833916943065,"accuracy_stderr":0.006063540969042095,"f1_stderr":0.006771170668302325,"ap_stderr":0.0031450150076508436,"main_score":0.506005859375},"nn":{"accuracy":0.504296875,"f1":0.5022861473814823,"ap":0.502227990980891,"accuracy_stderr":0.007887820510276825,"f1_stderr":0.007090004893742646,"ap_stderr":0.003918833648613709,"main_score":0.504296875}},"main_score":"accuracy"}