{"task_name":"SweFAQ","task_description":"A Swedish QA dataset derived from FAQ","task_version":"0.0.1","time_of_run":"2023-09-04T19:46:02.604168","scores":{"sv":{"ndcg_at_1":0.64133,"ndcg_at_3":0.74809,"ndcg_at_5":0.76588,"ndcg_at_10":0.78658,"ndcg_at_100":0.80298,"ndcg_at_1000":0.80326,"map_at_1":0.64133,"map_at_3":0.72287,"map_at_5":0.73281,"map_at_10":0.74129,"map_at_100":0.74527,"map_at_1000":0.74528,"recall_at_1":0.64133,"recall_at_3":0.82066,"recall_at_5":0.86355,"recall_at_10":0.92788,"recall_at_100":0.99805,"recall_at_1000":1.0,"precision_at_1":0.64133,"precision_at_3":0.27355,"precision_at_5":0.17271,"precision_at_10":0.09279,"precision_at_100":0.00998,"precision_at_1000":0.001,"mrr_at_1":0.64133,"mrr_at_3":0.72287,"mrr_at_5":0.73281,"mrr_at_10":0.74129,"mrr_at_100":0.74527,"mrr_at_1000":0.74528}},"main_score":"ndcg_at_10"}