{"task_name":"DanFEVER","task_description":"A Danish dataset intended for misinformation research. It follows the same format as the English FEVER dataset.","task_version":"1.1.1","time_of_run":"2024-07-18T14:21:51.980461","scores":{"da":{"ndcg_at_1":0.31524,"ndcg_at_3":0.39278,"ndcg_at_5":0.40088,"ndcg_at_10":0.40437,"ndcg_at_100":0.40604,"ndcg_at_1000":0.40609,"map_at_1":0.31508,"map_at_3":0.37438,"map_at_5":0.37893,"map_at_10":0.38042,"map_at_100":0.38081,"map_at_1000":0.38081,"recall_at_1":0.31508,"recall_at_3":0.44563,"recall_at_5":0.46509,"recall_at_10":0.4756,"recall_at_100":0.48298,"recall_at_1000":0.48329,"precision_at_1":0.31524,"precision_at_3":0.14865,"precision_at_5":0.09308,"precision_at_10":0.04759,"precision_at_100":0.00483,"precision_at_1000":0.00048,"mrr_at_1":0.31524,"mrr_at_3":0.3745,"mrr_at_5":0.37905,"mrr_at_10":0.38054,"mrr_at_100":0.3809,"mrr_at_1000":0.38091}},"main_score":"ndcg_at_10"}