{"task_name":"TV2Nord Retrieval","task_description":"News Article and corresponding summaries extracted from the Danish newspaper TV2 Nord.","task_version":"1.1.1","time_of_run":"2024-07-18T17:18:06.212566","scores":{"da":{"ndcg_at_1":0.89502,"ndcg_at_3":0.93344,"ndcg_at_5":0.9385,"ndcg_at_10":0.94245,"ndcg_at_100":0.94565,"ndcg_at_1000":0.94583,"map_at_1":0.89502,"map_at_3":0.92424,"map_at_5":0.92707,"map_at_10":0.92879,"map_at_100":0.92948,"map_at_1000":0.92948,"recall_at_1":0.89502,"recall_at_3":0.95996,"recall_at_5":0.97217,"recall_at_10":0.98389,"recall_at_100":0.99854,"recall_at_1000":1.0,"precision_at_1":0.89502,"precision_at_3":0.31999,"precision_at_5":0.19443,"precision_at_10":0.09839,"precision_at_100":0.00999,"precision_at_1000":0.001,"mrr_at_1":0.89502,"mrr_at_3":0.92424,"mrr_at_5":0.92707,"mrr_at_10":0.92879,"mrr_at_100":0.92948,"mrr_at_1000":0.92948}},"main_score":"ndcg_at_10"}