{"task_name":"Twitterhjerne","task_description":"Danish question asked on Twitter with the Hashtag #Twitterhjerne ('Twitter brain') and their corresponding answer.","task_version":"1.1.1","time_of_run":"2024-07-18T17:18:30.063475","scores":{"da":{"ndcg_at_1":0.74359,"ndcg_at_3":0.66461,"ndcg_at_5":0.66624,"ndcg_at_10":0.70573,"ndcg_at_100":0.76531,"ndcg_at_1000":0.77474,"map_at_1":0.23846,"map_at_3":0.4938,"map_at_5":0.57674,"map_at_10":0.61354,"map_at_100":0.63527,"map_at_1000":0.63628,"recall_at_1":0.23846,"recall_at_3":0.52543,"recall_at_5":0.64829,"recall_at_10":0.73974,"recall_at_100":0.93996,"recall_at_1000":0.98718,"precision_at_1":0.74359,"precision_at_3":0.58974,"precision_at_5":0.44615,"precision_at_10":0.25513,"precision_at_100":0.03205,"precision_at_1000":0.00336,"mrr_at_1":0.74359,"mrr_at_3":0.81197,"mrr_at_5":0.81774,"mrr_at_10":0.81957,"mrr_at_100":0.82208,"mrr_at_1000":0.82208}},"main_score":"ndcg_at_10"}