{"task_name":"Bornholm Parallel","task_description":"Danish Bornholmsk Parallel Corpus. Bornholmsk is a Danish dialect spoken on the island of Bornholm, Denmark. Historically it is a part of east Danish which was also spoken in Scania and Halland, Sweden.","task_version":"1.0.3.dev0","time_of_run":"2023-07-28T11:03:44.053892","scores":{"da":{"precision":0.007566666666666667,"recall":0.012,"f1":0.008466666666666667,"accuracy":0.012,"main_score":0.008466666666666667},"da-bornholm":{"precision":0.007566666666666667,"recall":0.012,"f1":0.008466666666666667,"accuracy":0.012,"main_score":0.008466666666666667}},"main_score":"f1"}