{"task_name":"DanFEVER","task_description":"A Danish dataset intended for misinformation research. It follows the same format as the English FEVER dataset.","task_version":"1.1.1","time_of_run":"2024-01-30T14:36:30.295007","scores":{"da":{"ndcg_at_1":0.00345,"ndcg_at_3":0.00548,"ndcg_at_5":0.00646,"ndcg_at_10":0.00863,"ndcg_at_100":0.01622,"ndcg_at_1000":0.03606,"map_at_1":0.00345,"map_at_3":0.00494,"map_at_5":0.00549,"map_at_10":0.00641,"map_at_100":0.00759,"map_at_1000":0.0081,"recall_at_1":0.00345,"recall_at_3":0.00706,"recall_at_5":0.00941,"recall_at_10":0.01601,"recall_at_100":0.05586,"recall_at_1000":0.22697,"precision_at_1":0.00345,"precision_at_3":0.00235,"precision_at_5":0.00188,"precision_at_10":0.0016,"precision_at_100":0.00056,"precision_at_1000":0.00023,"mrr_at_1":0.00345,"mrr_at_3":0.00494,"mrr_at_5":0.00549,"mrr_at_10":0.00641,"mrr_at_100":0.00759,"mrr_at_1000":0.0081}},"main_score":"ndcg_at_10"}