{"task_name":"Language Identification","task_description":"A dataset for Nordic language identification.","task_version":"1.0.3.dev0","time_of_run":"2023-07-28T11:07:53.799564","scores":{"da":{"accuracy":0.4453333333333333,"f1":0.4394329377426039,"accuracy_stderr":0.01224654146188947,"f1_stderr":0.013718232970041364,"main_score":0.4453333333333333},"sv":{"accuracy":0.4453333333333333,"f1":0.4394329377426039,"accuracy_stderr":0.01224654146188947,"f1_stderr":0.013718232970041364,"main_score":0.4453333333333333},"nb":{"accuracy":0.4453333333333333,"f1":0.4394329377426039,"accuracy_stderr":0.01224654146188947,"f1_stderr":0.013718232970041364,"main_score":0.4453333333333333},"nn":{"accuracy":0.4453333333333333,"f1":0.4394329377426039,"accuracy_stderr":0.01224654146188947,"f1_stderr":0.013718232970041364,"main_score":0.4453333333333333},"is":{"accuracy":0.4453333333333333,"f1":0.4394329377426039,"accuracy_stderr":0.01224654146188947,"f1_stderr":0.013718232970041364,"main_score":0.4453333333333333},"fo":{"accuracy":0.4453333333333333,"f1":0.4394329377426039,"accuracy_stderr":0.01224654146188947,"f1_stderr":0.013718232970041364,"main_score":0.4453333333333333}},"main_score":"accuracy"}