{"task_name":"Massive Intent","task_description":"MASSIVE: A 1M-Example Multilingual Natural Language Understanding Dataset with 51 Typologically-Diverse Languages","task_version":"1.0.3.dev0","time_of_run":"2023-07-28T11:05:34.775412","scores":{"da":{"accuracy":0.06513113651647613,"f1":0.05043467599564514,"accuracy_stderr":0.011214798579686689,"f1_stderr":0.0035046004441874334,"main_score":0.06513113651647613},"nb":{"accuracy":0.05655682582380632,"f1":0.04546233598378012,"accuracy_stderr":0.006670594050204399,"f1_stderr":0.004960950317012453,"main_score":0.05655682582380632},"sv":{"accuracy":0.0660053799596503,"f1":0.05218747326664214,"accuracy_stderr":0.005903130694545474,"f1_stderr":0.0038648945970980028,"main_score":0.0660053799596503}},"main_score":"accuracy"}