{"task_name":"Massive Scenario","task_description":"MASSIVE: A 1M-Example Multilingual Natural Language Understanding Dataset with 51 Typologically-Diverse Languages","task_version":"1.0.3.dev0","time_of_run":"2023-07-28T11:06:23.501961","scores":{"da":{"accuracy":0.11499663752521858,"f1":0.1002213125938091,"accuracy_stderr":0.006917224409212533,"f1_stderr":0.006521016859703459,"main_score":0.11499663752521858},"nb":{"accuracy":0.11264290517821118,"f1":0.09663541948337996,"accuracy_stderr":0.0071975812851916175,"f1_stderr":0.006912988810159833,"main_score":0.11264290517821118},"sv":{"accuracy":0.12155346334902488,"f1":0.10615364153403199,"accuracy_stderr":0.009327155941023088,"f1_stderr":0.00862797693736984,"main_score":0.12155346334902488}},"main_score":"accuracy"}