{"task_name":"NorQuad","task_description":"Human-created question for Norwegian wikipedia passages.","task_version":"0.0.1","time_of_run":"2024-01-30T14:38:23.277464","scores":{"nb":{"ndcg_at_1":0.00195,"ndcg_at_3":0.00195,"ndcg_at_5":0.00273,"ndcg_at_10":0.00387,"ndcg_at_100":0.01801,"ndcg_at_1000":0.10909,"map_at_1":0.00098,"map_at_3":0.00146,"map_at_5":0.00183,"map_at_10":0.0022,"map_at_100":0.00401,"map_at_1000":0.00605,"recall_at_1":0.00098,"recall_at_3":0.00195,"recall_at_5":0.00342,"recall_at_10":0.00635,"recall_at_100":0.06787,"recall_at_1000":0.72461,"precision_at_1":0.00195,"precision_at_3":0.0013,"precision_at_5":0.00137,"precision_at_10":0.00127,"precision_at_100":0.00136,"precision_at_1000":0.00145,"mrr_at_1":0.00195,"mrr_at_3":0.00293,"mrr_at_5":0.00366,"mrr_at_10":0.0044,"mrr_at_100":0.0077,"mrr_at_1000":0.01013}},"main_score":"ndcg_at_10"}