{"task_name":"Norwegian courts","task_description":"Nynorsk and Bokmål parallel corpus from Norwegian courts. Norway has two standardised written languages. Bokmål is a variant closer to Danish, while Nynorsk was created to resemble regional dialects of Norwegian.","task_version":"1.1.1","time_of_run":"2024-01-30T14:37:11.149088","scores":{"nb":{"precision":0.14467418546365915,"recall":0.2324561403508772,"f1":0.16601921470342523,"accuracy":0.2324561403508772,"main_score":0.16601921470342523},"nn":{"precision":0.14467418546365915,"recall":0.2324561403508772,"f1":0.16601921470342523,"accuracy":0.2324561403508772,"main_score":0.16601921470342523}},"main_score":"f1"}