{"task_name":"ScaLA","task_description":"A linguistic acceptability task for Danish, Norwegian Bokmål Norwegian Nynorsk and Swedish.","task_version":"1.1.1.dev0","time_of_run":"2023-09-13T15:49:40.394759","scores":{"da":{"accuracy":0.51669921875,"f1":0.515062187079973,"ap":0.5090642458395526,"accuracy_stderr":0.021386272826401365,"f1_stderr":0.022655896014508747,"ap_stderr":0.011367379192702396,"main_score":0.51669921875},"nb":{"accuracy":0.52412109375,"f1":0.5218775073234838,"ap":0.5129596203593526,"accuracy_stderr":0.016143142311866417,"f1_stderr":0.016662789571752212,"ap_stderr":0.00902197530405059,"main_score":0.52412109375},"sv":{"accuracy":0.708544921875,"f1":0.7078190534267823,"ap":0.6496661850879124,"accuracy_stderr":0.03287148396650812,"f1_stderr":0.033380149881587225,"ap_stderr":0.028335766796377563,"main_score":0.708544921875},"nn":{"accuracy":0.510302734375,"f1":0.5068111395849514,"ap":0.5055763387271746,"accuracy_stderr":0.017376845117751893,"f1_stderr":0.018871570815152693,"ap_stderr":0.008955982269814214,"main_score":0.510302734375}},"main_score":"accuracy"}