{"task_name":"SNL Retrieval","task_description":"Webscrabed articles and ingresses from the Norwegian lexicon 'Det Store Norske Leksikon'.","task_version":"0.0.1","time_of_run":"2024-01-30T14:38:17.475525","scores":{"nb":{"ndcg_at_1":0.00077,"ndcg_at_3":0.00164,"ndcg_at_5":0.00257,"ndcg_at_10":0.00379,"ndcg_at_100":0.01955,"ndcg_at_1000":0.09873,"map_at_1":0.00077,"map_at_3":0.00141,"map_at_5":0.00191,"map_at_10":0.00241,"map_at_100":0.00489,"map_at_1000":0.0067,"recall_at_1":0.00077,"recall_at_3":0.00231,"recall_at_5":0.00462,"recall_at_10":0.00846,"recall_at_100":0.09154,"recall_at_1000":0.78769,"precision_at_1":0.00077,"precision_at_3":0.00077,"precision_at_5":0.00092,"precision_at_10":0.00085,"precision_at_100":0.00092,"precision_at_1000":0.00079,"mrr_at_1":0.00077,"mrr_at_3":0.00141,"mrr_at_5":0.00191,"mrr_at_10":0.00241,"mrr_at_100":0.00489,"mrr_at_1000":0.0067}},"main_score":"ndcg_at_10"}