{"task_name":"SwednRetrieval","task_description":"News Article Summary Semantic Similarity Estimation.","task_version":"0.0.1","time_of_run":"2024-01-30T14:38:52.845957","scores":{"sv":{"ndcg_at_1":0.00195,"ndcg_at_3":0.00225,"ndcg_at_5":0.003,"ndcg_at_10":0.00359,"ndcg_at_100":0.01553,"ndcg_at_1000":0.07809,"map_at_1":0.00098,"map_at_3":0.00163,"map_at_5":0.00197,"map_at_10":0.00217,"map_at_100":0.00361,"map_at_1000":0.00484,"recall_at_1":0.00098,"recall_at_3":0.00244,"recall_at_5":0.00391,"recall_at_10":0.00537,"recall_at_100":0.05762,"recall_at_1000":0.50391,"precision_at_1":0.00195,"precision_at_3":0.00163,"precision_at_5":0.00156,"precision_at_10":0.00107,"precision_at_100":0.00115,"precision_at_1000":0.00101,"mrr_at_1":0.00195,"mrr_at_3":0.00326,"mrr_at_5":0.00394,"mrr_at_10":0.00435,"mrr_at_100":0.00722,"mrr_at_1000":0.00949}},"main_score":"ndcg_at_10"}