{"task_name":"SweFAQ","task_description":"A Swedish QA dataset derived from FAQ","task_version":"0.0.1","time_of_run":"2023-09-04T19:38:02.728295","scores":{"sv":{"ndcg_at_1":0.00195,"ndcg_at_3":0.00907,"ndcg_at_5":0.00983,"ndcg_at_10":0.01683,"ndcg_at_100":0.06125,"ndcg_at_1000":0.15204,"map_at_1":0.00195,"map_at_3":0.00747,"map_at_5":0.00786,"map_at_10":0.01079,"map_at_100":0.01741,"map_at_1000":0.02045,"recall_at_1":0.00195,"recall_at_3":0.01365,"recall_at_5":0.01559,"recall_at_10":0.03704,"recall_at_100":0.2729,"recall_at_1000":1.0,"precision_at_1":0.00195,"precision_at_3":0.00455,"precision_at_5":0.00312,"precision_at_10":0.0037,"precision_at_100":0.00273,"precision_at_1000":0.001,"mrr_at_1":0.00195,"mrr_at_3":0.00747,"mrr_at_5":0.00786,"mrr_at_10":0.01079,"mrr_at_100":0.01741,"mrr_at_1000":0.02045}},"main_score":"ndcg_at_10"}