{"task_name":"TV2Nord Retrieval","task_description":"News Article and corresponding summaries extracted from the Danish newspaper TV2 Nord.","task_version":"1.1.1","time_of_run":"2024-01-30T14:37:08.878490","scores":{"da":{"ndcg_at_1":0.00098,"ndcg_at_3":0.00184,"ndcg_at_5":0.00245,"ndcg_at_10":0.00352,"ndcg_at_100":0.01186,"ndcg_at_1000":0.06246,"map_at_1":0.00098,"map_at_3":0.00163,"map_at_5":0.00197,"map_at_10":0.00239,"map_at_100":0.00357,"map_at_1000":0.00473,"recall_at_1":0.00098,"recall_at_3":0.00244,"recall_at_5":0.00391,"recall_at_10":0.00732,"recall_at_100":0.05273,"recall_at_1000":0.49707,"precision_at_1":0.00098,"precision_at_3":0.00081,"precision_at_5":0.00078,"precision_at_10":0.00073,"precision_at_100":0.00053,"precision_at_1000":0.0005,"mrr_at_1":0.00098,"mrr_at_3":0.00163,"mrr_at_5":0.00197,"mrr_at_10":0.00239,"mrr_at_100":0.00357,"mrr_at_1000":0.00473}},"main_score":"ndcg_at_10"}