{"task_name":"Twitterhjerne","task_description":"Danish question asked on Twitter with the Hashtag #Twitterhjerne ('Twitter brain') and their corresponding answer.","task_version":"1.1.1","time_of_run":"2024-01-30T14:37:10.454522","scores":{"da":{"ndcg_at_1":0.01282,"ndcg_at_3":0.01805,"ndcg_at_5":0.02087,"ndcg_at_10":0.025,"ndcg_at_100":0.11293,"ndcg_at_1000":0.23401,"map_at_1":0.00214,"map_at_3":0.00783,"map_at_5":0.01008,"map_at_10":0.01175,"map_at_100":0.02396,"map_at_1000":0.0332,"recall_at_1":0.00214,"recall_at_3":0.01709,"recall_at_5":0.02671,"recall_at_10":0.03739,"recall_at_100":0.36282,"recall_at_1000":0.98718,"precision_at_1":0.01282,"precision_at_3":0.02137,"precision_at_5":0.01795,"precision_at_10":0.01282,"precision_at_100":0.01269,"precision_at_1000":0.00336,"mrr_at_1":0.01282,"mrr_at_3":0.02564,"mrr_at_5":0.03141,"mrr_at_10":0.03429,"mrr_at_100":0.05204,"mrr_at_1000":0.05393}},"main_score":"ndcg_at_10"}