{"task_name":"DanFEVER","task_description":"A Danish dataset intended for misinformation research. It follows the same format as the English FEVER dataset.","task_version":"1.1.1","time_of_run":"2025-05-16T10:01:31.750289","scores":{"da":{"ndcg_at_1":0.28966,"ndcg_at_3":0.36652,"ndcg_at_5":0.37757,"ndcg_at_10":0.38312,"ndcg_at_100":0.38751,"ndcg_at_1000":0.38774,"map_at_1":0.28958,"map_at_3":0.34821,"map_at_5":0.3544,"map_at_10":0.35672,"map_at_100":0.35779,"map_at_1000":0.3578,"recall_at_1":0.28958,"recall_at_3":0.41927,"recall_at_5":0.44579,"recall_at_10":0.46281,"recall_at_100":0.48156,"recall_at_1000":0.48329,"precision_at_1":0.28966,"precision_at_3":0.13981,"precision_at_5":0.08922,"precision_at_10":0.04632,"precision_at_100":0.00482,"precision_at_1000":0.00048,"mrr_at_1":0.28966,"mrr_at_3":0.34821,"mrr_at_5":0.35444,"mrr_at_10":0.35674,"mrr_at_100":0.3578,"mrr_at_1000":0.35781}},"main_score":"ndcg_at_10"}