{"task_name":"Language Identification","task_description":"A dataset for Nordic language identification.","task_version":"1.1.1","time_of_run":"2025-05-16T10:11:59.903828","scores":{"da":{"accuracy":0.8861333333333332,"f1":0.8847504871409599,"accuracy_stderr":0.00783326241102644,"f1_stderr":0.008321790706570669,"main_score":0.8861333333333332},"sv":{"accuracy":0.8861333333333332,"f1":0.8847504871409599,"accuracy_stderr":0.00783326241102644,"f1_stderr":0.008321790706570669,"main_score":0.8861333333333332},"nb":{"accuracy":0.8861333333333332,"f1":0.8847504871409599,"accuracy_stderr":0.00783326241102644,"f1_stderr":0.008321790706570669,"main_score":0.8861333333333332},"nn":{"accuracy":0.8861333333333332,"f1":0.8847504871409599,"accuracy_stderr":0.00783326241102644,"f1_stderr":0.008321790706570669,"main_score":0.8861333333333332},"is":{"accuracy":0.8861333333333332,"f1":0.8847504871409599,"accuracy_stderr":0.00783326241102644,"f1_stderr":0.008321790706570669,"main_score":0.8861333333333332},"fo":{"accuracy":0.8861333333333332,"f1":0.8847504871409599,"accuracy_stderr":0.00783326241102644,"f1_stderr":0.008321790706570669,"main_score":0.8861333333333332}},"main_score":"accuracy"}