{"task_name":"Massive Scenario","task_description":"MASSIVE: A 1M-Example Multilingual Natural Language Understanding Dataset with 51 Typologically-Diverse Languages","task_version":"1.1.1","time_of_run":"2025-05-16T10:08:41.012594","scores":{"da":{"accuracy":0.7834566240753194,"f1":0.7832486046690217,"accuracy_stderr":0.017362876898447142,"f1_stderr":0.014574988936273963,"main_score":0.7834566240753194},"nb":{"accuracy":0.773638197713517,"f1":0.7758293839944772,"accuracy_stderr":0.018076734476439035,"f1_stderr":0.015962405224894238,"main_score":0.773638197713517},"sv":{"accuracy":0.8004707464694014,"f1":0.7995980552883503,"accuracy_stderr":0.01554118238539668,"f1_stderr":0.013504303771123027,"main_score":0.8004707464694014}},"main_score":"accuracy"}