{"task_name":"Massive Intent","task_description":"MASSIVE: A 1M-Example Multilingual Natural Language Understanding Dataset with 51 Typologically-Diverse Languages","task_version":"1.1.1","time_of_run":"2025-05-16T10:06:59.634419","scores":{"da":{"accuracy":0.7479825151311366,"f1":0.7144950218494815,"accuracy_stderr":0.010145818430903454,"f1_stderr":0.009419808936427614,"main_score":0.7479825151311366},"nb":{"accuracy":0.7408876933423001,"f1":0.7109858175262256,"accuracy_stderr":0.01148195287838509,"f1_stderr":0.009677046963220285,"main_score":0.7408876933423001},"sv":{"accuracy":0.7758238063214525,"f1":0.7392612871533534,"accuracy_stderr":0.012315152825879062,"f1_stderr":0.010387700585729633,"main_score":0.7758238063214525}},"main_score":"accuracy"}