{"task_name":"NorQuad","task_description":"Human-created question for Norwegian wikipedia passages.","task_version":"0.0.1","time_of_run":"2025-05-16T10:16:24.540146","scores":{"nb":{"ndcg_at_1":0.38379,"ndcg_at_3":0.30862,"ndcg_at_5":0.32609,"ndcg_at_10":0.34067,"ndcg_at_100":0.37874,"ndcg_at_1000":0.41163,"map_at_1":0.19189,"map_at_3":0.24935,"map_at_5":0.25914,"map_at_10":0.26476,"map_at_100":0.27204,"map_at_1000":0.27318,"recall_at_1":0.19189,"recall_at_3":0.29443,"recall_at_5":0.3291,"recall_at_10":0.36621,"recall_at_100":0.51904,"recall_at_1000":0.74902,"precision_at_1":0.38379,"precision_at_3":0.19629,"precision_at_5":0.13164,"precision_at_10":0.07324,"precision_at_100":0.01038,"precision_at_1000":0.0015,"mrr_at_1":0.38379,"mrr_at_3":0.44889,"mrr_at_5":0.46086,"mrr_at_10":0.46901,"mrr_at_100":0.47732,"mrr_at_1000":0.47786}},"main_score":"ndcg_at_10"}