{"task_name":"Norwegian courts","task_description":"Nynorsk and Bokmål parallel corpus from Norwegian courts. Norway has two standardised written languages. Bokmål is a variant closer to Danish, while Nynorsk was created to resemble regional dialects of Norwegian.","task_version":"1.1.1","time_of_run":"2025-05-16T10:14:07.513295","scores":{"nb":{"precision":0.9364035087719298,"recall":0.9517543859649122,"f1":0.9415204678362573,"accuracy":0.9517543859649122,"main_score":0.9415204678362573},"nn":{"precision":0.9364035087719298,"recall":0.9517543859649122,"f1":0.9415204678362573,"accuracy":0.9517543859649122,"main_score":0.9415204678362573}},"main_score":"f1"}