{"task_name":"ScaLA","task_description":"A linguistic acceptability task for Danish, Norwegian Bokmål Norwegian Nynorsk and Swedish.","task_version":"1.1.1","time_of_run":"2025-05-16T10:10:59.984502","scores":{"da":{"accuracy":0.53037109375,"f1":0.5261455966210535,"ap":0.5164427457724402,"accuracy_stderr":0.010188126059175762,"f1_stderr":0.009976991848409458,"ap_stderr":0.005936159851232658,"main_score":0.53037109375},"nb":{"accuracy":0.526123046875,"f1":0.5243074029665264,"ap":0.5141951815300414,"accuracy_stderr":0.0213119523769511,"f1_stderr":0.02096325465698682,"ap_stderr":0.011778875022541536,"main_score":0.526123046875},"sv":{"accuracy":0.53017578125,"f1":0.5255939042728912,"ap":0.5163373398992747,"accuracy_stderr":0.019747098299126166,"f1_stderr":0.021993856437053788,"ap_stderr":0.011633203211988607,"main_score":0.53017578125},"nn":{"accuracy":0.521533203125,"f1":0.5184189374306809,"ap":0.5114225297469016,"accuracy_stderr":0.013171743082311317,"f1_stderr":0.013644716550835177,"ap_stderr":0.007342338980856337,"main_score":0.521533203125}},"main_score":"accuracy"}