{"task_name":"SwednRetrieval","task_description":"News Article Summary Semantic Similarity Estimation.","task_version":"0.0.1","time_of_run":"2025-05-16T10:21:08.955924","scores":{"sv":{"ndcg_at_1":0.74805,"ndcg_at_3":0.71964,"ndcg_at_5":0.7585,"ndcg_at_10":0.78224,"ndcg_at_100":0.80842,"ndcg_at_1000":0.81408,"map_at_1":0.37402,"map_at_3":0.68066,"map_at_5":0.7116,"map_at_10":0.72497,"map_at_100":0.73314,"map_at_1000":0.73341,"recall_at_1":0.37402,"recall_at_3":0.72461,"recall_at_5":0.80127,"recall_at_10":0.86084,"recall_at_100":0.9585,"recall_at_1000":0.99561,"precision_at_1":0.74805,"precision_at_3":0.48307,"precision_at_5":0.32051,"precision_at_10":0.17217,"precision_at_100":0.01917,"precision_at_1000":0.00199,"mrr_at_1":0.74805,"mrr_at_3":0.79329,"mrr_at_5":0.80203,"mrr_at_10":0.80745,"mrr_at_100":0.80959,"mrr_at_1000":0.80968}},"main_score":"ndcg_at_10"}