{"task_name":"SweFAQ","task_description":"A Swedish QA dataset derived from FAQ","task_version":"0.0.1","time_of_run":"2025-05-16T10:19:08.328652","scores":{"sv":{"ndcg_at_1":0.61793,"ndcg_at_3":0.7451,"ndcg_at_5":0.76573,"ndcg_at_10":0.78368,"ndcg_at_100":0.79851,"ndcg_at_1000":0.79875,"map_at_1":0.61793,"map_at_3":0.7154,"map_at_5":0.72671,"map_at_10":0.73429,"map_at_100":0.73804,"map_at_1000":0.73804,"recall_at_1":0.61793,"recall_at_3":0.83041,"recall_at_5":0.88109,"recall_at_10":0.93567,"recall_at_100":0.99805,"recall_at_1000":1.0,"precision_at_1":0.61793,"precision_at_3":0.2768,"precision_at_5":0.17622,"precision_at_10":0.09357,"precision_at_100":0.00998,"precision_at_1000":0.001,"mrr_at_1":0.61793,"mrr_at_3":0.7154,"mrr_at_5":0.72671,"mrr_at_10":0.73429,"mrr_at_100":0.73804,"mrr_at_1000":0.73804}},"main_score":"ndcg_at_10"}