{"task_name":"TV2Nord Retrieval","task_description":"News Article and corresponding summaries extracted from the Danish newspaper TV2 Nord.","task_version":"1.1.1","time_of_run":"2025-05-16T10:03:31.456592","scores":{"da":{"ndcg_at_1":0.87207,"ndcg_at_3":0.91634,"ndcg_at_5":0.92298,"ndcg_at_10":0.92792,"ndcg_at_100":0.93191,"ndcg_at_1000":0.93232,"map_at_1":0.87207,"map_at_3":0.90592,"map_at_5":0.90961,"map_at_10":0.91168,"map_at_100":0.91251,"map_at_1000":0.91252,"recall_at_1":0.87207,"recall_at_3":0.94629,"recall_at_5":0.9624,"recall_at_10":0.97754,"recall_at_100":0.99609,"recall_at_1000":0.99951,"precision_at_1":0.87207,"precision_at_3":0.31543,"precision_at_5":0.19248,"precision_at_10":0.09775,"precision_at_100":0.00996,"precision_at_1000":0.001,"mrr_at_1":0.87207,"mrr_at_3":0.90592,"mrr_at_5":0.90961,"mrr_at_10":0.91168,"mrr_at_100":0.91251,"mrr_at_1000":0.91252}},"main_score":"ndcg_at_10"}