{"task_name":"DanFEVER","task_description":"A Danish dataset intended for misinformation research. It follows the same format as the English FEVER dataset.","task_version":"1.1.1","time_of_run":"2024-01-30T11:15:55.753182","scores":{"da":{"ndcg_at_1":0.31069,"ndcg_at_3":0.38879,"ndcg_at_5":0.39644,"ndcg_at_10":0.40086,"ndcg_at_100":0.40312,"ndcg_at_1000":0.40326,"map_at_1":0.31061,"map_at_3":0.37063,"map_at_5":0.37491,"map_at_10":0.37681,"map_at_100":0.37737,"map_at_1000":0.37737,"recall_at_1":0.31061,"recall_at_3":0.44092,"recall_at_5":0.45928,"recall_at_10":0.47262,"recall_at_100":0.48219,"recall_at_1000":0.48329,"precision_at_1":0.31069,"precision_at_3":0.14703,"precision_at_5":0.09192,"precision_at_10":0.04731,"precision_at_100":0.00483,"precision_at_1000":0.00048,"mrr_at_1":0.31069,"mrr_at_3":0.37063,"mrr_at_5":0.37495,"mrr_at_10":0.3768,"mrr_at_100":0.37736,"mrr_at_1000":0.37736}},"main_score":"ndcg_at_10"}