{"task_name":"Language Identification","task_description":"A dataset for Nordic language identification.","task_version":"1.1.1.dev0","time_of_run":"2023-09-25T16:46:11.767498","scores":{"da":{"accuracy":0.7585999999999999,"f1":0.7523494474978634,"accuracy_stderr":0.011863857345362482,"f1_stderr":0.0128638527317893,"main_score":0.7585999999999999},"sv":{"accuracy":0.7585999999999999,"f1":0.7523494474978634,"accuracy_stderr":0.011863857345362482,"f1_stderr":0.0128638527317893,"main_score":0.7585999999999999},"nb":{"accuracy":0.7585999999999999,"f1":0.7523494474978634,"accuracy_stderr":0.011863857345362482,"f1_stderr":0.0128638527317893,"main_score":0.7585999999999999},"nn":{"accuracy":0.7585999999999999,"f1":0.7523494474978634,"accuracy_stderr":0.011863857345362482,"f1_stderr":0.0128638527317893,"main_score":0.7585999999999999},"is":{"accuracy":0.7585999999999999,"f1":0.7523494474978634,"accuracy_stderr":0.011863857345362482,"f1_stderr":0.0128638527317893,"main_score":0.7585999999999999},"fo":{"accuracy":0.7585999999999999,"f1":0.7523494474978634,"accuracy_stderr":0.011863857345362482,"f1_stderr":0.0128638527317893,"main_score":0.7585999999999999}},"main_score":"accuracy"}