{"task_name":"Massive Intent","task_description":"MASSIVE: A 1M-Example Multilingual Natural Language Understanding Dataset with 51 Typologically-Diverse Languages","task_version":"1.1.1.dev0","time_of_run":"2023-09-25T16:41:29.304607","scores":{"da":{"accuracy":0.6062205783456623,"f1":0.5689865700059744,"accuracy_stderr":0.017785838882924798,"f1_stderr":0.014917350460261347,"main_score":0.6062205783456623},"nb":{"accuracy":0.5997646267652993,"f1":0.5658332162535938,"accuracy_stderr":0.015078028296126048,"f1_stderr":0.014893568396365962,"main_score":0.5997646267652993},"sv":{"accuracy":0.6242434431741761,"f1":0.5880553337086173,"accuracy_stderr":0.01832116827487102,"f1_stderr":0.017015923001762353,"main_score":0.6242434431741761}},"main_score":"accuracy"}