{"task_name":"Massive Scenario","task_description":"MASSIVE: A 1M-Example Multilingual Natural Language Understanding Dataset with 51 Typologically-Diverse Languages","task_version":"1.1.1.dev0","time_of_run":"2023-09-25T16:43:00.762179","scores":{"da":{"accuracy":0.6796570275722933,"f1":0.6641354513881321,"accuracy_stderr":0.016332111492628056,"f1_stderr":0.018540512366687925,"main_score":0.6796570275722933},"nb":{"accuracy":0.6650638870208473,"f1":0.6521994400105137,"accuracy_stderr":0.01802013574776764,"f1_stderr":0.015684749070903847,"main_score":0.6650638870208473},"sv":{"accuracy":0.6930060524546067,"f1":0.6763732947857418,"accuracy_stderr":0.01817354630196441,"f1_stderr":0.019492714112551015,"main_score":0.6930060524546067}},"main_score":"accuracy"}