{"task_name":"NorQuad","task_description":"Human-created question for Norwegian wikipedia passages.","task_version":"0.0.1","time_of_run":"2024-01-30T11:22:48.320073","scores":{"nb":{"ndcg_at_1":0.25195,"ndcg_at_3":0.19289,"ndcg_at_5":0.20283,"ndcg_at_10":0.21858,"ndcg_at_100":0.25434,"ndcg_at_1000":0.30711,"map_at_1":0.12598,"map_at_3":0.15682,"map_at_5":0.16192,"map_at_10":0.16831,"map_at_100":0.17476,"map_at_1000":0.17643,"recall_at_1":0.12598,"recall_at_3":0.18018,"recall_at_5":0.2002,"recall_at_10":0.23975,"recall_at_100":0.38574,"recall_at_1000":0.75195,"precision_at_1":0.25195,"precision_at_3":0.12012,"precision_at_5":0.08008,"precision_at_10":0.04795,"precision_at_100":0.00771,"precision_at_1000":0.0015,"mrr_at_1":0.25195,"mrr_at_3":0.28402,"mrr_at_5":0.29149,"mrr_at_10":0.30002,"mrr_at_100":0.30789,"mrr_at_1000":0.30922}},"main_score":"ndcg_at_10"}