{"task_name":"Norwegian courts","task_description":"Nynorsk and Bokmål parallel corpus from Norwegian courts. Norway has two standardised written languages. Bokmål is a variant closer to Danish, while Nynorsk was created to resemble regional dialects of Norwegian.","task_version":"1.1.1","time_of_run":"2024-01-30T11:18:27.452453","scores":{"nb":{"precision":0.885233918128655,"recall":0.9166666666666666,"f1":0.8954678362573099,"accuracy":0.9166666666666666,"main_score":0.8954678362573099},"nn":{"precision":0.885233918128655,"recall":0.9166666666666666,"f1":0.8954678362573099,"accuracy":0.9166666666666666,"main_score":0.8954678362573099}},"main_score":"f1"}