{"task_name":"ScaLA","task_description":"A linguistic acceptability task for Danish, Norwegian Bokmål Norwegian Nynorsk and Swedish.","task_version":"1.1.1.dev0","time_of_run":"2023-09-25T16:45:07.312295","scores":{"da":{"accuracy":0.50673828125,"f1":0.5035767046866525,"ap":0.5035243081073488,"accuracy_stderr":0.009595192468411427,"f1_stderr":0.009243292175432646,"ap_stderr":0.004909569318594445,"main_score":0.50673828125},"nb":{"accuracy":0.502392578125,"f1":0.4982194666611958,"ap":0.501254074929416,"accuracy_stderr":0.0074707031249999995,"f1_stderr":0.008043441095830797,"ap_stderr":0.0037513686612729163,"main_score":0.502392578125},"sv":{"accuracy":0.503759765625,"f1":0.5009915979641681,"ap":0.5019932178718128,"accuracy_stderr":0.009743749913869568,"f1_stderr":0.011107709893542246,"ap_stderr":0.004932863893043515,"main_score":0.503759765625},"nn":{"accuracy":0.505419921875,"f1":0.5033920658634355,"ap":0.5028718352203354,"accuracy_stderr":0.010954162983816948,"f1_stderr":0.012034642067722754,"ap_stderr":0.005576471535713489,"main_score":0.505419921875}},"main_score":"accuracy"}