{"task_name":"SNL Retrieval","task_description":"Webscrabed articles and ingresses from the Norwegian lexicon 'Det Store Norske Leksikon'.","task_version":"0.0.1","time_of_run":"2024-01-30T11:22:28.952398","scores":{"nb":{"ndcg_at_1":0.90846,"ndcg_at_3":0.9356,"ndcg_at_5":0.94007,"ndcg_at_10":0.94206,"ndcg_at_100":0.94495,"ndcg_at_1000":0.94688,"map_at_1":0.90846,"map_at_3":0.92949,"map_at_5":0.93199,"map_at_10":0.93281,"map_at_100":0.93329,"map_at_1000":0.93336,"recall_at_1":0.90846,"recall_at_3":0.95308,"recall_at_5":0.96385,"recall_at_10":0.97,"recall_at_100":0.98462,"recall_at_1000":1.0,"precision_at_1":0.90846,"precision_at_3":0.31769,"precision_at_5":0.19277,"precision_at_10":0.097,"precision_at_100":0.00985,"precision_at_1000":0.001,"mrr_at_1":0.90846,"mrr_at_3":0.92949,"mrr_at_5":0.93199,"mrr_at_10":0.93281,"mrr_at_100":0.93329,"mrr_at_1000":0.93336}},"main_score":"ndcg_at_10"}