{"task_name":"SwednRetrieval","task_description":"News Article Summary Semantic Similarity Estimation.","task_version":"0.0.1","time_of_run":"2024-01-22T21:05:10.182137","scores":{"sv":{"ndcg_at_1":0.549,"ndcg_at_3":0.52531,"ndcg_at_5":0.57173,"ndcg_at_10":0.60683,"ndcg_at_100":0.65156,"ndcg_at_1000":0.66375,"map_at_1":0.2745,"map_at_3":0.46698,"map_at_5":0.50327,"map_at_10":0.5235,"map_at_100":0.5362,"map_at_1000":0.5368,"recall_at_1":0.2745,"recall_at_3":0.53445,"recall_at_5":0.62563,"recall_at_10":0.71389,"recall_at_100":0.88598,"recall_at_1000":0.96569,"precision_at_1":0.549,"precision_at_3":0.3563,"precision_at_5":0.25025,"precision_at_10":0.14278,"precision_at_100":0.01772,"precision_at_1000":0.00193,"mrr_at_1":0.54873,"mrr_at_3":0.63218,"mrr_at_5":0.64433,"mrr_at_10":0.65131,"mrr_at_100":0.65544,"mrr_at_1000":0.65564}},"main_score":"ndcg_at_10"}