{"task_name":"SweFAQ","task_description":"A Swedish QA dataset derived from FAQ","task_version":"0.0.1","time_of_run":"2023-09-25T17:56:48.579561","scores":{"sv":{"ndcg_at_1":0.51072,"ndcg_at_3":0.64072,"ndcg_at_5":0.66522,"ndcg_at_10":0.69491,"ndcg_at_100":0.71858,"ndcg_at_1000":0.71934,"map_at_1":0.51072,"map_at_3":0.60884,"map_at_5":0.62268,"map_at_10":0.63495,"map_at_100":0.63977,"map_at_1000":0.6398,"recall_at_1":0.51072,"recall_at_3":0.73294,"recall_at_5":0.79142,"recall_at_10":0.88304,"recall_at_100":0.99415,"recall_at_1000":1.0,"precision_at_1":0.51072,"precision_at_3":0.24431,"precision_at_5":0.15828,"precision_at_10":0.0883,"precision_at_100":0.00994,"precision_at_1000":0.001,"mrr_at_1":0.51072,"mrr_at_3":0.60884,"mrr_at_5":0.62268,"mrr_at_10":0.63495,"mrr_at_100":0.63977,"mrr_at_1000":0.6398}},"main_score":"ndcg_at_10"}