{"task_name":"TV2Nord Retrieval","task_description":"News Article and corresponding summaries extracted from the Danish newspaper TV2 Nord.","task_version":"1.1.1","time_of_run":"2024-01-30T11:18:18.430894","scores":{"da":{"ndcg_at_1":0.87207,"ndcg_at_3":0.91488,"ndcg_at_5":0.92322,"ndcg_at_10":0.92682,"ndcg_at_100":0.93144,"ndcg_at_1000":0.93209,"map_at_1":0.87207,"map_at_3":0.90495,"map_at_5":0.90964,"map_at_10":0.91111,"map_at_100":0.91225,"map_at_1000":0.91227,"recall_at_1":0.87207,"recall_at_3":0.94336,"recall_at_5":0.96338,"recall_at_10":0.97461,"recall_at_100":0.99414,"recall_at_1000":0.99951,"precision_at_1":0.87207,"precision_at_3":0.31445,"precision_at_5":0.19268,"precision_at_10":0.09746,"precision_at_100":0.00994,"precision_at_1000":0.001,"mrr_at_1":0.87207,"mrr_at_3":0.90495,"mrr_at_5":0.90964,"mrr_at_10":0.91111,"mrr_at_100":0.91225,"mrr_at_1000":0.91227}},"main_score":"ndcg_at_10"}