{"task_name":"Twitterhjerne","task_description":"Danish question asked on Twitter with the Hashtag #Twitterhjerne ('Twitter brain') and their corresponding answer.","task_version":"1.1.1","time_of_run":"2024-01-30T11:18:24.715429","scores":{"da":{"ndcg_at_1":0.70513,"ndcg_at_3":0.61753,"ndcg_at_5":0.60975,"ndcg_at_10":0.65398,"ndcg_at_100":0.72958,"ndcg_at_1000":0.73774,"map_at_1":0.23162,"map_at_3":0.45078,"map_at_5":0.51373,"map_at_10":0.55273,"map_at_100":0.57852,"map_at_1000":0.5793,"recall_at_1":0.23162,"recall_at_3":0.48889,"recall_at_5":0.5844,"recall_at_10":0.6859,"recall_at_100":0.94145,"recall_at_1000":0.98718,"precision_at_1":0.70513,"precision_at_3":0.54274,"precision_at_5":0.39744,"precision_at_10":0.23462,"precision_at_100":0.03244,"precision_at_1000":0.00336,"mrr_at_1":0.70513,"mrr_at_3":0.7735,"mrr_at_5":0.77991,"mrr_at_10":0.78262,"mrr_at_100":0.78579,"mrr_at_1000":0.78585}},"main_score":"ndcg_at_10"}