{"task_name":"DanFEVER","task_description":"A Danish dataset intended for misinformation research. It follows the same format as the English FEVER dataset.","task_version":"1.1.1","time_of_run":"2024-02-19T10:29:38.450736","scores":{"da":{"ndcg_at_1":0.26393,"ndcg_at_3":0.3431,"ndcg_at_5":0.35529,"ndcg_at_10":0.36361,"ndcg_at_100":0.37006,"ndcg_at_1000":0.37046,"map_at_1":0.26385,"map_at_3":0.32447,"map_at_5":0.33126,"map_at_10":0.33473,"map_at_100":0.33621,"map_at_1000":0.33623,"recall_at_1":0.26385,"recall_at_3":0.39667,"recall_at_5":0.42609,"recall_at_10":0.45167,"recall_at_100":0.48031,"recall_at_1000":0.48329,"precision_at_1":0.26393,"precision_at_3":0.13228,"precision_at_5":0.08527,"precision_at_10":0.04519,"precision_at_100":0.00481,"precision_at_1000":0.00048,"mrr_at_1":0.26393,"mrr_at_3":0.32447,"mrr_at_5":0.33128,"mrr_at_10":0.33475,"mrr_at_100":0.33622,"mrr_at_1000":0.33623}},"main_score":"ndcg_at_10"}