{"task_name":"DanFEVER","task_description":"A Danish dataset intended for misinformation research. It follows the same format as the English FEVER dataset.","task_version":"1.1.1","time_of_run":"2024-02-19T17:40:45.928545","scores":{"da":{"ndcg_at_1":0.29562,"ndcg_at_3":0.38425,"ndcg_at_5":0.39156,"ndcg_at_10":0.39523,"ndcg_at_100":0.39805,"ndcg_at_1000":0.3981,"map_at_1":0.29554,"map_at_3":0.36397,"map_at_5":0.36807,"map_at_10":0.36965,"map_at_100":0.37033,"map_at_1000":0.37033,"recall_at_1":0.29554,"recall_at_3":0.44226,"recall_at_5":0.45975,"recall_at_10":0.47081,"recall_at_100":0.48298,"recall_at_1000":0.48329,"precision_at_1":0.29562,"precision_at_3":0.1475,"precision_at_5":0.09201,"precision_at_10":0.04712,"precision_at_100":0.00483,"precision_at_1000":0.00048,"mrr_at_1":0.29562,"mrr_at_3":0.36404,"mrr_at_5":0.36815,"mrr_at_10":0.36971,"mrr_at_100":0.37039,"mrr_at_1000":0.37039}},"main_score":"ndcg_at_10"}