{"task_name":"Language Identification","task_description":"A dataset for Nordic language identification.","task_version":"1.1.1","time_of_run":"2024-02-19T11:36:19.287594","scores":{"da":{"accuracy":0.8248333333333333,"f1":0.8222780965656747,"accuracy_stderr":0.00804052237109007,"f1_stderr":0.008411341315971493,"main_score":0.8248333333333333},"sv":{"accuracy":0.8248333333333333,"f1":0.8222780965656747,"accuracy_stderr":0.00804052237109007,"f1_stderr":0.008411341315971493,"main_score":0.8248333333333333},"nb":{"accuracy":0.8248333333333333,"f1":0.8222780965656747,"accuracy_stderr":0.00804052237109007,"f1_stderr":0.008411341315971493,"main_score":0.8248333333333333},"nn":{"accuracy":0.8248333333333333,"f1":0.8222780965656747,"accuracy_stderr":0.00804052237109007,"f1_stderr":0.008411341315971493,"main_score":0.8248333333333333},"is":{"accuracy":0.8248333333333333,"f1":0.8222780965656747,"accuracy_stderr":0.00804052237109007,"f1_stderr":0.008411341315971493,"main_score":0.8248333333333333},"fo":{"accuracy":0.8248333333333333,"f1":0.8222780965656747,"accuracy_stderr":0.00804052237109007,"f1_stderr":0.008411341315971493,"main_score":0.8248333333333333}},"main_score":"accuracy"}