{"task_name":"Massive Intent","task_description":"MASSIVE: A 1M-Example Multilingual Natural Language Understanding Dataset with 51 Typologically-Diverse Languages","task_version":"1.1.1","time_of_run":"2024-02-19T11:02:34.037307","scores":{"da":{"accuracy":0.718897108271688,"f1":0.6831280368228195,"accuracy_stderr":0.011290106822242628,"f1_stderr":0.010476393042527243,"main_score":0.718897108271688},"nb":{"accuracy":0.7156355077336919,"f1":0.6866468849582349,"accuracy_stderr":0.013219316335421045,"f1_stderr":0.007641046216648824,"main_score":0.7156355077336919},"sv":{"accuracy":0.7467720242098184,"f1":0.71979982845106,"accuracy_stderr":0.010036240916946102,"f1_stderr":0.007592637197099015,"main_score":0.7467720242098184}},"main_score":"accuracy"}