{"task_name":"Massive Scenario","task_description":"MASSIVE: A 1M-Example Multilingual Natural Language Understanding Dataset with 51 Typologically-Diverse Languages","task_version":"1.1.1","time_of_run":"2024-02-19T11:19:59.011419","scores":{"da":{"accuracy":0.7750504371217215,"f1":0.7712202445267946,"accuracy_stderr":0.011660566110735005,"f1_stderr":0.008502754901032476,"main_score":0.7750504371217215},"nb":{"accuracy":0.770107599193006,"f1":0.768142835887485,"accuracy_stderr":0.009698918475790977,"f1_stderr":0.008281700221009165,"main_score":0.770107599193006},"sv":{"accuracy":0.7914593140551446,"f1":0.7917624068990483,"accuracy_stderr":0.013895444833229784,"f1_stderr":0.012754298928247941,"main_score":0.7914593140551446}},"main_score":"accuracy"}