{"task_name":"NorQuad","task_description":"Human-created question for Norwegian wikipedia passages.","task_version":"0.0.1","time_of_run":"2024-02-19T17:22:59.634924","scores":{"nb":{"ndcg_at_1":0.73047,"ndcg_at_3":0.5393,"ndcg_at_5":0.55794,"ndcg_at_10":0.57974,"ndcg_at_100":0.6218,"ndcg_at_1000":0.65057,"map_at_1":0.36523,"map_at_3":0.45199,"map_at_5":0.46468,"map_at_10":0.47643,"map_at_100":0.48799,"map_at_1000":0.48943,"recall_at_1":0.36523,"recall_at_3":0.4917,"recall_at_5":0.52832,"recall_at_10":0.5835,"recall_at_100":0.75146,"recall_at_1000":0.94385,"precision_at_1":0.73047,"precision_at_3":0.3278,"precision_at_5":0.21133,"precision_at_10":0.1167,"precision_at_100":0.01503,"precision_at_1000":0.00189,"mrr_at_1":0.73047,"mrr_at_3":0.7832,"mrr_at_5":0.7918,"mrr_at_10":0.79751,"mrr_at_100":0.80017,"mrr_at_1000":0.80025}},"main_score":"ndcg_at_10"}