{"task_name":"NorQuad","task_description":"Human-created question for Norwegian wikipedia passages.","task_version":"0.0.1","time_of_run":"2024-02-19T13:15:30.065064","scores":{"nb":{"ndcg_at_1":0.24805,"ndcg_at_3":0.20309,"ndcg_at_5":0.2192,"ndcg_at_10":0.2405,"ndcg_at_100":0.28552,"ndcg_at_1000":0.32656,"map_at_1":0.12402,"map_at_3":0.1604,"map_at_5":0.16926,"map_at_10":0.17741,"map_at_100":0.18514,"map_at_1000":0.18653,"recall_at_1":0.12402,"recall_at_3":0.19531,"recall_at_5":0.22705,"recall_at_10":0.28076,"recall_at_100":0.46387,"recall_at_1000":0.74902,"precision_at_1":0.24805,"precision_at_3":0.13021,"precision_at_5":0.09082,"precision_at_10":0.05615,"precision_at_100":0.00928,"precision_at_1000":0.0015,"mrr_at_1":0.24805,"mrr_at_3":0.30062,"mrr_at_5":0.31219,"mrr_at_10":0.32457,"mrr_at_100":0.33511,"mrr_at_1000":0.33593}},"main_score":"ndcg_at_10"}