{"task_name":"Norwegian courts","task_description":"Nynorsk and Bokmål parallel corpus from Norwegian courts. Norway has two standardised written languages. Bokmål is a variant closer to Danish, while Nynorsk was created to resemble regional dialects of Norwegian.","task_version":"1.1.1","time_of_run":"2024-02-19T11:54:47.448037","scores":{"nb":{"precision":0.9290935672514619,"recall":0.9473684210526315,"f1":0.9349415204678363,"accuracy":0.9473684210526315,"main_score":0.9349415204678363},"nn":{"precision":0.9290935672514619,"recall":0.9473684210526315,"f1":0.9349415204678363,"accuracy":0.9473684210526315,"main_score":0.9349415204678363}},"main_score":"f1"}