{"task_name":"ScaLA","task_description":"A linguistic acceptability task for Danish, Norwegian Bokmål Norwegian Nynorsk and Swedish.","task_version":"1.1.1","time_of_run":"2024-02-19T11:31:22.912995","scores":{"da":{"accuracy":0.5017578125,"f1":0.49892092598369225,"ap":0.500942770564344,"accuracy_stderr":0.007150278323431827,"f1_stderr":0.007042715923341642,"ap_stderr":0.003581535909077012,"main_score":0.5017578125},"nb":{"accuracy":0.502783203125,"f1":0.5007935596340106,"ap":0.5014613199912598,"accuracy_stderr":0.00791271780476603,"f1_stderr":0.008565020889239397,"ap_stderr":0.004051664908759753,"main_score":0.502783203125},"sv":{"accuracy":0.50224609375,"f1":0.49949244165507356,"ap":0.5011601971402737,"accuracy_stderr":0.005610774383680948,"f1_stderr":0.006696696338008562,"ap_stderr":0.0028405789479667254,"main_score":0.50224609375},"nn":{"accuracy":0.503662109375,"f1":0.500622195517535,"ap":0.5018930051215216,"accuracy_stderr":0.006759653887945333,"f1_stderr":0.007625714200488266,"ap_stderr":0.003401240508699796,"main_score":0.503662109375}},"main_score":"accuracy"}