{"task_name":"SNL Retrieval","task_description":"Webscrabed articles and ingresses from the Norwegian lexicon 'Det Store Norske Leksikon'.","task_version":"0.0.1","time_of_run":"2024-02-19T17:31:30.962736","scores":{"nb":{"ndcg_at_1":0.93077,"ndcg_at_3":0.95189,"ndcg_at_5":0.95599,"ndcg_at_10":0.95753,"ndcg_at_100":0.96005,"ndcg_at_1000":0.96086,"map_at_1":0.93077,"map_at_3":0.94692,"map_at_5":0.94919,"map_at_10":0.94986,"map_at_100":0.95027,"map_at_1000":0.9503,"recall_at_1":0.93077,"recall_at_3":0.96615,"recall_at_5":0.97615,"recall_at_10":0.98077,"recall_at_100":0.99385,"recall_at_1000":1.0,"precision_at_1":0.93077,"precision_at_3":0.32205,"precision_at_5":0.19523,"precision_at_10":0.09808,"precision_at_100":0.00994,"precision_at_1000":0.001,"mrr_at_1":0.93077,"mrr_at_3":0.94692,"mrr_at_5":0.94919,"mrr_at_10":0.94986,"mrr_at_100":0.95027,"mrr_at_1000":0.9503}},"main_score":"ndcg_at_10"}