{"task_name":"SNL Retrieval","task_description":"Webscrabed articles and ingresses from the Norwegian lexicon 'Det Store Norske Leksikon'.","task_version":"0.0.1","time_of_run":"2024-02-19T13:13:48.683022","scores":{"nb":{"ndcg_at_1":0.84923,"ndcg_at_3":0.89391,"ndcg_at_5":0.90152,"ndcg_at_10":0.90796,"ndcg_at_100":0.9139,"ndcg_at_1000":0.91491,"map_at_1":0.84923,"map_at_3":0.88372,"map_at_5":0.88795,"map_at_10":0.89059,"map_at_100":0.89163,"map_at_1000":0.89167,"recall_at_1":0.84923,"recall_at_3":0.92308,"recall_at_5":0.94154,"recall_at_10":0.96154,"recall_at_100":0.99154,"recall_at_1000":0.99923,"precision_at_1":0.84923,"precision_at_3":0.30769,"precision_at_5":0.18831,"precision_at_10":0.09615,"precision_at_100":0.00992,"precision_at_1000":0.001,"mrr_at_1":0.84923,"mrr_at_3":0.88372,"mrr_at_5":0.88795,"mrr_at_10":0.89059,"mrr_at_100":0.89163,"mrr_at_1000":0.89167}},"main_score":"ndcg_at_10"}