{"task_name":"SwednRetrieval","task_description":"News Article Summary Semantic Similarity Estimation.","task_version":"0.0.1","time_of_run":"2024-02-19T17:53:58.275729","scores":{"sv":{"ndcg_at_1":0.75195,"ndcg_at_3":0.70083,"ndcg_at_5":0.73671,"ndcg_at_10":0.7587,"ndcg_at_100":0.78775,"ndcg_at_1000":0.79562,"map_at_1":0.37598,"map_at_3":0.65251,"map_at_5":0.68212,"map_at_10":0.69546,"map_at_100":0.70379,"map_at_1000":0.70419,"recall_at_1":0.37598,"recall_at_3":0.69824,"recall_at_5":0.76855,"recall_at_10":0.82373,"recall_at_100":0.93555,"recall_at_1000":0.98682,"precision_at_1":0.75195,"precision_at_3":0.46549,"precision_at_5":0.30742,"precision_at_10":0.16475,"precision_at_100":0.01871,"precision_at_1000":0.00197,"mrr_at_1":0.75195,"mrr_at_3":0.80371,"mrr_at_5":0.81011,"mrr_at_10":0.81323,"mrr_at_100":0.81562,"mrr_at_1000":0.81572}},"main_score":"ndcg_at_10"}