{"task_name":"SwednRetrieval","task_description":"News Article Summary Semantic Similarity Estimation.","task_version":"0.0.1","time_of_run":"2024-02-19T13:40:35.557813","scores":{"sv":{"ndcg_at_1":0.7334,"ndcg_at_3":0.69618,"ndcg_at_5":0.73429,"ndcg_at_10":0.75895,"ndcg_at_100":0.78753,"ndcg_at_1000":0.79532,"map_at_1":0.3667,"map_at_3":0.65316,"map_at_5":0.68377,"map_at_10":0.69827,"map_at_100":0.70676,"map_at_1000":0.70714,"recall_at_1":0.3667,"recall_at_3":0.69775,"recall_at_5":0.77246,"recall_at_10":0.83447,"recall_at_100":0.94238,"recall_at_1000":0.99316,"precision_at_1":0.7334,"precision_at_3":0.46517,"precision_at_5":0.30898,"precision_at_10":0.16689,"precision_at_100":0.01885,"precision_at_1000":0.00199,"mrr_at_1":0.7334,"mrr_at_3":0.78255,"mrr_at_5":0.79105,"mrr_at_10":0.79535,"mrr_at_100":0.79799,"mrr_at_1000":0.79813}},"main_score":"ndcg_at_10"}