{"task_name":"SweFAQ","task_description":"A Swedish QA dataset derived from FAQ","task_version":"0.0.1","time_of_run":"2024-02-19T17:56:10.929757","scores":{"sv":{"ndcg_at_1":0.60234,"ndcg_at_3":0.70512,"ndcg_at_5":0.73163,"ndcg_at_10":0.75417,"ndcg_at_100":0.7702,"ndcg_at_1000":0.77204,"map_at_1":0.60234,"map_at_3":0.67999,"map_at_5":0.6947,"map_at_10":0.70392,"map_at_100":0.70729,"map_at_1000":0.70737,"recall_at_1":0.60234,"recall_at_3":0.77778,"recall_at_5":0.84211,"recall_at_10":0.91228,"recall_at_100":0.98635,"recall_at_1000":1.0,"precision_at_1":0.60234,"precision_at_3":0.25926,"precision_at_5":0.16842,"precision_at_10":0.09123,"precision_at_100":0.00986,"precision_at_1000":0.001,"mrr_at_1":0.60234,"mrr_at_3":0.67999,"mrr_at_5":0.6947,"mrr_at_10":0.70392,"mrr_at_100":0.70729,"mrr_at_1000":0.70737}},"main_score":"ndcg_at_10"}