{"task_name":"SweFAQ","task_description":"A Swedish QA dataset derived from FAQ","task_version":"0.0.1","time_of_run":"2024-02-19T13:29:06.137273","scores":{"sv":{"ndcg_at_1":0.54386,"ndcg_at_3":0.68514,"ndcg_at_5":0.71685,"ndcg_at_10":0.74194,"ndcg_at_100":0.75604,"ndcg_at_1000":0.75604,"map_at_1":0.54386,"map_at_3":0.65042,"map_at_5":0.66826,"map_at_10":0.67891,"map_at_100":0.68219,"map_at_1000":0.68219,"recall_at_1":0.54386,"recall_at_3":0.78558,"recall_at_5":0.8616,"recall_at_10":0.93762,"recall_at_100":1.0,"recall_at_1000":1.0,"precision_at_1":0.54386,"precision_at_3":0.26186,"precision_at_5":0.17232,"precision_at_10":0.09376,"precision_at_100":0.01,"precision_at_1000":0.001,"mrr_at_1":0.54386,"mrr_at_3":0.65042,"mrr_at_5":0.66826,"mrr_at_10":0.67891,"mrr_at_100":0.68219,"mrr_at_1000":0.68219}},"main_score":"ndcg_at_10"}