{"task_name":"TV2Nord Retrieval","task_description":"News Article and corresponding summaries extracted from the Danish newspaper TV2 Nord.","task_version":"1.1.1","time_of_run":"2024-02-19T10:46:04.834117","scores":{"da":{"ndcg_at_1":0.89551,"ndcg_at_3":0.92811,"ndcg_at_5":0.93472,"ndcg_at_10":0.93807,"ndcg_at_100":0.94265,"ndcg_at_1000":0.9431,"map_at_1":0.89551,"map_at_3":0.92057,"map_at_5":0.92424,"map_at_10":0.92563,"map_at_100":0.92666,"map_at_1000":0.92668,"recall_at_1":0.89551,"recall_at_3":0.94971,"recall_at_5":0.96582,"recall_at_10":0.97607,"recall_at_100":0.99658,"recall_at_1000":1.0,"precision_at_1":0.89551,"precision_at_3":0.31657,"precision_at_5":0.19316,"precision_at_10":0.09761,"precision_at_100":0.00997,"precision_at_1000":0.001,"mrr_at_1":0.89551,"mrr_at_3":0.92057,"mrr_at_5":0.92424,"mrr_at_10":0.92563,"mrr_at_100":0.92666,"mrr_at_1000":0.92668}},"main_score":"ndcg_at_10"}