{"task_name":"TV2Nord Retrieval","task_description":"News Article and corresponding summaries extracted from the Danish newspaper TV2 Nord.","task_version":"1.1.1","time_of_run":"2024-02-19T18:12:02.966688","scores":{"da":{"ndcg_at_1":0.89258,"ndcg_at_3":0.92787,"ndcg_at_5":0.93189,"ndcg_at_10":0.9369,"ndcg_at_100":0.94071,"ndcg_at_1000":0.9413,"map_at_1":0.89258,"map_at_3":0.9196,"map_at_5":0.92182,"map_at_10":0.92387,"map_at_100":0.92464,"map_at_1000":0.92466,"recall_at_1":0.89258,"recall_at_3":0.95166,"recall_at_5":0.96143,"recall_at_10":0.97705,"recall_at_100":0.99512,"recall_at_1000":0.99951,"precision_at_1":0.89258,"precision_at_3":0.31722,"precision_at_5":0.19229,"precision_at_10":0.09771,"precision_at_100":0.00995,"precision_at_1000":0.001,"mrr_at_1":0.89258,"mrr_at_3":0.9196,"mrr_at_5":0.92182,"mrr_at_10":0.92387,"mrr_at_100":0.92464,"mrr_at_1000":0.92466}},"main_score":"ndcg_at_10"}