{"task_name":"Twitterhjerne","task_description":"Danish question asked on Twitter with the Hashtag #Twitterhjerne ('Twitter brain') and their corresponding answer.","task_version":"1.1.1","time_of_run":"2024-02-19T17:41:22.70945","scores":{"da":{"ndcg_at_1":0.84615,"ndcg_at_3":0.7423,"ndcg_at_5":0.74078,"ndcg_at_10":0.77233,"ndcg_at_100":0.82097,"ndcg_at_1000":0.8286,"map_at_1":0.25962,"map_at_3":0.56859,"map_at_5":0.66357,"map_at_10":0.69704,"map_at_100":0.71758,"map_at_1000":0.71833,"recall_at_1":0.25962,"recall_at_3":0.5938,"recall_at_5":0.71816,"recall_at_10":0.79188,"recall_at_100":0.94466,"recall_at_1000":0.98718,"precision_at_1":0.84615,"precision_at_3":0.65812,"precision_at_5":0.49487,"precision_at_10":0.27436,"precision_at_100":0.03256,"precision_at_1000":0.00336,"mrr_at_1":0.84615,"mrr_at_3":0.86538,"mrr_at_5":0.87436,"mrr_at_10":0.87619,"mrr_at_100":0.87834,"mrr_at_1000":0.87844}},"main_score":"ndcg_at_10"}