{"task_name":"Twitterhjerne","task_description":"Danish question asked on Twitter with the Hashtag #Twitterhjerne ('Twitter brain') and their corresponding answer.","task_version":"1.1.1","time_of_run":"2024-02-19T10:46:41.412894","scores":{"da":{"ndcg_at_1":0.78205,"ndcg_at_3":0.70396,"ndcg_at_5":0.70598,"ndcg_at_10":0.75463,"ndcg_at_100":0.809,"ndcg_at_1000":0.8113,"map_at_1":0.23782,"map_at_3":0.52628,"map_at_5":0.61611,"map_at_10":0.66177,"map_at_100":0.68691,"map_at_1000":0.68722,"recall_at_1":0.23782,"recall_at_3":0.56581,"recall_at_5":0.69017,"recall_at_10":0.8015,"recall_at_100":0.97607,"recall_at_1000":0.98718,"precision_at_1":0.78205,"precision_at_3":0.63248,"precision_at_5":0.47692,"precision_at_10":0.27564,"precision_at_100":0.03321,"precision_at_1000":0.00336,"mrr_at_1":0.78205,"mrr_at_3":0.84829,"mrr_at_5":0.84829,"mrr_at_10":0.85172,"mrr_at_100":0.85316,"mrr_at_1000":0.85316}},"main_score":"ndcg_at_10"}