{"task_name":"Bornholm Parallel","task_description":"Danish Bornholmsk Parallel Corpus. Bornholmsk is a Danish dialect spoken on the island of Bornholm, Denmark. Historically it is a part of east Danish which was also spoken in Scania and Halland, Sweden.","task_version":"1.0.3.dev0","time_of_run":"2023-07-27T21:14:46.620979","scores":{"da":{"precision":0.1041448634080987,"recall":0.166,"f1":0.11648071969709954,"accuracy":0.166,"main_score":0.11648071969709954},"da-bornholm":{"precision":0.1041448634080987,"recall":0.166,"f1":0.11648071969709954,"accuracy":0.166,"main_score":0.11648071969709954}},"main_score":"f1"}