{"task_name":"DanFEVER","task_description":"A Danish dataset intended for misinformation research. It follows the same format as the English FEVER dataset.","task_version":"1.1.1","time_of_run":"2024-01-30T13:02:42.498934","scores":{"da":{"ndcg_at_1":0.18939,"ndcg_at_3":0.22023,"ndcg_at_5":0.22989,"ndcg_at_10":0.241,"ndcg_at_100":0.26404,"ndcg_at_1000":0.27226,"map_at_1":0.18939,"map_at_3":0.21256,"map_at_5":0.21791,"map_at_10":0.22253,"map_at_100":0.22692,"map_at_1000":0.22722,"recall_at_1":0.18939,"recall_at_3":0.24243,"recall_at_5":0.26597,"recall_at_10":0.30017,"recall_at_100":0.41166,"recall_at_1000":0.47686,"precision_at_1":0.18939,"precision_at_3":0.08081,"precision_at_5":0.05319,"precision_at_10":0.03002,"precision_at_100":0.00412,"precision_at_1000":0.00048,"mrr_at_1":0.18939,"mrr_at_3":0.21256,"mrr_at_5":0.21791,"mrr_at_10":0.22253,"mrr_at_100":0.22692,"mrr_at_1000":0.22722}},"main_score":"ndcg_at_10"}