{"task_name":"Language Identification","task_description":"A dataset for Nordic language identification.","task_version":"1.0.3.dev0","time_of_run":"2023-07-27T21:39:37.355786","scores":{"da":{"accuracy":0.7767666666666666,"f1":0.7738031422395183,"accuracy_stderr":0.01610869330516909,"f1_stderr":0.015915869484821918,"main_score":0.7767666666666666},"sv":{"accuracy":0.7767666666666666,"f1":0.7738031422395183,"accuracy_stderr":0.01610869330516909,"f1_stderr":0.015915869484821918,"main_score":0.7767666666666666},"nb":{"accuracy":0.7767666666666666,"f1":0.7738031422395183,"accuracy_stderr":0.01610869330516909,"f1_stderr":0.015915869484821918,"main_score":0.7767666666666666},"nn":{"accuracy":0.7767666666666666,"f1":0.7738031422395183,"accuracy_stderr":0.01610869330516909,"f1_stderr":0.015915869484821918,"main_score":0.7767666666666666},"is":{"accuracy":0.7767666666666666,"f1":0.7738031422395183,"accuracy_stderr":0.01610869330516909,"f1_stderr":0.015915869484821918,"main_score":0.7767666666666666},"fo":{"accuracy":0.7767666666666666,"f1":0.7738031422395183,"accuracy_stderr":0.01610869330516909,"f1_stderr":0.015915869484821918,"main_score":0.7767666666666666}},"main_score":"accuracy"}