{"task_name":"Massive Scenario","task_description":"MASSIVE: A 1M-Example Multilingual Natural Language Understanding Dataset with 51 Typologically-Diverse Languages","task_version":"1.0.3.dev0","time_of_run":"2023-07-27T21:30:36.585779","scores":{"da":{"accuracy":0.6415601882985877,"f1":0.623984081357014,"accuracy_stderr":0.01681304638870262,"f1_stderr":0.014082572901473661,"main_score":0.6415601882985877},"nb":{"accuracy":0.5459314055144586,"f1":0.5225983817325339,"accuracy_stderr":0.019140841546015294,"f1_stderr":0.021011670214319638,"main_score":0.5459314055144586},"sv":{"accuracy":0.5009751176866174,"f1":0.47320217900892514,"accuracy_stderr":0.016466825531738845,"f1_stderr":0.014959598967962843,"main_score":0.5009751176866174}},"main_score":"accuracy"}