{"task_name":"Massive Intent","task_description":"MASSIVE: A 1M-Example Multilingual Natural Language Understanding Dataset with 51 Typologically-Diverse Languages","task_version":"1.0.3.dev0","time_of_run":"2023-07-27T21:25:52.794636","scores":{"da":{"accuracy":0.6055480833893746,"f1":0.5575931847636777,"accuracy_stderr":0.010974707671310587,"f1_stderr":0.005463323455870516,"main_score":0.6055480833893746},"nb":{"accuracy":0.5248823133826497,"f1":0.4916043573899421,"accuracy_stderr":0.012975842025794888,"f1_stderr":0.00929974027333486,"main_score":0.5248823133826497},"sv":{"accuracy":0.4974445191661063,"f1":0.46779266847135725,"accuracy_stderr":0.011126895967691426,"f1_stderr":0.009957825087612915,"main_score":0.4974445191661063}},"main_score":"accuracy"}