{"task_name":"NorQuad","task_description":"Human-created question for Norwegian wikipedia passages.","task_version":"0.0.1","time_of_run":"2024-01-30T13:22:14.661004","scores":{"nb":{"ndcg_at_1":0.02734,"ndcg_at_3":0.02031,"ndcg_at_5":0.02379,"ndcg_at_10":0.02977,"ndcg_at_100":0.05613,"ndcg_at_1000":0.13797,"map_at_1":0.01367,"map_at_3":0.01587,"map_at_5":0.01746,"map_at_10":0.01959,"map_at_100":0.02313,"map_at_1000":0.02526,"recall_at_1":0.01367,"recall_at_3":0.01855,"recall_at_5":0.02539,"recall_at_10":0.04053,"recall_at_100":0.15283,"recall_at_1000":0.73486,"precision_at_1":0.02734,"precision_at_3":0.01237,"precision_at_5":0.01016,"precision_at_10":0.00811,"precision_at_100":0.00306,"precision_at_1000":0.00147,"mrr_at_1":0.02734,"mrr_at_3":0.03174,"mrr_at_5":0.03491,"mrr_at_10":0.03866,"mrr_at_100":0.04521,"mrr_at_1000":0.04738}},"main_score":"ndcg_at_10"}