{"task_name":"Norwegian courts","task_description":"Nynorsk and Bokmål parallel corpus from Norwegian courts. Norway has two standardised written languages. Bokmål is a variant closer to Danish, while Nynorsk was created to resemble regional dialects of Norwegian.","task_version":"1.1.1","time_of_run":"2024-01-30T13:10:05.949270","scores":{"nb":{"precision":0.8051900584795321,"recall":0.8552631578947368,"f1":0.8204678362573099,"accuracy":0.8552631578947368,"main_score":0.8204678362573099},"nn":{"precision":0.8051900584795321,"recall":0.8552631578947368,"f1":0.8204678362573099,"accuracy":0.8552631578947368,"main_score":0.8204678362573099}},"main_score":"f1"}