{"task_name":"ScaLA","task_description":"A linguistic acceptability task for Danish, Norwegian Bokmål Norwegian Nynorsk and Swedish.","task_version":"1.1.1.dev0","time_of_run":"2023-09-13T15:40:30.815061","scores":{"da":{"accuracy":0.630810546875,"f1":0.6260740455694338,"ap":0.5837260452649996,"accuracy_stderr":0.023466422990415216,"f1_stderr":0.024513023713813444,"ap_stderr":0.019280573415297236,"main_score":0.630810546875},"nb":{"accuracy":0.589453125,"f1":0.5882174583564697,"ap":0.5535172133296042,"accuracy_stderr":0.0210944281575015,"f1_stderr":0.020389746733680672,"ap_stderr":0.014096413182041974,"main_score":0.589453125},"sv":{"accuracy":0.55703125,"f1":0.5558733679549084,"ap":0.5322501816325099,"accuracy_stderr":0.020064497898719877,"f1_stderr":0.019885357969932186,"ap_stderr":0.012602462290892777,"main_score":0.55703125},"nn":{"accuracy":0.566943359375,"f1":0.5653136782151329,"ap":0.5386721128900174,"accuracy_stderr":0.028983883095240436,"f1_stderr":0.029240441372741073,"ap_stderr":0.01758497140989902,"main_score":0.566943359375}},"main_score":"accuracy"}