{"task_name":"SNL Retrieval","task_description":"Webscrabed articles and ingresses from the Norwegian lexicon 'Det Store Norske Leksikon'.","task_version":"0.0.1","time_of_run":"2024-01-30T13:21:20.978980","scores":{"nb":{"ndcg_at_1":0.03385,"ndcg_at_3":0.04807,"ndcg_at_5":0.05595,"ndcg_at_10":0.06718,"ndcg_at_100":0.11463,"ndcg_at_1000":0.18547,"map_at_1":0.03385,"map_at_3":0.04449,"map_at_5":0.04883,"map_at_10":0.0535,"map_at_100":0.0613,"map_at_1000":0.06336,"recall_at_1":0.03385,"recall_at_3":0.05846,"recall_at_5":0.07769,"recall_at_10":0.11231,"recall_at_100":0.35692,"recall_at_1000":0.95,"precision_at_1":0.03385,"precision_at_3":0.01949,"precision_at_5":0.01554,"precision_at_10":0.01123,"precision_at_100":0.00357,"precision_at_1000":0.00095,"mrr_at_1":0.03385,"mrr_at_3":0.04449,"mrr_at_5":0.04883,"mrr_at_10":0.0535,"mrr_at_100":0.0613,"mrr_at_1000":0.06336}},"main_score":"ndcg_at_10"}