{"task_name":"SwednRetrieval","task_description":"News Article Summary Semantic Similarity Estimation.","task_version":"0.0.1","time_of_run":"2024-01-30T13:28:20.308795","scores":{"sv":{"ndcg_at_1":0.06543,"ndcg_at_3":0.05308,"ndcg_at_5":0.05983,"ndcg_at_10":0.06774,"ndcg_at_100":0.10077,"ndcg_at_1000":0.15831,"map_at_1":0.03271,"map_at_3":0.04069,"map_at_5":0.04367,"map_at_10":0.04638,"map_at_100":0.05085,"map_at_1000":0.0522,"recall_at_1":0.03271,"recall_at_3":0.05078,"recall_at_5":0.06445,"recall_at_10":0.08447,"recall_at_100":0.22314,"recall_at_1000":0.63086,"precision_at_1":0.06543,"precision_at_3":0.03385,"precision_at_5":0.02578,"precision_at_10":0.01689,"precision_at_100":0.00446,"precision_at_1000":0.00126,"mrr_at_1":0.06543,"mrr_at_3":0.08138,"mrr_at_5":0.08734,"mrr_at_10":0.09254,"mrr_at_100":0.10128,"mrr_at_1000":0.10324}},"main_score":"ndcg_at_10"}