{"task_name":"SweFAQ","task_description":"A Swedish QA dataset derived from FAQ","task_version":"0.0.1","time_of_run":"2023-09-04T19:27:36.602064","scores":{"sv":{"ndcg_at_1":0.10721,"ndcg_at_3":0.14761,"ndcg_at_5":0.16346,"ndcg_at_10":0.19129,"ndcg_at_100":0.26475,"ndcg_at_1000":0.30559,"map_at_1":0.10721,"map_at_3":0.13678,"map_at_5":0.14545,"map_at_10":0.15699,"map_at_100":0.16908,"map_at_1000":0.17063,"recall_at_1":0.10721,"recall_at_3":0.17934,"recall_at_5":0.21832,"recall_at_10":0.30409,"recall_at_100":0.68226,"recall_at_1000":1.0,"precision_at_1":0.10721,"precision_at_3":0.05978,"precision_at_5":0.04366,"precision_at_10":0.03041,"precision_at_100":0.00682,"precision_at_1000":0.001,"mrr_at_1":0.10721,"mrr_at_3":0.13678,"mrr_at_5":0.14545,"mrr_at_10":0.15699,"mrr_at_100":0.16908,"mrr_at_1000":0.17063}},"main_score":"ndcg_at_10"}