{"task_name":"TV2Nord Retrieval","task_description":"News Article and corresponding summaries extracted from the Danish newspaper TV2 Nord.","task_version":"1.1.1","time_of_run":"2024-01-30T13:09:39.608453","scores":{"da":{"ndcg_at_1":0.32178,"ndcg_at_3":0.41276,"ndcg_at_5":0.44357,"ndcg_at_10":0.47662,"ndcg_at_100":0.53346,"ndcg_at_1000":0.54335,"map_at_1":0.32178,"map_at_3":0.39038,"map_at_5":0.40737,"map_at_10":0.42115,"map_at_100":0.43264,"map_at_1000":0.43304,"recall_at_1":0.32178,"recall_at_3":0.47754,"recall_at_5":0.55273,"recall_at_10":0.6543,"recall_at_100":0.92236,"recall_at_1000":0.99854,"precision_at_1":0.32178,"precision_at_3":0.15918,"precision_at_5":0.11055,"precision_at_10":0.06543,"precision_at_100":0.00922,"precision_at_1000":0.001,"mrr_at_1":0.32178,"mrr_at_3":0.39038,"mrr_at_5":0.40737,"mrr_at_10":0.42115,"mrr_at_100":0.43264,"mrr_at_1000":0.43304}},"main_score":"ndcg_at_10"}