{"task_name":"Twitterhjerne","task_description":"Danish question asked on Twitter with the Hashtag #Twitterhjerne ('Twitter brain') and their corresponding answer.","task_version":"1.1.1","time_of_run":"2024-01-30T13:09:58.557272","scores":{"da":{"ndcg_at_1":0.35897,"ndcg_at_3":0.31112,"ndcg_at_5":0.30811,"ndcg_at_10":0.33666,"ndcg_at_100":0.41999,"ndcg_at_1000":0.48361,"map_at_1":0.10726,"map_at_3":0.19523,"map_at_5":0.22536,"map_at_10":0.24378,"map_at_100":0.26836,"map_at_1000":0.27305,"recall_at_1":0.10726,"recall_at_3":0.24231,"recall_at_5":0.30128,"recall_at_10":0.36966,"recall_at_100":0.64103,"recall_at_1000":0.98718,"precision_at_1":0.35897,"precision_at_3":0.26923,"precision_at_5":0.21026,"precision_at_10":0.12949,"precision_at_100":0.02321,"precision_at_1000":0.00336,"mrr_at_1":0.35897,"mrr_at_3":0.44231,"mrr_at_5":0.45449,"mrr_at_10":0.46242,"mrr_at_100":0.46932,"mrr_at_1000":0.47005}},"main_score":"ndcg_at_10"}