{"task_name":"DanFEVER","task_description":"A Danish dataset intended for misinformation research. It follows the same format as the English FEVER dataset.","task_version":"1.1.1","time_of_run":"2024-01-30T17:00:58.801654","scores":{"da":{"ndcg_at_1":0.22329,"ndcg_at_3":0.26958,"ndcg_at_5":0.28266,"ndcg_at_10":0.2949,"ndcg_at_100":0.313,"ndcg_at_1000":0.3162,"map_at_1":0.22329,"map_at_3":0.2582,"map_at_5":0.26546,"map_at_10":0.27056,"map_at_100":0.27417,"map_at_1000":0.27429,"recall_at_1":0.22329,"recall_at_3":0.30253,"recall_at_5":0.33422,"recall_at_10":0.37188,"recall_at_100":0.45748,"recall_at_1000":0.4825,"precision_at_1":0.22329,"precision_at_3":0.10084,"precision_at_5":0.06684,"precision_at_10":0.03719,"precision_at_100":0.00458,"precision_at_1000":0.00048,"mrr_at_1":0.22329,"mrr_at_3":0.2582,"mrr_at_5":0.26546,"mrr_at_10":0.27056,"mrr_at_100":0.27418,"mrr_at_1000":0.2743}},"main_score":"ndcg_at_10"}