{"task_name":"Language Identification","task_description":"A dataset for Nordic language identification.","task_version":"1.1.1.dev0","time_of_run":"2023-11-15T15:05:56.710508","scores":{"da":{"accuracy":0.5110333333333335,"f1":0.5081885747117414,"accuracy_stderr":0.01796196598989715,"f1_stderr":0.01705034415740678,"main_score":0.5110333333333335},"sv":{"accuracy":0.5110333333333335,"f1":0.5081885747117414,"accuracy_stderr":0.01796196598989715,"f1_stderr":0.01705034415740678,"main_score":0.5110333333333335},"nb":{"accuracy":0.5110333333333335,"f1":0.5081885747117414,"accuracy_stderr":0.01796196598989715,"f1_stderr":0.01705034415740678,"main_score":0.5110333333333335},"nn":{"accuracy":0.5110333333333335,"f1":0.5081885747117414,"accuracy_stderr":0.01796196598989715,"f1_stderr":0.01705034415740678,"main_score":0.5110333333333335},"is":{"accuracy":0.5110333333333335,"f1":0.5081885747117414,"accuracy_stderr":0.01796196598989715,"f1_stderr":0.01705034415740678,"main_score":0.5110333333333335},"fo":{"accuracy":0.5110333333333335,"f1":0.5081885747117414,"accuracy_stderr":0.01796196598989715,"f1_stderr":0.01705034415740678,"main_score":0.5110333333333335}},"main_score":"accuracy"}