{"task_name":"Massive Intent","task_description":"MASSIVE: A 1M-Example Multilingual Natural Language Understanding Dataset with 51 Typologically-Diverse Languages","task_version":"1.1.1.dev0","time_of_run":"2023-11-15T15:01:04.204673","scores":{"da":{"accuracy":0.6284129119031607,"f1":0.5951314833491403,"accuracy_stderr":0.013549104544463056,"f1_stderr":0.012946379201390924,"main_score":0.6284129119031607},"nb":{"accuracy":0.5870880968392737,"f1":0.5589729354026357,"accuracy_stderr":0.01383281421703477,"f1_stderr":0.011092636167197566,"main_score":0.5870880968392737},"sv":{"accuracy":0.5093476798924008,"f1":0.480164927627215,"accuracy_stderr":0.009116958341403317,"f1_stderr":0.0096102841768827,"main_score":0.5093476798924008}},"main_score":"accuracy"}