{"task_name":"Massive Scenario","task_description":"MASSIVE: A 1M-Example Multilingual Natural Language Understanding Dataset with 51 Typologically-Diverse Languages","task_version":"1.1.1.dev0","time_of_run":"2023-11-15T15:02:33.238487","scores":{"da":{"accuracy":0.7022528581035641,"f1":0.6900395536680104,"accuracy_stderr":0.008014054986294546,"f1_stderr":0.006418081236164402,"main_score":0.7022528581035641},"nb":{"accuracy":0.6398789509078682,"f1":0.6312720024243548,"accuracy_stderr":0.01297497066682901,"f1_stderr":0.01614471079589574,"main_score":0.6398789509078682},"sv":{"accuracy":0.5345326160053799,"f1":0.5254927360969441,"accuracy_stderr":0.006009430131246728,"f1_stderr":0.010711836669943403,"main_score":0.5345326160053799}},"main_score":"accuracy"}