{"task_name":"NorQuad","task_description":"Human-created question for Norwegian wikipedia passages.","task_version":"0.0.1","time_of_run":"2024-01-30T17:05:29.128694","scores":{"nb":{"ndcg_at_1":0.11523,"ndcg_at_3":0.09927,"ndcg_at_5":0.11176,"ndcg_at_10":0.12513,"ndcg_at_100":0.16765,"ndcg_at_1000":0.22899,"map_at_1":0.05762,"map_at_3":0.0765,"map_at_5":0.08331,"map_at_10":0.08838,"map_at_100":0.09555,"map_at_1000":0.09758,"recall_at_1":0.05762,"recall_at_3":0.09814,"recall_at_5":0.12305,"recall_at_10":0.15674,"recall_at_100":0.33203,"recall_at_1000":0.75098,"precision_at_1":0.11523,"precision_at_3":0.06543,"precision_at_5":0.04922,"precision_at_10":0.03135,"precision_at_100":0.00664,"precision_at_1000":0.0015,"mrr_at_1":0.11523,"mrr_at_3":0.14714,"mrr_at_5":0.15597,"mrr_at_10":0.16382,"mrr_at_100":0.17341,"mrr_at_1000":0.1752}},"main_score":"ndcg_at_10"}