{"task_name":"ScaLA","task_description":"A linguistic acceptability task for Danish, Norwegian Bokmål Norwegian Nynorsk and Swedish.","task_version":"1.1.1.dev0","time_of_run":"2023-11-15T15:04:40.552524","scores":{"da":{"accuracy":0.5119140625,"f1":0.5085168551376079,"ap":0.5062645683139095,"accuracy_stderr":0.010568102913689661,"f1_stderr":0.010563136069460142,"ap_stderr":0.005630151802961199,"main_score":0.5119140625},"nb":{"accuracy":0.50458984375,"f1":0.5031476524406753,"ap":0.5023420749792255,"accuracy_stderr":0.005250783226082057,"f1_stderr":0.0060014319400411185,"ap_stderr":0.002665397117295337,"main_score":0.50458984375},"sv":{"accuracy":0.504296875,"f1":0.5005471043617412,"ap":0.5021863752506963,"accuracy_stderr":0.004521811290152431,"f1_stderr":0.006809911687341478,"ap_stderr":0.0022974211138394054,"main_score":0.504296875},"nn":{"accuracy":0.503515625,"f1":0.5022883466781493,"ap":0.5018299519994283,"accuracy_stderr":0.007827134730278858,"f1_stderr":0.008190197956806415,"ap_stderr":0.003945196230116476,"main_score":0.503515625}},"main_score":"accuracy"}