{"task_name":"SNL Retrieval","task_description":"Webscrabed articles and ingresses from the Norwegian lexicon 'Det Store Norske Leksikon'.","task_version":"0.0.1","time_of_run":"2024-01-30T17:05:16.536661","scores":{"nb":{"ndcg_at_1":0.18462,"ndcg_at_3":0.23687,"ndcg_at_5":0.25593,"ndcg_at_10":0.28143,"ndcg_at_100":0.34691,"ndcg_at_1000":0.38096,"map_at_1":0.18462,"map_at_3":0.22385,"map_at_5":0.23427,"map_at_10":0.24473,"map_at_100":0.25641,"map_at_1000":0.25767,"recall_at_1":0.18462,"recall_at_3":0.27462,"recall_at_5":0.32154,"recall_at_10":0.40077,"recall_at_100":0.72692,"recall_at_1000":0.99538,"precision_at_1":0.18462,"precision_at_3":0.09154,"precision_at_5":0.06431,"precision_at_10":0.04008,"precision_at_100":0.00727,"precision_at_1000":0.001,"mrr_at_1":0.18462,"mrr_at_3":0.22385,"mrr_at_5":0.23427,"mrr_at_10":0.24473,"mrr_at_100":0.25641,"mrr_at_1000":0.25767}},"main_score":"ndcg_at_10"}