{"task_name":"SwednRetrieval","task_description":"News Article Summary Semantic Similarity Estimation.","task_version":"0.0.1","time_of_run":"2024-01-30T17:06:43.477610","scores":{"sv":{"ndcg_at_1":0.33984,"ndcg_at_3":0.31423,"ndcg_at_5":0.35203,"ndcg_at_10":0.38627,"ndcg_at_100":0.45893,"ndcg_at_1000":0.48942,"map_at_1":0.16992,"map_at_3":0.26628,"map_at_5":0.2914,"map_at_10":0.30907,"map_at_100":0.32729,"map_at_1000":0.32878,"recall_at_1":0.16992,"recall_at_3":0.31738,"recall_at_5":0.39307,"recall_at_10":0.47949,"recall_at_100":0.76514,"recall_at_1000":0.96387,"precision_at_1":0.33984,"precision_at_3":0.21159,"precision_at_5":0.15723,"precision_at_10":0.0959,"precision_at_100":0.0153,"precision_at_1000":0.00193,"mrr_at_1":0.34082,"mrr_at_3":0.40837,"mrr_at_5":0.4257,"mrr_at_10":0.43639,"mrr_at_100":0.44553,"mrr_at_1000":0.44606}},"main_score":"ndcg_at_10"}