{"task_name":"SweFAQ","task_description":"A Swedish QA dataset derived from FAQ","task_version":"0.0.1","time_of_run":"2023-11-15T15:10:32.984384","scores":{"sv":{"ndcg_at_1":0.26121,"ndcg_at_3":0.35953,"ndcg_at_5":0.40727,"ndcg_at_10":0.44561,"ndcg_at_100":0.49949,"ndcg_at_1000":0.50878,"map_at_1":0.26121,"map_at_3":0.33496,"map_at_5":0.36166,"map_at_10":0.37705,"map_at_100":0.38711,"map_at_1000":0.3875,"recall_at_1":0.26121,"recall_at_3":0.4308,"recall_at_5":0.54581,"recall_at_10":0.66667,"recall_at_100":0.92982,"recall_at_1000":1.0,"precision_at_1":0.26121,"precision_at_3":0.1436,"precision_at_5":0.10916,"precision_at_10":0.06667,"precision_at_100":0.0093,"precision_at_1000":0.001,"mrr_at_1":0.26121,"mrr_at_3":0.33496,"mrr_at_5":0.36166,"mrr_at_10":0.37705,"mrr_at_100":0.38711,"mrr_at_1000":0.3875}},"main_score":"ndcg_at_10"}