{"task_name":"TV2Nord Retrieval","task_description":"News Article and corresponding summaries extracted from the Danish newspaper TV2 Nord.","task_version":"1.1.1","time_of_run":"2024-01-30T17:02:29.991686","scores":{"da":{"ndcg_at_1":0.58887,"ndcg_at_3":0.6761,"ndcg_at_5":0.70001,"ndcg_at_10":0.71935,"ndcg_at_100":0.74568,"ndcg_at_1000":0.74888,"map_at_1":0.58887,"map_at_3":0.65535,"map_at_5":0.66861,"map_at_10":0.67663,"map_at_100":0.68218,"map_at_1000":0.68231,"recall_at_1":0.58887,"recall_at_3":0.73584,"recall_at_5":0.79395,"recall_at_10":0.85352,"recall_at_100":0.9751,"recall_at_1000":0.99951,"precision_at_1":0.58887,"precision_at_3":0.24528,"precision_at_5":0.15879,"precision_at_10":0.08535,"precision_at_100":0.00975,"precision_at_1000":0.001,"mrr_at_1":0.58887,"mrr_at_3":0.65535,"mrr_at_5":0.66861,"mrr_at_10":0.67663,"mrr_at_100":0.68218,"mrr_at_1000":0.68231}},"main_score":"ndcg_at_10"}