{"task_name":"Twitterhjerne","task_description":"Danish question asked on Twitter with the Hashtag #Twitterhjerne ('Twitter brain') and their corresponding answer.","task_version":"1.1.1","time_of_run":"2024-01-30T17:02:36.413320","scores":{"da":{"ndcg_at_1":0.35897,"ndcg_at_3":0.30431,"ndcg_at_5":0.29209,"ndcg_at_10":0.33525,"ndcg_at_100":0.4526,"ndcg_at_1000":0.49109,"map_at_1":0.10021,"map_at_3":0.19149,"map_at_5":0.21598,"map_at_10":0.24389,"map_at_100":0.27311,"map_at_1000":0.27679,"recall_at_1":0.10021,"recall_at_3":0.23312,"recall_at_5":0.28355,"recall_at_10":0.38034,"recall_at_100":0.79252,"recall_at_1000":0.98718,"precision_at_1":0.35897,"precision_at_3":0.26923,"precision_at_5":0.19744,"precision_at_10":0.13077,"precision_at_100":0.02718,"precision_at_1000":0.00336,"mrr_at_1":0.35897,"mrr_at_3":0.42308,"mrr_at_5":0.43462,"mrr_at_10":0.44945,"mrr_at_100":0.4613,"mrr_at_1000":0.46177}},"main_score":"ndcg_at_10"}