{"task_name":"DanFEVER","task_description":"A Danish dataset intended for misinformation research. It follows the same format as the English FEVER dataset.","task_version":"1.1.1","time_of_run":"2024-01-30T10:16:16.428381","scores":{"da":{"ndcg_at_1":0.26785,"ndcg_at_3":0.33711,"ndcg_at_5":0.34534,"ndcg_at_10":0.35324,"ndcg_at_100":0.36267,"ndcg_at_1000":0.36411,"map_at_1":0.26785,"map_at_3":0.32073,"map_at_5":0.32531,"map_at_10":0.32863,"map_at_100":0.33066,"map_at_1000":0.33072,"recall_at_1":0.26785,"recall_at_3":0.3842,"recall_at_5":0.40413,"recall_at_10":0.42829,"recall_at_100":0.47121,"recall_at_1000":0.4825,"precision_at_1":0.26785,"precision_at_3":0.12809,"precision_at_5":0.08084,"precision_at_10":0.04284,"precision_at_100":0.00472,"precision_at_1000":0.00048,"mrr_at_1":0.26785,"mrr_at_3":0.32075,"mrr_at_5":0.32534,"mrr_at_10":0.32865,"mrr_at_100":0.33067,"mrr_at_1000":0.33073}},"main_score":"ndcg_at_10"}