{"task_name":"Language Identification","task_description":"A dataset for Nordic language identification.","task_version":"1.0.3.dev0","time_of_run":"2023-07-28T12:39:44.457932","scores":{"da":{"accuracy":0.5933666666666666,"f1":0.5686537021938836,"accuracy_stderr":0.01949555504895068,"f1_stderr":0.025468676414749182,"main_score":0.5933666666666666},"sv":{"accuracy":0.5933666666666666,"f1":0.5686537021938836,"accuracy_stderr":0.01949555504895068,"f1_stderr":0.025468676414749182,"main_score":0.5933666666666666},"nb":{"accuracy":0.5933666666666666,"f1":0.5686537021938836,"accuracy_stderr":0.01949555504895068,"f1_stderr":0.025468676414749182,"main_score":0.5933666666666666},"nn":{"accuracy":0.5933666666666666,"f1":0.5686537021938836,"accuracy_stderr":0.01949555504895068,"f1_stderr":0.025468676414749182,"main_score":0.5933666666666666},"is":{"accuracy":0.5933666666666666,"f1":0.5686537021938836,"accuracy_stderr":0.01949555504895068,"f1_stderr":0.025468676414749182,"main_score":0.5933666666666666},"fo":{"accuracy":0.5933666666666666,"f1":0.5686537021938836,"accuracy_stderr":0.01949555504895068,"f1_stderr":0.025468676414749182,"main_score":0.5933666666666666}},"main_score":"accuracy"}