{"task_name":"Massive Intent","task_description":"MASSIVE: A 1M-Example Multilingual Natural Language Understanding Dataset with 51 Typologically-Diverse Languages","task_version":"1.0.3.dev0","time_of_run":"2023-07-28T12:18:14.922391","scores":{"da":{"accuracy":0.4425353059852051,"f1":0.42176846706873306,"accuracy_stderr":0.011987069326364846,"f1_stderr":0.011356143085800888,"main_score":0.4425353059852051},"nb":{"accuracy":0.4156691324815064,"f1":0.38586961267500197,"accuracy_stderr":0.01598275910181979,"f1_stderr":0.015427786451280444,"main_score":0.4156691324815064},"sv":{"accuracy":0.4134498991257566,"f1":0.3929727867759662,"accuracy_stderr":0.018471099583417097,"f1_stderr":0.013898327460181962,"main_score":0.4134498991257566}},"main_score":"accuracy"}