{"task_name":"Massive Scenario","task_description":"MASSIVE: A 1M-Example Multilingual Natural Language Understanding Dataset with 51 Typologically-Diverse Languages","task_version":"1.0.3.dev0","time_of_run":"2023-07-28T12:20:51.074698","scores":{"da":{"accuracy":0.5299260255548084,"f1":0.498560032028262,"accuracy_stderr":0.00994860772595831,"f1_stderr":0.011851321957858672,"main_score":0.5299260255548084},"nb":{"accuracy":0.503261600537996,"f1":0.4690655880152623,"accuracy_stderr":0.023111260517713856,"f1_stderr":0.02016718494227476,"main_score":0.503261600537996},"sv":{"accuracy":0.5000336247478143,"f1":0.4690590587313784,"accuracy_stderr":0.016636232640655457,"f1_stderr":0.015175993334931649,"main_score":0.5000336247478143}},"main_score":"accuracy"}