{"task_name":"NorQuad","task_description":"Human-created question for Norwegian wikipedia passages.","task_version":"0.0.1","time_of_run":"2024-01-30T10:24:09.153527","scores":{"nb":{"ndcg_at_1":0.08496,"ndcg_at_3":0.06926,"ndcg_at_5":0.07495,"ndcg_at_10":0.08113,"ndcg_at_100":0.10552,"ndcg_at_1000":0.18154,"map_at_1":0.04248,"map_at_3":0.05404,"map_at_5":0.05684,"map_at_10":0.05897,"map_at_100":0.06253,"map_at_1000":0.06449,"recall_at_1":0.04248,"recall_at_3":0.06689,"recall_at_5":0.07812,"recall_at_10":0.09375,"recall_at_100":0.19775,"recall_at_1000":0.73926,"precision_at_1":0.08496,"precision_at_3":0.0446,"precision_at_5":0.03125,"precision_at_10":0.01875,"precision_at_100":0.00396,"precision_at_1000":0.00148,"mrr_at_1":0.08496,"mrr_at_3":0.10352,"mrr_at_5":0.10825,"mrr_at_10":0.11226,"mrr_at_100":0.11776,"mrr_at_1000":0.1197}},"main_score":"ndcg_at_10"}