{"task_name":"ScaLA","task_description":"A linguistic acceptability task for Danish, Norwegian Bokmål Norwegian Nynorsk and Swedish.","task_version":"1.0.3.dev0","time_of_run":"2023-07-28T12:38:25.571788","scores":{"da":{"accuracy":0.500830078125,"f1":0.4973482849517068,"ap":0.5004512186779815,"accuracy_stderr":0.005389041391598447,"f1_stderr":0.004568697226028063,"ap_stderr":0.0027327139411046967,"main_score":0.500830078125},"nb":{"accuracy":0.501806640625,"f1":0.4981610113006016,"ap":0.5009193289813187,"accuracy_stderr":0.0035348999604957547,"f1_stderr":0.007048761194173441,"ap_stderr":0.0017779198690836895,"main_score":0.501806640625},"sv":{"accuracy":0.49951171875,"f1":0.49540605303641233,"ap":0.4997630461906465,"accuracy_stderr":0.0025929527436233894,"f1_stderr":0.003819030502792098,"ap_stderr":0.001293738054598032,"main_score":0.49951171875},"nn":{"accuracy":0.501171875,"f1":0.4997391539249885,"ap":0.5006107227948361,"accuracy_stderr":0.00471993983343538,"f1_stderr":0.005327797489679061,"ap_stderr":0.002382782710554753,"main_score":0.501171875}},"main_score":"accuracy"}