{"task_name":"SNL Retrieval","task_description":"Webscrabed articles and ingresses from the Norwegian lexicon 'Det Store Norske Leksikon'.","task_version":"0.0.1","time_of_run":"2024-01-30T10:23:48.419765","scores":{"nb":{"ndcg_at_1":0.67615,"ndcg_at_3":0.7512,"ndcg_at_5":0.76222,"ndcg_at_10":0.77153,"ndcg_at_100":0.78828,"ndcg_at_1000":0.79548,"map_at_1":0.67615,"map_at_3":0.73321,"map_at_5":0.73928,"map_at_10":0.74318,"map_at_100":0.74642,"map_at_1000":0.74668,"recall_at_1":0.67615,"recall_at_3":0.80308,"recall_at_5":0.83,"recall_at_10":0.85846,"recall_at_100":0.93923,"recall_at_1000":0.99615,"precision_at_1":0.67615,"precision_at_3":0.26769,"precision_at_5":0.166,"precision_at_10":0.08585,"precision_at_100":0.00939,"precision_at_1000":0.001,"mrr_at_1":0.67615,"mrr_at_3":0.73321,"mrr_at_5":0.73928,"mrr_at_10":0.74318,"mrr_at_100":0.74642,"mrr_at_1000":0.74668}},"main_score":"ndcg_at_10"}