{"task_name":"SwednRetrieval","task_description":"News Article Summary Semantic Similarity Estimation.","task_version":"0.0.1","time_of_run":"2024-01-30T10:26:14.499195","scores":{"sv":{"ndcg_at_1":0.41113,"ndcg_at_3":0.35796,"ndcg_at_5":0.39079,"ndcg_at_10":0.4181,"ndcg_at_100":0.47888,"ndcg_at_1000":0.51016,"map_at_1":0.20557,"map_at_3":0.30843,"map_at_5":0.32987,"map_at_10":0.34381,"map_at_100":0.35889,"map_at_1000":0.36031,"recall_at_1":0.20557,"recall_at_3":0.35254,"recall_at_5":0.41748,"recall_at_10":0.48584,"recall_at_100":0.72656,"recall_at_1000":0.93408,"precision_at_1":0.41113,"precision_at_3":0.23503,"precision_at_5":0.16699,"precision_at_10":0.09717,"precision_at_100":0.01453,"precision_at_1000":0.00187,"mrr_at_1":0.41113,"mrr_at_3":0.4668,"mrr_at_5":0.4834,"mrr_at_10":0.49264,"mrr_at_100":0.50016,"mrr_at_1000":0.50068}},"main_score":"ndcg_at_10"}