{"task_name":"SweFAQ","task_description":"A Swedish QA dataset derived from FAQ","task_version":"0.0.1","time_of_run":"2023-09-04T19:40:13.341176","scores":{"sv":{"ndcg_at_1":0.37427,"ndcg_at_3":0.47684,"ndcg_at_5":0.5041,"ndcg_at_10":0.53411,"ndcg_at_100":0.57982,"ndcg_at_1000":0.5901,"map_at_1":0.37427,"map_at_3":0.45224,"map_at_5":0.46735,"map_at_10":0.4796,"map_at_100":0.48893,"map_at_1000":0.48936,"recall_at_1":0.37427,"recall_at_3":0.54776,"recall_at_5":0.61404,"recall_at_10":0.7076,"recall_at_100":0.92203,"recall_at_1000":1.0,"precision_at_1":0.37427,"precision_at_3":0.18259,"precision_at_5":0.12281,"precision_at_10":0.07076,"precision_at_100":0.00922,"precision_at_1000":0.001,"mrr_at_1":0.37622,"mrr_at_3":0.45322,"mrr_at_5":0.46832,"mrr_at_10":0.48057,"mrr_at_100":0.48989,"mrr_at_1000":0.49033}},"main_score":"ndcg_at_10"}