{"task_name":"TV2Nord Retrieval","task_description":"News Article and corresponding summaries extracted from the Danish newspaper TV2 Nord.","task_version":"1.1.1","time_of_run":"2024-01-30T10:19:04.210200","scores":{"da":{"ndcg_at_1":0.59375,"ndcg_at_3":0.66476,"ndcg_at_5":0.68456,"ndcg_at_10":0.70177,"ndcg_at_100":0.72575,"ndcg_at_1000":0.73351,"map_at_1":0.59375,"map_at_3":0.64803,"map_at_5":0.65894,"map_at_10":0.66596,"map_at_100":0.67069,"map_at_1000":0.67095,"recall_at_1":0.59375,"recall_at_3":0.71289,"recall_at_5":0.76123,"recall_at_10":0.81494,"recall_at_100":0.92969,"recall_at_1000":0.99219,"precision_at_1":0.59375,"precision_at_3":0.23763,"precision_at_5":0.15225,"precision_at_10":0.08149,"precision_at_100":0.0093,"precision_at_1000":0.00099,"mrr_at_1":0.59375,"mrr_at_3":0.64803,"mrr_at_5":0.65894,"mrr_at_10":0.66596,"mrr_at_100":0.67069,"mrr_at_1000":0.67095}},"main_score":"ndcg_at_10"}