{"task_name":"Twitterhjerne","task_description":"Danish question asked on Twitter with the Hashtag #Twitterhjerne ('Twitter brain') and their corresponding answer.","task_version":"1.1.1","time_of_run":"2024-01-30T10:19:11.761841","scores":{"da":{"ndcg_at_1":0.41026,"ndcg_at_3":0.33732,"ndcg_at_5":0.3268,"ndcg_at_10":0.36922,"ndcg_at_100":0.46881,"ndcg_at_1000":0.5141,"map_at_1":0.12821,"map_at_3":0.21802,"map_at_5":0.24493,"map_at_10":0.26886,"map_at_100":0.29317,"map_at_1000":0.29773,"recall_at_1":0.12821,"recall_at_3":0.25726,"recall_at_5":0.30406,"recall_at_10":0.39957,"recall_at_100":0.76047,"recall_at_1000":0.98718,"precision_at_1":0.41026,"precision_at_3":0.29487,"precision_at_5":0.21538,"precision_at_10":0.14103,"precision_at_100":0.02564,"precision_at_1000":0.00336,"mrr_at_1":0.41026,"mrr_at_3":0.5,"mrr_at_5":0.50833,"mrr_at_10":0.52019,"mrr_at_100":0.52854,"mrr_at_1000":0.52864}},"main_score":"ndcg_at_10"}