{"task_name":"Bornholm Parallel","task_description":"Danish Bornholmsk Parallel Corpus. Bornholmsk is a Danish dialect spoken on the island of Bornholm, Denmark. Historically it is a part of east Danish which was also spoken in Scania and Halland, Sweden.","task_version":"1.1.1","time_of_run":"2024-01-12T16:31:41.615348","scores":{"da":{"precision":0.44724749694749694,"recall":0.546,"f1":0.47312554112554106,"accuracy":0.546,"main_score":0.47312554112554106},"da-bornholm":{"precision":0.44724749694749694,"recall":0.546,"f1":0.47312554112554106,"accuracy":0.546,"main_score":0.47312554112554106}},"main_score":"f1"}