{"task_name":"DanFEVER","task_description":"A Danish dataset intended for misinformation research. It follows the same format as the English FEVER dataset.","task_version":"1.1.1","time_of_run":"2024-02-12T00:04:13.850145","scores":{"da":{"ndcg_at_1":0.28935,"ndcg_at_3":0.36472,"ndcg_at_5":0.37563,"ndcg_at_10":0.38202,"ndcg_at_100":0.38628,"ndcg_at_1000":0.38652,"map_at_1":0.28927,"map_at_3":0.34662,"map_at_5":0.35271,"map_at_10":0.35536,"map_at_100":0.35637,"map_at_1000":0.35638,"recall_at_1":0.28927,"recall_at_3":0.41692,"recall_at_5":0.44328,"recall_at_10":0.46289,"recall_at_100":0.48141,"recall_at_1000":0.48329,"precision_at_1":0.28935,"precision_at_3":0.13902,"precision_at_5":0.08869,"precision_at_10":0.04632,"precision_at_100":0.00482,"precision_at_1000":0.00048,"mrr_at_1":0.28935,"mrr_at_3":0.34662,"mrr_at_5":0.35271,"mrr_at_10":0.35536,"mrr_at_100":0.35637,"mrr_at_1000":0.35638}},"main_score":"ndcg_at_10"}