{"task_name":"Language Identification","task_description":"A dataset for Nordic language identification.","task_version":"1.1.1","time_of_run":"2024-02-15T15:29:14.879883","scores":{"da":{"accuracy":0.6521666666666668,"f1":0.6463880767093156,"accuracy_stderr":0.008136679639481666,"f1_stderr":0.009421448316751334,"main_score":0.6521666666666668},"sv":{"accuracy":0.6521666666666668,"f1":0.6463880767093156,"accuracy_stderr":0.008136679639481666,"f1_stderr":0.009421448316751334,"main_score":0.6521666666666668},"nb":{"accuracy":0.6521666666666668,"f1":0.6463880767093156,"accuracy_stderr":0.008136679639481666,"f1_stderr":0.009421448316751334,"main_score":0.6521666666666668},"nn":{"accuracy":0.6521666666666668,"f1":0.6463880767093156,"accuracy_stderr":0.008136679639481666,"f1_stderr":0.009421448316751334,"main_score":0.6521666666666668},"is":{"accuracy":0.6521666666666668,"f1":0.6463880767093156,"accuracy_stderr":0.008136679639481666,"f1_stderr":0.009421448316751334,"main_score":0.6521666666666668},"fo":{"accuracy":0.6521666666666668,"f1":0.6463880767093156,"accuracy_stderr":0.008136679639481666,"f1_stderr":0.009421448316751334,"main_score":0.6521666666666668}},"main_score":"accuracy"}