{"task_name":"Language Identification","task_description":"A dataset for Nordic language identification.","task_version":"1.1.1","time_of_run":"2024-01-13T00:06:38.159285","scores":{"da":{"accuracy":0.6319666666666667,"f1":0.6179089390100627,"accuracy_stderr":0.010069149804118408,"f1_stderr":0.011243281125761617,"main_score":0.6319666666666667},"sv":{"accuracy":0.6319666666666667,"f1":0.6179089390100627,"accuracy_stderr":0.010069149804118408,"f1_stderr":0.011243281125761617,"main_score":0.6319666666666667},"nb":{"accuracy":0.6319666666666667,"f1":0.6179089390100627,"accuracy_stderr":0.010069149804118408,"f1_stderr":0.011243281125761617,"main_score":0.6319666666666667},"nn":{"accuracy":0.6319666666666667,"f1":0.6179089390100627,"accuracy_stderr":0.010069149804118408,"f1_stderr":0.011243281125761617,"main_score":0.6319666666666667},"is":{"accuracy":0.6319666666666667,"f1":0.6179089390100627,"accuracy_stderr":0.010069149804118408,"f1_stderr":0.011243281125761617,"main_score":0.6319666666666667},"fo":{"accuracy":0.6319666666666667,"f1":0.6179089390100627,"accuracy_stderr":0.010069149804118408,"f1_stderr":0.011243281125761617,"main_score":0.6319666666666667}},"main_score":"accuracy"}