{"task_name":"Language Identification","task_description":"A dataset for Nordic language identification.","task_version":"1.1.1","time_of_run":"2024-01-10T13:58:15.960650","scores":{"da":{"accuracy":0.7275666666666666,"f1":0.7229336896667974,"accuracy_stderr":0.008162311764036789,"f1_stderr":0.008172930078487961,"main_score":0.7275666666666666},"sv":{"accuracy":0.7275666666666666,"f1":0.7229336896667974,"accuracy_stderr":0.008162311764036789,"f1_stderr":0.008172930078487961,"main_score":0.7275666666666666},"nb":{"accuracy":0.7275666666666666,"f1":0.7229336896667974,"accuracy_stderr":0.008162311764036789,"f1_stderr":0.008172930078487961,"main_score":0.7275666666666666},"nn":{"accuracy":0.7275666666666666,"f1":0.7229336896667974,"accuracy_stderr":0.008162311764036789,"f1_stderr":0.008172930078487961,"main_score":0.7275666666666666},"is":{"accuracy":0.7275666666666666,"f1":0.7229336896667974,"accuracy_stderr":0.008162311764036789,"f1_stderr":0.008172930078487961,"main_score":0.7275666666666666},"fo":{"accuracy":0.7275666666666666,"f1":0.7229336896667974,"accuracy_stderr":0.008162311764036789,"f1_stderr":0.008172930078487961,"main_score":0.7275666666666666}},"main_score":"accuracy"}