{"task_name":"Massive Scenario","task_description":"MASSIVE: A 1M-Example Multilingual Natural Language Understanding Dataset with 51 Typologically-Diverse Languages","task_version":"1.1.1","time_of_run":"2024-01-12T21:04:04.073134","scores":{"da":{"accuracy":0.6948554135843982,"f1":0.6848225761082032,"accuracy_stderr":0.012949020917584937,"f1_stderr":0.013744445377989327,"main_score":0.6948554135843982},"nb":{"accuracy":0.6773369199731001,"f1":0.6677134070954015,"accuracy_stderr":0.01651533153102061,"f1_stderr":0.014947986322389185,"main_score":0.6773369199731001},"sv":{"accuracy":0.7202084734364491,"f1":0.7067606773625197,"accuracy_stderr":0.01626231997571331,"f1_stderr":0.014451017435312007,"main_score":0.7202084734364491}},"main_score":"accuracy"}