{"task_name":"Massive Intent","task_description":"MASSIVE: A 1M-Example Multilingual Natural Language Understanding Dataset with 51 Typologically-Diverse Languages","task_version":"1.1.1","time_of_run":"2024-01-09T18:08:23.217983","scores":{"da":{"accuracy":0.5922326832548755,"f1":0.5544692924840189,"accuracy_stderr":0.013498608838275427,"f1_stderr":0.009366778886991724,"main_score":0.5922326832548755},"nb":{"accuracy":0.5783120376597175,"f1":0.5413968822838808,"accuracy_stderr":0.01311748775647114,"f1_stderr":0.011799954460725792,"main_score":0.5783120376597175},"sv":{"accuracy":0.6184936112979152,"f1":0.5804841884777442,"accuracy_stderr":0.00785870136273923,"f1_stderr":0.008221358457264629,"main_score":0.6184936112979152}},"main_score":"accuracy"}