{"task_name":"Massive Scenario","task_description":"MASSIVE: A 1M-Example Multilingual Natural Language Understanding Dataset with 51 Typologically-Diverse Languages","task_version":"1.1.1","time_of_run":"2024-01-09T19:03:30.218148","scores":{"da":{"accuracy":0.630497646267653,"f1":0.6126462304009658,"accuracy_stderr":0.019403227663929823,"f1_stderr":0.01776308559109283,"main_score":0.630497646267653},"nb":{"accuracy":0.6157363819771351,"f1":0.5991505941244896,"accuracy_stderr":0.018936913469582428,"f1_stderr":0.017661591573979563,"main_score":0.6157363819771351},"sv":{"accuracy":0.6552118359112307,"f1":0.6389193466026869,"accuracy_stderr":0.01803879190658275,"f1_stderr":0.020497033578380303,"main_score":0.6552118359112307}},"main_score":"accuracy"}