{"task_name":"Massive Intent","task_description":"MASSIVE: A 1M-Example Multilingual Natural Language Understanding Dataset with 51 Typologically-Diverse Languages","task_version":"1.1.1","time_of_run":"2024-02-15T15:19:15.379575","scores":{"da":{"accuracy":0.7128782784129118,"f1":0.6801928888774748,"accuracy_stderr":0.009453817754777464,"f1_stderr":0.01028423684836327,"main_score":0.7128782784129118},"nb":{"accuracy":0.6930733019502353,"f1":0.6582621843095777,"accuracy_stderr":0.011772311855889124,"f1_stderr":0.008012157979029806,"main_score":0.6930733019502353},"sv":{"accuracy":0.724915938130464,"f1":0.692935064035517,"accuracy_stderr":0.011559726658161192,"f1_stderr":0.009758150146092522,"main_score":0.724915938130464}},"main_score":"accuracy"}