{"task_name":"Massive Intent","task_description":"MASSIVE: A 1M-Example Multilingual Natural Language Understanding Dataset with 51 Typologically-Diverse Languages","task_version":"1.1.1","time_of_run":"2024-01-12T19:44:31.866728","scores":{"da":{"accuracy":0.6443846671149966,"f1":0.6144527899712677,"accuracy_stderr":0.013655291187753937,"f1_stderr":0.008044562677972891,"main_score":0.6443846671149966},"nb":{"accuracy":0.6147276395427034,"f1":0.5770433304356521,"accuracy_stderr":0.013614327792467596,"f1_stderr":0.009829023567742397,"main_score":0.6147276395427034},"sv":{"accuracy":0.660053799596503,"f1":0.6189633593223225,"accuracy_stderr":0.014624252889682296,"f1_stderr":0.01056297816892318,"main_score":0.660053799596503}},"main_score":"accuracy"}