{"task_name":"Massive Scenario","task_description":"MASSIVE: A 1M-Example Multilingual Natural Language Understanding Dataset with 51 Typologically-Diverse Languages","task_version":"1.1.1","time_of_run":"2024-02-15T15:23:40.911554","scores":{"da":{"accuracy":0.7559515803631472,"f1":0.7502643214262198,"accuracy_stderr":0.01612291756152768,"f1_stderr":0.015876447974206353,"main_score":0.7559515803631472},"nb":{"accuracy":0.746301277740417,"f1":0.7387755515981577,"accuracy_stderr":0.01164722630134689,"f1_stderr":0.01148189194727614,"main_score":0.746301277740417},"sv":{"accuracy":0.7771015467383995,"f1":0.7678172138788529,"accuracy_stderr":0.013947138453446924,"f1_stderr":0.012186676832063086,"main_score":0.7771015467383995}},"main_score":"accuracy"}