{"task_name":"NorQuad","task_description":"Human-created question for Norwegian wikipedia passages.","task_version":"0.0.1","time_of_run":"2024-02-13T12:39:10.664320","scores":{"nb":{"ndcg_at_1":0.29102,"ndcg_at_3":0.24294,"ndcg_at_5":0.26006,"ndcg_at_10":0.27463,"ndcg_at_100":0.31132,"ndcg_at_1000":0.3538,"map_at_1":0.14551,"map_at_3":0.19548,"map_at_5":0.20441,"map_at_10":0.21038,"map_at_100":0.21655,"map_at_1000":0.21807,"recall_at_1":0.14551,"recall_at_3":0.23486,"recall_at_5":0.26855,"recall_at_10":0.30518,"recall_at_100":0.45752,"recall_at_1000":0.74951,"precision_at_1":0.29102,"precision_at_3":0.15658,"precision_at_5":0.10742,"precision_at_10":0.06104,"precision_at_100":0.00915,"precision_at_1000":0.0015,"mrr_at_1":0.29102,"mrr_at_3":0.35059,"mrr_at_5":0.36387,"mrr_at_10":0.37167,"mrr_at_100":0.37972,"mrr_at_1000":0.38064}},"main_score":"ndcg_at_10"}