{"task_name":"NorQuad","task_description":"Human-created question for Norwegian wikipedia passages.","task_version":"0.0.1","time_of_run":"2024-02-15T14:16:44.942321","scores":{"nb":{"ndcg_at_1":0.29102,"ndcg_at_3":0.24332,"ndcg_at_5":0.26064,"ndcg_at_10":0.27494,"ndcg_at_100":0.31125,"ndcg_at_1000":0.35391,"map_at_1":0.14551,"map_at_3":0.19572,"map_at_5":0.20473,"map_at_10":0.21058,"map_at_100":0.21667,"map_at_1000":0.2182,"recall_at_1":0.14551,"recall_at_3":0.23535,"recall_at_5":0.26953,"recall_at_10":0.30566,"recall_at_100":0.45654,"recall_at_1000":0.74951,"precision_at_1":0.29102,"precision_at_3":0.1569,"precision_at_5":0.10781,"precision_at_10":0.06113,"precision_at_100":0.00913,"precision_at_1000":0.0015,"mrr_at_1":0.29102,"mrr_at_3":0.35107,"mrr_at_5":0.3645,"mrr_at_10":0.37202,"mrr_at_100":0.37992,"mrr_at_1000":0.38085}},"main_score":"ndcg_at_10"}
