{"task_name":"Norwegian courts","task_description":"Nynorsk and Bokmål parallel corpus from Norwegian courts. Norway has two standardised written languages. Bokmål is a variant closer to Danish, while Nynorsk was created to resemble regional dialects of Norwegian.","task_version":"1.1.1","time_of_run":"2024-02-15T14:05:08.082051","scores":{"nb":{"precision":0.9035087719298246,"recall":0.9298245614035088,"f1":0.9122807017543859,"accuracy":0.9298245614035088,"main_score":0.9122807017543859},"nn":{"precision":0.9035087719298246,"recall":0.9298245614035088,"f1":0.9122807017543859,"accuracy":0.9298245614035088,"main_score":0.9122807017543859}},"main_score":"f1"}
