{"task_name":"ScaLA","task_description":"A linguistic acceptability task for Danish, Norwegian Bokmål Norwegian Nynorsk and Swedish.","task_version":"1.1.1","time_of_run":"2024-01-10T13:14:18.687575","scores":{"da":{"accuracy":0.51982421875,"f1":0.5153795326663866,"ap":0.5105523059276342,"accuracy_stderr":0.010358469835784973,"f1_stderr":0.009612035549550485,"ap_stderr":0.005831985692668505,"main_score":0.51982421875},"nb":{"accuracy":0.519970703125,"f1":0.5164473228744525,"ap":0.510488421095776,"accuracy_stderr":0.009880790654411154,"f1_stderr":0.012221248127197463,"ap_stderr":0.005314856705494127,"main_score":0.519970703125},"sv":{"accuracy":0.51298828125,"f1":0.5098223742481558,"ap":0.5068638237815231,"accuracy_stderr":0.014179001468425115,"f1_stderr":0.015315127899573691,"ap_stderr":0.007623151098493146,"main_score":0.51298828125},"nn":{"accuracy":0.50908203125,"f1":0.5076303592814944,"ap":0.504671567833574,"accuracy_stderr":0.007146943149817182,"f1_stderr":0.007796221337685488,"ap_stderr":0.0036913770335659057,"main_score":0.50908203125}},"main_score":"accuracy"}