{"task_name":"ScaLA","task_description":"A linguistic acceptability task for Danish, Norwegian Bokmål Norwegian Nynorsk and Swedish.","task_version":"1.1.1","time_of_run":"2024-02-15T15:27:24.831813","scores":{"da":{"accuracy":0.504443359375,"f1":0.5016672540819356,"ap":0.5022694001324884,"accuracy_stderr":0.004889887452497829,"f1_stderr":0.006550234270641194,"ap_stderr":0.0024767744445673276,"main_score":0.504443359375},"nb":{"accuracy":0.50341796875,"f1":0.501234466142355,"ap":0.5017592672593842,"accuracy_stderr":0.006351411149026992,"f1_stderr":0.006439864847875912,"ap_stderr":0.003206402978469232,"main_score":0.50341796875},"sv":{"accuracy":0.503515625,"f1":0.5001611345657621,"ap":0.5017961710745878,"accuracy_stderr":0.005285179346771409,"f1_stderr":0.008263554745573335,"ap_stderr":0.002686125889304091,"main_score":0.503515625},"nn":{"accuracy":0.49853515625,"f1":0.49672303309946314,"ap":0.49928727245893717,"accuracy_stderr":0.004211691143134341,"f1_stderr":0.004960073685900642,"ap_stderr":0.0020993277141615795,"main_score":0.49853515625}},"main_score":"accuracy"}