{"task_name":"ScaLA","task_description":"A linguistic acceptability task for Danish, Norwegian Bokmål Norwegian Nynorsk and Swedish.","task_version":"1.1.1","time_of_run":"2024-01-12T23:06:35.527904","scores":{"da":{"accuracy":0.5046875,"f1":0.5012936392159489,"ap":0.5024235203858394,"accuracy_stderr":0.006763003786398744,"f1_stderr":0.006751041530193849,"ap_stderr":0.0034780532032580407,"main_score":0.5046875},"nb":{"accuracy":0.504345703125,"f1":0.5028259464108461,"ap":0.502300558459674,"accuracy_stderr":0.010656283828815899,"f1_stderr":0.01224526624454141,"ap_stderr":0.005477723754765124,"main_score":0.504345703125},"sv":{"accuracy":0.50810546875,"f1":0.5041345942032682,"ap":0.5041854590962495,"accuracy_stderr":0.009226319389790377,"f1_stderr":0.0113272958618099,"ap_stderr":0.004806314587320303,"main_score":0.50810546875},"nn":{"accuracy":0.5015625,"f1":0.49956320214680394,"ap":0.5008083696621946,"accuracy_stderr":0.004847528767965178,"f1_stderr":0.007018678421752453,"ap_stderr":0.0024316493025775387,"main_score":0.5015625}},"main_score":"accuracy"}