{"task_name":"SNL Retrieval","task_description":"Webscrabed articles and ingresses from the Norwegian lexicon 'Det Store Norske Leksikon'.","task_version":"0.0.1","time_of_run":"2024-02-13T12:36:47.804267","scores":{"nb":{"ndcg_at_1":0.89769,"ndcg_at_3":0.93606,"ndcg_at_5":0.9402,"ndcg_at_10":0.94314,"ndcg_at_100":0.94621,"ndcg_at_1000":0.94683,"map_at_1":0.89769,"map_at_3":0.92718,"map_at_5":0.92949,"map_at_10":0.93067,"map_at_100":0.93128,"map_at_1000":0.93131,"recall_at_1":0.89769,"recall_at_3":0.96154,"recall_at_5":0.97154,"recall_at_10":0.98077,"recall_at_100":0.99538,"recall_at_1000":1.0,"precision_at_1":0.89769,"precision_at_3":0.32051,"precision_at_5":0.19431,"precision_at_10":0.09808,"precision_at_100":0.00995,"precision_at_1000":0.001,"mrr_at_1":0.89769,"mrr_at_3":0.92718,"mrr_at_5":0.92949,"mrr_at_10":0.93067,"mrr_at_100":0.93128,"mrr_at_1000":0.93131}},"main_score":"ndcg_at_10"}