{"task_name":"SNL Retrieval","task_description":"Webscrabed articles and ingresses from the Norwegian lexicon 'Det Store Norske Leksikon'.","task_version":"0.0.1","time_of_run":"2024-02-15T14:15:51.240238","scores":{"nb":{"ndcg_at_1":0.89769,"ndcg_at_3":0.93635,"ndcg_at_5":0.93985,"ndcg_at_10":0.94283,"ndcg_at_100":0.94611,"ndcg_at_1000":0.94673,"map_at_1":0.89769,"map_at_3":0.92731,"map_at_5":0.92927,"map_at_10":0.93049,"map_at_100":0.93116,"map_at_1000":0.93119,"recall_at_1":0.89769,"recall_at_3":0.96231,"recall_at_5":0.97077,"recall_at_10":0.98,"recall_at_100":0.99538,"recall_at_1000":1.0,"precision_at_1":0.89769,"precision_at_3":0.32077,"precision_at_5":0.19415,"precision_at_10":0.098,"precision_at_100":0.00995,"precision_at_1000":0.001,"mrr_at_1":0.89769,"mrr_at_3":0.92731,"mrr_at_5":0.92927,"mrr_at_10":0.93049,"mrr_at_100":0.93116,"mrr_at_1000":0.93119}},"main_score":"ndcg_at_10"}
