{"task_name":"SwednRetrieval","task_description":"News Article Summary Semantic Similarity Estimation.","task_version":"0.0.1","time_of_run":"2024-02-13T13:11:08.021660","scores":{"sv":{"ndcg_at_1":0.64941,"ndcg_at_3":0.60239,"ndcg_at_5":0.64345,"ndcg_at_10":0.67596,"ndcg_at_100":0.71474,"ndcg_at_1000":0.72551,"map_at_1":0.32471,"map_at_3":0.5481,"map_at_5":0.58069,"map_at_10":0.60008,"map_at_100":0.61093,"map_at_1000":0.61146,"recall_at_1":0.32471,"recall_at_3":0.60303,"recall_at_5":0.68359,"recall_at_10":0.76465,"recall_at_100":0.91504,"recall_at_1000":0.98584,"precision_at_1":0.64941,"precision_at_3":0.40202,"precision_at_5":0.27344,"precision_at_10":0.15293,"precision_at_100":0.0183,"precision_at_1000":0.00197,"mrr_at_1":0.64941,"mrr_at_3":0.71305,"mrr_at_5":0.72287,"mrr_at_10":0.72859,"mrr_at_100":0.73196,"mrr_at_1000":0.73212}},"main_score":"ndcg_at_10"}