{"task_name":"SwednRetrieval","task_description":"News Article Summary Semantic Similarity Estimation.","task_version":"0.0.1","time_of_run":"2024-02-15T14:21:46.819228","scores":{"sv":{"ndcg_at_1":0.64844,"ndcg_at_3":0.60315,"ndcg_at_5":0.64279,"ndcg_at_10":0.67631,"ndcg_at_100":0.71442,"ndcg_at_1000":0.72556,"map_at_1":0.32422,"map_at_3":0.54875,"map_at_5":0.58053,"map_at_10":0.60037,"map_at_100":0.61113,"map_at_1000":0.61169,"recall_at_1":0.32422,"recall_at_3":0.60449,"recall_at_5":0.68213,"recall_at_10":0.76562,"recall_at_100":0.91309,"recall_at_1000":0.98584,"precision_at_1":0.64844,"precision_at_3":0.40299,"precision_at_5":0.27285,"precision_at_10":0.15312,"precision_at_100":0.01826,"precision_at_1000":0.00197,"mrr_at_1":0.64844,"mrr_at_3":0.71305,"mrr_at_5":0.72204,"mrr_at_10":0.72832,"mrr_at_100":0.73151,"mrr_at_1000":0.73168}},"main_score":"ndcg_at_10"}
