{"task_name":"SweFAQ","task_description":"A Swedish QA dataset derived from FAQ","task_version":"0.0.1","time_of_run":"2024-02-15T15:37:12.180225","scores":{"sv":{"ndcg_at_1":0.54971,"ndcg_at_3":0.67899,"ndcg_at_5":0.70138,"ndcg_at_10":0.71981,"ndcg_at_100":0.74285,"ndcg_at_1000":0.74468,"map_at_1":0.54971,"map_at_3":0.6475,"map_at_5":0.65988,"map_at_10":0.66756,"map_at_100":0.67254,"map_at_1000":0.67262,"recall_at_1":0.54971,"recall_at_3":0.76998,"recall_at_5":0.82456,"recall_at_10":0.88109,"recall_at_100":0.98635,"recall_at_1000":1.0,"precision_at_1":0.54971,"precision_at_3":0.25666,"precision_at_5":0.16491,"precision_at_10":0.08811,"precision_at_100":0.00986,"precision_at_1000":0.001,"mrr_at_1":0.54971,"mrr_at_3":0.6475,"mrr_at_5":0.65988,"mrr_at_10":0.66756,"mrr_at_100":0.67254,"mrr_at_1000":0.67262}},"main_score":"ndcg_at_10"}