{"task_name":"SweFAQ","task_description":"A Swedish QA dataset derived from FAQ","task_version":"0.0.1","time_of_run":"2024-01-14T16:49:25.697013","scores":{"sv":{"ndcg_at_1":0.54191,"ndcg_at_3":0.65689,"ndcg_at_5":0.68483,"ndcg_at_10":0.70948,"ndcg_at_100":0.73295,"ndcg_at_1000":0.7345,"map_at_1":0.54191,"map_at_3":0.62801,"map_at_5":0.6434,"map_at_10":0.65398,"map_at_100":0.65926,"map_at_1000":0.65933,"recall_at_1":0.54191,"recall_at_3":0.74074,"recall_at_5":0.80897,"recall_at_10":0.88304,"recall_at_100":0.9883,"recall_at_1000":1.0,"precision_at_1":0.54191,"precision_at_3":0.24691,"precision_at_5":0.16179,"precision_at_10":0.0883,"precision_at_100":0.00988,"precision_at_1000":0.001,"mrr_at_1":0.54191,"mrr_at_3":0.62801,"mrr_at_5":0.6434,"mrr_at_10":0.65398,"mrr_at_100":0.65926,"mrr_at_1000":0.65933}},"main_score":"ndcg_at_10"}