{"task_name":"TV2Nord Retrieval","task_description":"News Article and corresponding summaries extracted from the Danish newspaper TV2 Nord.","task_version":"1.1.1","time_of_run":"2024-02-13T09:59:10.110135","scores":{"da":{"ndcg_at_1":0.85791,"ndcg_at_3":0.90289,"ndcg_at_5":0.90758,"ndcg_at_10":0.91301,"ndcg_at_100":0.91974,"ndcg_at_1000":0.92069,"map_at_1":0.85791,"map_at_3":0.89193,"map_at_5":0.89456,"map_at_10":0.89685,"map_at_100":0.89836,"map_at_1000":0.89839,"recall_at_1":0.85791,"recall_at_3":0.93457,"recall_at_5":0.9458,"recall_at_10":0.9624,"recall_at_100":0.99268,"recall_at_1000":1.0,"precision_at_1":0.85791,"precision_at_3":0.31152,"precision_at_5":0.18916,"precision_at_10":0.09624,"precision_at_100":0.00993,"precision_at_1000":0.001,"mrr_at_1":0.85791,"mrr_at_3":0.89193,"mrr_at_5":0.89456,"mrr_at_10":0.89685,"mrr_at_100":0.89836,"mrr_at_1000":0.89839}},"main_score":"ndcg_at_10"}