{"task_name":"TV2Nord Retrieval","task_description":"News Article and corresponding summaries extracted from the Danish newspaper TV2 Nord.","task_version":"1.1.1","time_of_run":"2024-02-15T13:58:03.889586","scores":{"da":{"ndcg_at_1":0.85498,"ndcg_at_3":0.9012,"ndcg_at_5":0.90648,"ndcg_at_10":0.91188,"ndcg_at_100":0.91849,"ndcg_at_1000":0.91947,"map_at_1":0.85498,"map_at_3":0.89014,"map_at_5":0.89309,"map_at_10":0.89534,"map_at_100":0.89681,"map_at_1000":0.89685,"recall_at_1":0.85498,"recall_at_3":0.93311,"recall_at_5":0.9458,"recall_at_10":0.9624,"recall_at_100":0.99219,"recall_at_1000":0.99951,"precision_at_1":0.85498,"precision_at_3":0.31104,"precision_at_5":0.18916,"precision_at_10":0.09624,"precision_at_100":0.00992,"precision_at_1000":0.001,"mrr_at_1":0.85303,"mrr_at_3":0.88949,"mrr_at_5":0.89259,"mrr_at_10":0.89477,"mrr_at_100":0.8961,"mrr_at_1000":0.89614}},"main_score":"ndcg_at_10"}
