{"task_name":"Twitterhjerne","task_description":"Danish question asked on Twitter with the Hashtag #Twitterhjerne ('Twitter brain') and their corresponding answer.","task_version":"1.1.1","time_of_run":"2024-02-13T09:59:42.425906","scores":{"da":{"ndcg_at_1":0.79487,"ndcg_at_3":0.69063,"ndcg_at_5":0.66294,"ndcg_at_10":0.70634,"ndcg_at_100":0.77053,"ndcg_at_1000":0.78341,"map_at_1":0.2453,"map_at_3":0.5208,"map_at_5":0.57287,"map_at_10":0.61374,"map_at_100":0.64118,"map_at_1000":0.64235,"recall_at_1":0.2453,"recall_at_3":0.55,"recall_at_5":0.62521,"recall_at_10":0.71859,"recall_at_100":0.91645,"recall_at_1000":0.98718,"precision_at_1":0.79487,"precision_at_3":0.61111,"precision_at_5":0.42564,"precision_at_10":0.24872,"precision_at_100":0.03167,"precision_at_1000":0.00336,"mrr_at_1":0.79487,"mrr_at_3":0.84402,"mrr_at_5":0.84658,"mrr_at_10":0.84841,"mrr_at_100":0.85093,"mrr_at_1000":0.85113}},"main_score":"ndcg_at_10"}