{"task_name":"Twitterhjerne","task_description":"Danish question asked on Twitter with the Hashtag #Twitterhjerne ('Twitter brain') and their corresponding answer.","task_version":"1.1.1","time_of_run":"2024-02-15T13:58:16.127917","scores":{"da":{"ndcg_at_1":0.82051,"ndcg_at_3":0.69927,"ndcg_at_5":0.66955,"ndcg_at_10":0.71133,"ndcg_at_100":0.77396,"ndcg_at_1000":0.78685,"map_at_1":0.25278,"map_at_3":0.52632,"map_at_5":0.57716,"map_at_10":0.61643,"map_at_100":0.64326,"map_at_1000":0.64445,"recall_at_1":0.25278,"recall_at_3":0.55641,"recall_at_5":0.63056,"recall_at_10":0.72179,"recall_at_100":0.91645,"recall_at_1000":0.98718,"precision_at_1":0.82051,"precision_at_3":0.61966,"precision_at_5":0.43077,"precision_at_10":0.25,"precision_at_100":0.03167,"precision_at_1000":0.00336,"mrr_at_1":0.80769,"mrr_at_3":0.85256,"mrr_at_5":0.85513,"mrr_at_10":0.85673,"mrr_at_100":0.85916,"mrr_at_1000":0.85936}},"main_score":"ndcg_at_10"}
