{"task_name":"Bornholm Parallel","task_description":"Danish Bornholmsk Parallel Corpus. Bornholmsk is a Danish dialect spoken on the island of Bornholm, Denmark. Historically it is a part of east Danish which was also spoken in Scania and Halland, Sweden.","task_version":"1.1.1","time_of_run":"2024-01-22T15:35:50.199742","scores":{"da":{"precision":0.06516036269430052,"recall":0.092,"f1":0.07072986688413117,"accuracy":0.092,"main_score":0.07072986688413117},"da-bornholm":{"precision":0.06516036269430052,"recall":0.092,"f1":0.07072986688413117,"accuracy":0.092,"main_score":0.07072986688413117}},"main_score":"f1"}