{"task_name":"DanFEVER","task_description":"A Danish dataset intended for misinformation research. It follows the same format as the English FEVER dataset.","task_version":"1.1.1","time_of_run":"2024-02-04T19:14:56.354523","scores":{"da":{"ndcg_at_1":0.16491,"ndcg_at_3":0.21056,"ndcg_at_5":0.22076,"ndcg_at_10":0.23056,"ndcg_at_100":0.25086,"ndcg_at_1000":0.26074,"map_at_1":0.16491,"map_at_3":0.19954,"map_at_5":0.20515,"map_at_10":0.20923,"map_at_100":0.21299,"map_at_1000":0.21333,"recall_at_1":0.16491,"recall_at_3":0.24235,"recall_at_5":0.2673,"recall_at_10":0.29743,"recall_at_100":0.39683,"recall_at_1000":0.47623,"precision_at_1":0.16491,"precision_at_3":0.08081,"precision_at_5":0.05348,"precision_at_10":0.02975,"precision_at_100":0.00397,"precision_at_1000":0.00048,"mrr_at_1":0.16476,"mrr_at_3":0.19949,"mrr_at_5":0.2051,"mrr_at_10":0.20918,"mrr_at_100":0.21295,"mrr_at_1000":0.21329}},"main_score":"ndcg_at_10"}