{"task_name":"Language Identification","task_description":"A dataset for Nordic language identification.","task_version":"1.1.1","time_of_run":"2024-01-22T15:47:56.407650","scores":{"da":{"accuracy":0.6033666666666667,"f1":0.5851684125731806,"accuracy_stderr":0.01923910947350042,"f1_stderr":0.02373419163763118,"main_score":0.6033666666666667},"sv":{"accuracy":0.6033666666666667,"f1":0.5851684125731806,"accuracy_stderr":0.01923910947350042,"f1_stderr":0.02373419163763118,"main_score":0.6033666666666667},"nb":{"accuracy":0.6033666666666667,"f1":0.5851684125731806,"accuracy_stderr":0.01923910947350042,"f1_stderr":0.02373419163763118,"main_score":0.6033666666666667},"nn":{"accuracy":0.6033666666666667,"f1":0.5851684125731806,"accuracy_stderr":0.01923910947350042,"f1_stderr":0.02373419163763118,"main_score":0.6033666666666667},"is":{"accuracy":0.6033666666666667,"f1":0.5851684125731806,"accuracy_stderr":0.01923910947350042,"f1_stderr":0.02373419163763118,"main_score":0.6033666666666667},"fo":{"accuracy":0.6033666666666667,"f1":0.5851684125731806,"accuracy_stderr":0.01923910947350042,"f1_stderr":0.02373419163763118,"main_score":0.6033666666666667}},"main_score":"accuracy"}