{"task_name":"Massive Scenario","task_description":"MASSIVE: A 1M-Example Multilingual Natural Language Understanding Dataset with 51 Typologically-Diverse Languages","task_version":"1.1.1","time_of_run":"2024-01-22T15:43:16.743128","scores":{"da":{"accuracy":0.3899798251513114,"f1":0.3659175029570377,"accuracy_stderr":0.032655776194752,"f1_stderr":0.028230610738563724,"main_score":0.3899798251513114},"nb":{"accuracy":0.36543375924680566,"f1":0.34484333894029684,"accuracy_stderr":0.04146486326704817,"f1_stderr":0.03643530343577885,"main_score":0.36543375924680566},"sv":{"accuracy":0.5256556825823806,"f1":0.4965313007040269,"accuracy_stderr":0.028409648722495975,"f1_stderr":0.027471961745985093,"main_score":0.5256556825823806}},"main_score":"accuracy"}