{"task_name":"Massive Intent","task_description":"MASSIVE: A 1M-Example Multilingual Natural Language Understanding Dataset with 51 Typologically-Diverse Languages","task_version":"1.1.1","time_of_run":"2024-01-22T15:40:30.486531","scores":{"da":{"accuracy":0.318728984532616,"f1":0.3164711585404153,"accuracy_stderr":0.017347534996193004,"f1_stderr":0.016362087442495354,"main_score":0.318728984532616},"nb":{"accuracy":0.2890383322125084,"f1":0.2886337857622164,"accuracy_stderr":0.013846048939341778,"f1_stderr":0.012336600690059384,"main_score":0.2890383322125084},"sv":{"accuracy":0.42242770679219904,"f1":0.40366762725416044,"accuracy_stderr":0.013054069461286663,"f1_stderr":0.012026417467881037,"main_score":0.42242770679219904}},"main_score":"accuracy"}