{"task_name":"NorQuad","task_description":"Human-created question for Norwegian wikipedia passages.","task_version":"0.0.1","time_of_run":"2024-02-04T19:15:38.737176","scores":{"nb":{"ndcg_at_1":0.05859,"ndcg_at_3":0.04467,"ndcg_at_5":0.04915,"ndcg_at_10":0.0549,"ndcg_at_100":0.07168,"ndcg_at_1000":0.15562,"map_at_1":0.0293,"map_at_3":0.03467,"map_at_5":0.03684,"map_at_10":0.03884,"map_at_100":0.04125,"map_at_1000":0.04332,"recall_at_1":0.0293,"recall_at_3":0.0415,"recall_at_5":0.05029,"recall_at_10":0.06445,"recall_at_100":0.13477,"recall_at_1000":0.73486,"precision_at_1":0.05859,"precision_at_3":0.02767,"precision_at_5":0.02012,"precision_at_10":0.01289,"precision_at_100":0.0027,"precision_at_1000":0.00147,"mrr_at_1":0.05859,"mrr_at_3":0.06934,"mrr_at_5":0.07319,"mrr_at_10":0.0772,"mrr_at_100":0.08153,"mrr_at_1000":0.08365}},"main_score":"ndcg_at_10"}