{"task_name":"Norwegian courts","task_description":"Nynorsk and Bokmål parallel corpus from Norwegian courts. Norway has two standardised written languages. Bokmål is a variant closer to Danish, while Nynorsk was created to resemble regional dialects of Norwegian.","task_version":"1.1.1","time_of_run":"2024-02-04T19:15:03.884333","scores":{"nb":{"precision":0.7759502923976609,"recall":0.8377192982456141,"f1":0.7956140350877192,"accuracy":0.8377192982456141,"main_score":0.7956140350877192},"nn":{"precision":0.7759502923976609,"recall":0.8377192982456141,"f1":0.7956140350877192,"accuracy":0.8377192982456141,"main_score":0.7956140350877192}},"main_score":"f1"}