{"task_name":"ScaLA","task_description":"A linguistic acceptability task for Danish, Norwegian Bokmål Norwegian Nynorsk and Swedish.","task_version":"1.1.1","time_of_run":"2024-01-22T15:47:00.351202","scores":{"da":{"accuracy":0.50126953125,"f1":0.4955389972610183,"ap":0.5006599511368326,"accuracy_stderr":0.004021730523823047,"f1_stderr":0.010782015027867208,"ap_stderr":0.0020407876150841907,"main_score":0.50126953125},"nb":{"accuracy":0.5015625,"f1":0.495437302649025,"ap":0.500810048724087,"accuracy_stderr":0.005049876356971834,"f1_stderr":0.010688060992555438,"ap_stderr":0.0025392866742909147,"main_score":0.5015625},"sv":{"accuracy":0.50087890625,"f1":0.4987963476249494,"ap":0.5004656496651242,"accuracy_stderr":0.0049400936991959915,"f1_stderr":0.005568439932907731,"ap_stderr":0.0024745129295249153,"main_score":0.50087890625},"nn":{"accuracy":0.501806640625,"f1":0.5001134004925285,"ap":0.5009348440777832,"accuracy_stderr":0.005139957465801068,"f1_stderr":0.005214075661689575,"ap_stderr":0.002602847876678371,"main_score":0.501806640625}},"main_score":"accuracy"}