{"task_name":"SNL Retrieval","task_description":"Webscrabed articles and ingresses from the Norwegian lexicon 'Det Store Norske Leksikon'.","task_version":"0.0.1","time_of_run":"2024-02-04T19:15:35.961306","scores":{"nb":{"ndcg_at_1":0.17,"ndcg_at_3":0.21962,"ndcg_at_5":0.24114,"ndcg_at_10":0.26422,"ndcg_at_100":0.33182,"ndcg_at_1000":0.36657,"map_at_1":0.17,"map_at_3":0.20705,"map_at_5":0.21897,"map_at_10":0.22847,"map_at_100":0.24068,"map_at_1000":0.24195,"recall_at_1":0.17,"recall_at_3":0.25615,"recall_at_5":0.30846,"recall_at_10":0.38,"recall_at_100":0.71538,"recall_at_1000":0.99,"precision_at_1":0.17,"precision_at_3":0.08538,"precision_at_5":0.06169,"precision_at_10":0.038,"precision_at_100":0.00715,"precision_at_1000":0.00099,"mrr_at_1":0.17,"mrr_at_3":0.20705,"mrr_at_5":0.21897,"mrr_at_10":0.22847,"mrr_at_100":0.24068,"mrr_at_1000":0.24195}},"main_score":"ndcg_at_10"}