{"task_name":"SwednRetrieval","task_description":"News Article Summary Semantic Similarity Estimation.","task_version":"0.0.1","time_of_run":"2024-02-04T19:15:44.693908","scores":{"sv":{"ndcg_at_1":0.2793,"ndcg_at_3":0.25743,"ndcg_at_5":0.2875,"ndcg_at_10":0.31792,"ndcg_at_100":0.38935,"ndcg_at_1000":0.42359,"map_at_1":0.13965,"map_at_3":0.21224,"map_at_5":0.23233,"map_at_10":0.2468,"map_at_100":0.26272,"map_at_1000":0.26424,"recall_at_1":0.13965,"recall_at_3":0.26025,"recall_at_5":0.31982,"recall_at_10":0.39697,"recall_at_100":0.68604,"recall_at_1000":0.91357,"precision_at_1":0.2793,"precision_at_3":0.1735,"precision_at_5":0.12793,"precision_at_10":0.07939,"precision_at_100":0.01372,"precision_at_1000":0.00183,"mrr_at_1":0.2793,"mrr_at_3":0.3457,"mrr_at_5":0.35991,"mrr_at_10":0.3716,"mrr_at_100":0.38181,"mrr_at_1000":0.38246}},"main_score":"ndcg_at_10"}