{"task_name":"SweFAQ","task_description":"A Swedish QA dataset derived from FAQ","task_version":"0.0.1","time_of_run":"2024-01-22T15:51:50.821146","scores":{"sv":{"ndcg_at_1":0.16374,"ndcg_at_3":0.22013,"ndcg_at_5":0.23674,"ndcg_at_10":0.26812,"ndcg_at_100":0.32804,"ndcg_at_1000":0.36572,"map_at_1":0.16374,"map_at_3":0.20598,"map_at_5":0.21504,"map_at_10":0.22828,"map_at_100":0.23864,"map_at_1000":0.23994,"recall_at_1":0.16374,"recall_at_3":0.26121,"recall_at_5":0.30214,"recall_at_10":0.39766,"recall_at_100":0.69981,"recall_at_1000":1.0,"precision_at_1":0.16374,"precision_at_3":0.08707,"precision_at_5":0.06043,"precision_at_10":0.03977,"precision_at_100":0.007,"precision_at_1000":0.001,"mrr_at_1":0.16374,"mrr_at_3":0.20598,"mrr_at_5":0.21504,"mrr_at_10":0.22828,"mrr_at_100":0.23864,"mrr_at_1000":0.23994}},"main_score":"ndcg_at_10"}