{"task_name":"TV2Nord Retrieval","task_description":"News Article and corresponding summaries extracted from the Danish newspaper TV2 Nord.","task_version":"1.1.1","time_of_run":"2024-02-04T19:15:03.359554","scores":{"da":{"ndcg_at_1":0.19336,"ndcg_at_3":0.23981,"ndcg_at_5":0.25524,"ndcg_at_10":0.27612,"ndcg_at_100":0.33158,"ndcg_at_1000":0.36769,"map_at_1":0.19336,"map_at_3":0.22852,"map_at_5":0.23704,"map_at_10":0.24577,"map_at_100":0.25581,"map_at_1000":0.25702,"recall_at_1":0.19336,"recall_at_3":0.27246,"recall_at_5":0.31006,"recall_at_10":0.37402,"recall_at_100":0.64844,"recall_at_1000":0.94141,"precision_at_1":0.19336,"precision_at_3":0.09082,"precision_at_5":0.06201,"precision_at_10":0.0374,"precision_at_100":0.00648,"precision_at_1000":0.00094,"mrr_at_1":0.19336,"mrr_at_3":0.22852,"mrr_at_5":0.23704,"mrr_at_10":0.24577,"mrr_at_100":0.25581,"mrr_at_1000":0.25702}},"main_score":"ndcg_at_10"}