{"task_name":"Twitterhjerne","task_description":"Danish question asked on Twitter with the Hashtag #Twitterhjerne ('Twitter brain') and their corresponding answer.","task_version":"1.1.1","time_of_run":"2024-02-04T19:15:03.580659","scores":{"da":{"ndcg_at_1":0.01282,"ndcg_at_3":0.00902,"ndcg_at_5":0.01426,"ndcg_at_10":0.018,"ndcg_at_100":0.20256,"ndcg_at_1000":0.32915,"map_at_1":0.00321,"map_at_3":0.00463,"map_at_5":0.00767,"map_at_10":0.00932,"map_at_100":0.02653,"map_at_1000":0.03271,"recall_at_1":0.00321,"recall_at_3":0.00748,"recall_at_5":0.01709,"recall_at_10":0.02564,"recall_at_100":0.50641,"recall_at_1000":1.0,"precision_at_1":0.01282,"precision_at_3":0.00855,"precision_at_5":0.01282,"precision_at_10":0.00897,"precision_at_100":0.00333,"precision_at_1000":0.00062,"mrr_at_1":0.03846,"mrr_at_3":0.04915,"mrr_at_5":0.06838,"mrr_at_10":0.07888,"mrr_at_100":0.0942,"mrr_at_1000":0.0957}},"main_score":"ndcg_at_10"}