{"task_name":"Bornholm Parallel","task_description":"Danish Bornholmsk Parallel Corpus. Bornholmsk is a Danish dialect spoken on the island of Bornholm, Denmark. Historically it is a part of east Danish which was also spoken in Scania and Halland, Sweden.","task_version":"1.1.1","time_of_run":"2024-01-22T15:08:18.921180","scores":{"da":{"precision":0.08763276478423537,"recall":0.124,"f1":0.09511965783723834,"accuracy":0.124,"main_score":0.09511965783723834},"da-bornholm":{"precision":0.08763276478423537,"recall":0.124,"f1":0.09511965783723834,"accuracy":0.124,"main_score":0.09511965783723834}},"main_score":"f1"}