{"task_name":"DanFEVER","task_description":"A Danish dataset intended for misinformation research. It follows the same format as the English FEVER dataset.","task_version":"1.1.1","time_of_run":"2024-02-04T18:56:36.945175","scores":{"da":{"ndcg_at_1":0.16335,"ndcg_at_3":0.21162,"ndcg_at_5":0.22371,"ndcg_at_10":0.23404,"ndcg_at_100":0.2543,"ndcg_at_1000":0.26343,"map_at_1":0.16335,"map_at_3":0.20012,"map_at_5":0.20683,"map_at_10":0.2112,"map_at_100":0.2151,"map_at_1000":0.21541,"recall_at_1":0.16335,"recall_at_3":0.24478,"recall_at_5":0.27405,"recall_at_10":0.30543,"recall_at_100":0.40311,"recall_at_1000":0.47654,"precision_at_1":0.16335,"precision_at_3":0.08159,"precision_at_5":0.05483,"precision_at_10":0.03055,"precision_at_100":0.00403,"precision_at_1000":0.00048,"mrr_at_1":0.16319,"mrr_at_3":0.20004,"mrr_at_5":0.20677,"mrr_at_10":0.21114,"mrr_at_100":0.21504,"mrr_at_1000":0.21535}},"main_score":"ndcg_at_10"}