{"task_name":"Language Identification","task_description":"A dataset for Nordic language identification.","task_version":"1.1.1","time_of_run":"2024-01-22T15:28:54.008350","scores":{"da":{"accuracy":0.7161333333333333,"f1":0.7032210886176917,"accuracy_stderr":0.014781519994010556,"f1_stderr":0.017488982543691686,"main_score":0.7161333333333333},"sv":{"accuracy":0.7161333333333333,"f1":0.7032210886176917,"accuracy_stderr":0.014781519994010556,"f1_stderr":0.017488982543691686,"main_score":0.7161333333333333},"nb":{"accuracy":0.7161333333333333,"f1":0.7032210886176917,"accuracy_stderr":0.014781519994010556,"f1_stderr":0.017488982543691686,"main_score":0.7161333333333333},"nn":{"accuracy":0.7161333333333333,"f1":0.7032210886176917,"accuracy_stderr":0.014781519994010556,"f1_stderr":0.017488982543691686,"main_score":0.7161333333333333},"is":{"accuracy":0.7161333333333333,"f1":0.7032210886176917,"accuracy_stderr":0.014781519994010556,"f1_stderr":0.017488982543691686,"main_score":0.7161333333333333},"fo":{"accuracy":0.7161333333333333,"f1":0.7032210886176917,"accuracy_stderr":0.014781519994010556,"f1_stderr":0.017488982543691686,"main_score":0.7161333333333333}},"main_score":"accuracy"}