{"task_name":"Massive Scenario","task_description":"MASSIVE: A 1M-Example Multilingual Natural Language Understanding Dataset with 51 Typologically-Diverse Languages","task_version":"1.1.1","time_of_run":"2024-01-22T15:20:49.531919","scores":{"da":{"accuracy":0.34909213180901144,"f1":0.3319713816463338,"accuracy_stderr":0.023184403822312447,"f1_stderr":0.024916915756362228,"main_score":0.34909213180901144},"nb":{"accuracy":0.38449899125756554,"f1":0.36118016113362644,"accuracy_stderr":0.026233876540796196,"f1_stderr":0.021474552683066726,"main_score":0.38449899125756554},"sv":{"accuracy":0.34357767316745125,"f1":0.3190862407360429,"accuracy_stderr":0.024935782895840558,"f1_stderr":0.02695783201461459,"main_score":0.34357767316745125}},"main_score":"accuracy"}