{"task_name":"Massive Intent","task_description":"MASSIVE: A 1M-Example Multilingual Natural Language Understanding Dataset with 51 Typologically-Diverse Languages","task_version":"1.1.1","time_of_run":"2024-01-22T15:15:58.859919","scores":{"da":{"accuracy":0.30860793544048415,"f1":0.30313224812303496,"accuracy_stderr":0.015572143118377768,"f1_stderr":0.014039517590620014,"main_score":0.30860793544048415},"nb":{"accuracy":0.30931405514458643,"f1":0.3044708492597009,"accuracy_stderr":0.012437930114687088,"f1_stderr":0.014892369160473198,"main_score":0.30931405514458643},"sv":{"accuracy":0.2659045057162071,"f1":0.26005071255235207,"accuracy_stderr":0.01032537113956033,"f1_stderr":0.011541523158259953,"main_score":0.2659045057162071}},"main_score":"accuracy"}