{"task_name":"NorQuad","task_description":"Human-created question for Norwegian wikipedia passages.","task_version":"0.0.1","time_of_run":"2024-02-04T18:59:59.647027","scores":{"nb":{"ndcg_at_1":0.0791,"ndcg_at_3":0.06033,"ndcg_at_5":0.06486,"ndcg_at_10":0.06948,"ndcg_at_100":0.08685,"ndcg_at_1000":0.17045,"map_at_1":0.03955,"map_at_3":0.04679,"map_at_5":0.04914,"map_at_10":0.05068,"map_at_100":0.05308,"map_at_1000":0.05534,"recall_at_1":0.03955,"recall_at_3":0.05615,"recall_at_5":0.06494,"recall_at_10":0.07666,"recall_at_100":0.15039,"recall_at_1000":0.74023,"precision_at_1":0.0791,"precision_at_3":0.03743,"precision_at_5":0.02598,"precision_at_10":0.01533,"precision_at_100":0.00301,"precision_at_1000":0.00148,"mrr_at_1":0.0791,"mrr_at_3":0.09359,"mrr_at_5":0.0973,"mrr_at_10":0.10038,"mrr_at_100":0.10477,"mrr_at_1000":0.10697}},"main_score":"ndcg_at_10"}