{"task_name":"Norwegian courts","task_description":"Nynorsk and Bokmål parallel corpus from Norwegian courts. Norway has two standardised written languages. Bokmål is a variant closer to Danish, while Nynorsk was created to resemble regional dialects of Norwegian.","task_version":"1.1.1","time_of_run":"2024-02-04T18:57:24.621866","scores":{"nb":{"precision":0.8478487886382623,"recall":0.881578947368421,"f1":0.8578216374269005,"accuracy":0.881578947368421,"main_score":0.8578216374269005},"nn":{"precision":0.8478487886382623,"recall":0.881578947368421,"f1":0.8578216374269005,"accuracy":0.881578947368421,"main_score":0.8578216374269005}},"main_score":"f1"}