{"task_name":"ScaLA","task_description":"A linguistic acceptability task for Danish, Norwegian Bokmål Norwegian Nynorsk and Swedish.","task_version":"1.1.1","time_of_run":"2024-01-22T15:27:15.650780","scores":{"da":{"accuracy":0.50146484375,"f1":0.4907589701731414,"ap":0.5007541265620497,"accuracy_stderr":0.003686442595347046,"f1_stderr":0.01500306255569002,"ap_stderr":0.0018654525248369502,"main_score":0.50146484375},"nb":{"accuracy":0.4984375,"f1":0.4944125620864247,"ap":0.49923732920466896,"accuracy_stderr":0.0039050291060805085,"f1_stderr":0.004898347060371214,"ap_stderr":0.0019365874638573833,"main_score":0.4984375},"sv":{"accuracy":0.50361328125,"f1":0.5002886895086774,"ap":0.5018278950520887,"accuracy_stderr":0.002720388335387523,"f1_stderr":0.0053429502074129245,"ap_stderr":0.0013850946762195208,"main_score":0.50361328125},"nn":{"accuracy":0.5015625,"f1":0.4997656952053619,"ap":0.5008028680966511,"accuracy_stderr":0.00426680708495185,"f1_stderr":0.0052569155407135165,"ap_stderr":0.0021537787107304774,"main_score":0.5015625}},"main_score":"accuracy"}