{"task_name":"SNL Retrieval","task_description":"Webscrabed articles and ingresses from the Norwegian lexicon 'Det Store Norske Leksikon'.","task_version":"0.0.1","time_of_run":"2024-02-04T18:59:46.288176","scores":{"nb":{"ndcg_at_1":0.33923,"ndcg_at_3":0.40438,"ndcg_at_5":0.42869,"ndcg_at_10":0.45238,"ndcg_at_100":0.50744,"ndcg_at_1000":0.52573,"map_at_1":0.33923,"map_at_3":0.38859,"map_at_5":0.40221,"map_at_10":0.41203,"map_at_100":0.42228,"map_at_1000":0.42299,"recall_at_1":0.33923,"recall_at_3":0.45,"recall_at_5":0.50846,"recall_at_10":0.58154,"recall_at_100":0.85077,"recall_at_1000":0.99308,"precision_at_1":0.33923,"precision_at_3":0.15,"precision_at_5":0.10169,"precision_at_10":0.05815,"precision_at_100":0.00851,"precision_at_1000":0.00099,"mrr_at_1":0.33923,"mrr_at_3":0.38859,"mrr_at_5":0.40221,"mrr_at_10":0.41203,"mrr_at_100":0.42228,"mrr_at_1000":0.42299}},"main_score":"ndcg_at_10"}