{"task_name":"SwednRetrieval","task_description":"News Article Summary Semantic Similarity Estimation.","task_version":"0.0.1","time_of_run":"2024-02-04T19:00:35.928621","scores":{"sv":{"ndcg_at_1":0.15039,"ndcg_at_3":0.13348,"ndcg_at_5":0.14595,"ndcg_at_10":0.16261,"ndcg_at_100":0.22201,"ndcg_at_1000":0.27805,"map_at_1":0.0752,"map_at_3":0.10653,"map_at_5":0.11351,"map_at_10":0.12057,"map_at_100":0.13243,"map_at_1000":0.13461,"recall_at_1":0.0752,"recall_at_3":0.1333,"recall_at_5":0.1582,"recall_at_10":0.20068,"recall_at_100":0.44092,"recall_at_1000":0.81689,"precision_at_1":0.15039,"precision_at_3":0.08887,"precision_at_5":0.06328,"precision_at_10":0.04014,"precision_at_100":0.00882,"precision_at_1000":0.00163,"mrr_at_1":0.15039,"mrr_at_3":0.18864,"mrr_at_5":0.19704,"mrr_at_10":0.20498,"mrr_at_100":0.2163,"mrr_at_1000":0.2177}},"main_score":"ndcg_at_10"}