{"task_name":"SweFAQ","task_description":"A Swedish QA dataset derived from FAQ","task_version":"0.0.1","time_of_run":"2024-01-22T15:32:55.670170","scores":{"sv":{"ndcg_at_1":0.11501,"ndcg_at_3":0.1617,"ndcg_at_5":0.17889,"ndcg_at_10":0.1992,"ndcg_at_100":0.25787,"ndcg_at_1000":0.30944,"map_at_1":0.11501,"map_at_3":0.1514,"map_at_5":0.16066,"map_at_10":0.16912,"map_at_100":0.1793,"map_at_1000":0.18114,"recall_at_1":0.11501,"recall_at_3":0.19103,"recall_at_5":0.23392,"recall_at_10":0.2963,"recall_at_100":0.59259,"recall_at_1000":1.0,"precision_at_1":0.11501,"precision_at_3":0.06368,"precision_at_5":0.04678,"precision_at_10":0.02963,"precision_at_100":0.00593,"precision_at_1000":0.001,"mrr_at_1":0.11501,"mrr_at_3":0.1514,"mrr_at_5":0.16066,"mrr_at_10":0.16912,"mrr_at_100":0.1793,"mrr_at_1000":0.18114}},"main_score":"ndcg_at_10"}