{"task_name":"TV2Nord Retrieval","task_description":"News Article and corresponding summaries extracted from the Danish newspaper TV2 Nord.","task_version":"1.1.1","time_of_run":"2024-02-04T18:57:09.286827","scores":{"da":{"ndcg_at_1":0.21045,"ndcg_at_3":0.26236,"ndcg_at_5":0.27781,"ndcg_at_10":0.298,"ndcg_at_100":0.35084,"ndcg_at_1000":0.38543,"map_at_1":0.21045,"map_at_3":0.24959,"map_at_5":0.25814,"map_at_10":0.26646,"map_at_100":0.27611,"map_at_1000":0.27726,"recall_at_1":0.21045,"recall_at_3":0.29932,"recall_at_5":0.33691,"recall_at_10":0.39941,"recall_at_100":0.66064,"recall_at_1000":0.94238,"precision_at_1":0.21045,"precision_at_3":0.09977,"precision_at_5":0.06738,"precision_at_10":0.03994,"precision_at_100":0.00661,"precision_at_1000":0.00094,"mrr_at_1":0.21045,"mrr_at_3":0.24959,"mrr_at_5":0.25814,"mrr_at_10":0.26646,"mrr_at_100":0.27611,"mrr_at_1000":0.27726}},"main_score":"ndcg_at_10"}