{"task_name":"Twitterhjerne","task_description":"Danish question asked on Twitter with the Hashtag #Twitterhjerne ('Twitter brain') and their corresponding answer.","task_version":"1.1.1","time_of_run":"2024-02-04T18:57:16.217788","scores":{"da":{"ndcg_at_1":0.01282,"ndcg_at_3":0.00602,"ndcg_at_5":0.00805,"ndcg_at_10":0.01116,"ndcg_at_100":0.04122,"ndcg_at_1000":0.05458,"map_at_1":0.00321,"map_at_3":0.00321,"map_at_5":0.00449,"map_at_10":0.00572,"map_at_100":0.02835,"map_at_1000":0.03744,"recall_at_1":0.00321,"recall_at_3":0.00321,"recall_at_5":0.00962,"recall_at_10":0.01603,"recall_at_100":0.49679,"recall_at_1000":1.0,"precision_at_1":0.01282,"precision_at_3":0.00427,"precision_at_5":0.00513,"precision_at_10":0.00513,"precision_at_100":0.00295,"precision_at_1000":0.00062,"mrr_at_1":0.03846,"mrr_at_3":0.05983,"mrr_at_5":0.06239,"mrr_at_10":0.07712,"mrr_at_100":0.09535,"mrr_at_1000":0.09638}},"main_score":"ndcg_at_10"}