{"task_name":"Bornholm Parallel","task_description":"Danish Bornholmsk Parallel Corpus. Bornholmsk is a Danish dialect spoken on the island of Bornholm, Denmark. Historically it is a part of east Danish which was also spoken in Scania and Halland, Sweden.","task_version":"1.1.1","time_of_run":"2024-01-30T19:00:03.216216","scores":{"da":{"precision":0.1478857142857143,"recall":0.226,"f1":0.16561919191919192,"accuracy":0.226,"main_score":0.16561919191919192},"da-bornholm":{"precision":0.1478857142857143,"recall":0.226,"f1":0.16561919191919192,"accuracy":0.226,"main_score":0.16561919191919192}},"main_score":"f1"}