{"task_name":"DanFEVER","task_description":"A Danish dataset intended for misinformation research. It follows the same format as the English FEVER dataset.","task_version":"1.1.1","time_of_run":"2024-02-15T19:13:09.965029","scores":{"da":{"ndcg_at_1":0.24682,"ndcg_at_3":0.32231,"ndcg_at_5":0.33459,"ndcg_at_10":0.34246,"ndcg_at_100":0.35177,"ndcg_at_1000":0.35321,"map_at_1":0.24674,"map_at_3":0.3042,"map_at_5":0.31104,"map_at_10":0.31437,"map_at_100":0.31637,"map_at_1000":0.31643,"recall_at_1":0.24674,"recall_at_3":0.37447,"recall_at_5":0.40413,"recall_at_10":0.42806,"recall_at_100":0.47058,"recall_at_1000":0.48188,"precision_at_1":0.24682,"precision_at_3":0.12485,"precision_at_5":0.08087,"precision_at_10":0.04284,"precision_at_100":0.00471,"precision_at_1000":0.00048,"mrr_at_1":0.24902,"mrr_at_3":0.30585,"mrr_at_5":0.31214,"mrr_at_10":0.31568,"mrr_at_100":0.31765,"mrr_at_1000":0.31771}},"main_score":"ndcg_at_10"}