{"task_name":"Language Identification","task_description":"A dataset for Nordic language identification.","task_version":"1.1.1","time_of_run":"2024-02-16T22:40:40.111831","scores":{"da":{"accuracy":0.4339666666666667,"f1":0.41868536741897555,"accuracy_stderr":0.011401218258492286,"f1_stderr":0.014785444895302056,"main_score":0.4339666666666667},"sv":{"accuracy":0.4339666666666667,"f1":0.41868536741897555,"accuracy_stderr":0.011401218258492286,"f1_stderr":0.014785444895302056,"main_score":0.4339666666666667},"nb":{"accuracy":0.4339666666666667,"f1":0.41868536741897555,"accuracy_stderr":0.011401218258492286,"f1_stderr":0.014785444895302056,"main_score":0.4339666666666667},"nn":{"accuracy":0.4339666666666667,"f1":0.41868536741897555,"accuracy_stderr":0.011401218258492286,"f1_stderr":0.014785444895302056,"main_score":0.4339666666666667},"is":{"accuracy":0.4339666666666667,"f1":0.41868536741897555,"accuracy_stderr":0.011401218258492286,"f1_stderr":0.014785444895302056,"main_score":0.4339666666666667},"fo":{"accuracy":0.4339666666666667,"f1":0.41868536741897555,"accuracy_stderr":0.011401218258492286,"f1_stderr":0.014785444895302056,"main_score":0.4339666666666667}},"main_score":"accuracy"}