{"task_name":"Massive Scenario","task_description":"MASSIVE: A 1M-Example Multilingual Natural Language Understanding Dataset with 51 Typologically-Diverse Languages","task_version":"1.1.1","time_of_run":"2024-02-16T21:27:05.342285","scores":{"da":{"accuracy":0.6279757901815736,"f1":0.6221014516374568,"accuracy_stderr":0.017355842805201468,"f1_stderr":0.020127576637497122,"main_score":0.6279757901815736},"nb":{"accuracy":0.6089778076664425,"f1":0.6026129368776758,"accuracy_stderr":0.02420208817032323,"f1_stderr":0.02008682742348807,"main_score":0.6089778076664425},"sv":{"accuracy":0.6336919973100202,"f1":0.6242773420540939,"accuracy_stderr":0.02310252648670761,"f1_stderr":0.021248217339264797,"main_score":0.6336919973100202}},"main_score":"accuracy"}