{"task_name":"Massive Intent","task_description":"MASSIVE: A 1M-Example Multilingual Natural Language Understanding Dataset with 51 Typologically-Diverse Languages","task_version":"1.1.1","time_of_run":"2024-01-30T23:01:24.688038","scores":{"da":{"accuracy":0.5584734364492266,"f1":0.5258655958410193,"accuracy_stderr":0.01886132566262318,"f1_stderr":0.016162230034480085,"main_score":0.5584734364492266},"nb":{"accuracy":0.5244451916610625,"f1":0.4999487736264901,"accuracy_stderr":0.02312935416803006,"f1_stderr":0.01736731409083083,"main_score":0.5244451916610625},"sv":{"accuracy":0.55,"f1":0.5178996121067063,"accuracy_stderr":0.02393508182509035,"f1_stderr":0.019869421747562982,"main_score":0.55}},"main_score":"accuracy"}