{"task_name":"ScaLA","task_description":"A linguistic acceptability task for Danish, Norwegian Bokmål Norwegian Nynorsk and Swedish.","task_version":"1.1.1","time_of_run":"2024-02-16T22:18:39.650739","scores":{"da":{"accuracy":0.503955078125,"f1":0.5016315825226193,"ap":0.5020100044043636,"accuracy_stderr":0.004407803309017581,"f1_stderr":0.004839313420502569,"ap_stderr":0.0022263374489002847,"main_score":0.503955078125},"nb":{"accuracy":0.49619140625,"f1":0.4926099332711894,"ap":0.4981562241507869,"accuracy_stderr":0.00661904812610568,"f1_stderr":0.006436969172626058,"ap_stderr":0.0032681544804425504,"main_score":0.49619140625},"sv":{"accuracy":0.500439453125,"f1":0.49657033512009613,"ap":0.5002660180761017,"accuracy_stderr":0.006096480320327671,"f1_stderr":0.006543954305392667,"ap_stderr":0.0031185367352958523,"main_score":0.500439453125},"nn":{"accuracy":0.50078125,"f1":0.4996818846578136,"ap":0.5004210765842252,"accuracy_stderr":0.005856118886939434,"f1_stderr":0.004637520116662792,"ap_stderr":0.0029769771693759295,"main_score":0.50078125}},"main_score":"accuracy"}