{"task_name":"TV2Nord Retrieval","task_description":"News Article and corresponding summaries extracted from the Danish newspaper TV2 Nord.","task_version":"1.1.1","time_of_run":"2024-02-15T20:47:54.029406","scores":{"da":{"ndcg_at_1":0.5293,"ndcg_at_3":0.57601,"ndcg_at_5":0.59206,"ndcg_at_10":0.60537,"ndcg_at_100":0.62611,"ndcg_at_1000":0.63911,"map_at_1":0.5293,"map_at_3":0.56478,"map_at_5":0.57354,"map_at_10":0.57916,"map_at_100":0.58331,"map_at_1000":0.58371,"recall_at_1":0.5293,"recall_at_3":0.6084,"recall_at_5":0.64795,"recall_at_10":0.68848,"recall_at_100":0.78711,"recall_at_1000":0.89502,"precision_at_1":0.5293,"precision_at_3":0.2028,"precision_at_5":0.12959,"precision_at_10":0.06885,"precision_at_100":0.00787,"precision_at_1000":0.0009,"mrr_at_1":0.5332,"mrr_at_3":0.56746,"mrr_at_5":0.57567,"mrr_at_10":0.58155,"mrr_at_100":0.58566,"mrr_at_1000":0.58608}},"main_score":"ndcg_at_10"}