{"task_name":"Twitterhjerne","task_description":"Danish question asked on Twitter with the Hashtag #Twitterhjerne ('Twitter brain') and their corresponding answer.","task_version":"1.1.1","time_of_run":"2024-02-15T20:50:27.355262","scores":{"da":{"ndcg_at_1":0.89744,"ndcg_at_3":0.89939,"ndcg_at_5":1.25126,"ndcg_at_10":1.25686,"ndcg_at_100":1.27488,"ndcg_at_1000":1.27897,"map_at_1":0.43162,"map_at_3":0.47062,"map_at_5":0.68365,"map_at_10":0.68884,"map_at_100":0.69469,"map_at_1000":0.69498,"recall_at_1":0.43162,"recall_at_3":0.48397,"recall_at_5":0.90812,"recall_at_10":0.9188,"recall_at_100":0.97756,"recall_at_1000":1.0,"precision_at_1":0.08974,"precision_at_3":0.08547,"precision_at_5":0.0641,"precision_at_10":0.0359,"precision_at_100":0.00551,"precision_at_1000":0.00062,"mrr_at_1":0.55128,"mrr_at_3":0.63462,"mrr_at_5":0.63718,"mrr_at_10":0.6438,"mrr_at_100":0.64936,"mrr_at_1000":0.64952}},"main_score":"ndcg_at_10"}