{"task_name":"Bornholm Parallel","task_description":"Danish Bornholmsk Parallel Corpus. Bornholmsk is a Danish dialect spoken on the island of Bornholm, Denmark. Historically it is a part of east Danish which was also spoken in Scania and Halland, Sweden.","task_version":"1.1.1","time_of_run":"2024-07-18T22:57:41.894246","scores":{"da":{"precision":0.4093380952380952,"recall":0.526,"f1":0.44057142857142856,"accuracy":0.526,"main_score":0.44057142857142856},"da-bornholm":{"precision":0.4093380952380952,"recall":0.526,"f1":0.44057142857142856,"accuracy":0.526,"main_score":0.44057142857142856}},"main_score":"f1"}
