{"task_name":"DanFEVER","task_description":"A Danish dataset intended for misinformation research. It follows the same format as the English FEVER dataset.","task_version":"1.1.1","time_of_run":"2024-07-18T23:04:29.167984","scores":{"da":{"ndcg_at_1":0.27915,"ndcg_at_3":0.36575,"ndcg_at_5":0.37552,"ndcg_at_10":0.38205,"ndcg_at_100":0.38528,"ndcg_at_1000":0.38544,"map_at_1":0.27907,"map_at_3":0.34539,"map_at_5":0.35082,"map_at_10":0.35357,"map_at_100":0.35432,"map_at_1000":0.35432,"recall_at_1":0.27907,"recall_at_3":0.42421,"recall_at_5":0.44791,"recall_at_10":0.46775,"recall_at_100":0.48203,"recall_at_1000":0.48329,"precision_at_1":0.27915,"precision_at_3":0.14148,"precision_at_5":0.08963,"precision_at_10":0.04681,"precision_at_100":0.00483,"precision_at_1000":0.00048,"mrr_at_1":0.27915,"mrr_at_3":0.34544,"mrr_at_5":0.35087,"mrr_at_10":0.35363,"mrr_at_100":0.35436,"mrr_at_1000":0.35437}},"main_score":"ndcg_at_10"}
