{"task_name":"Language Identification","task_description":"A dataset for Nordic language identification.","task_version":"1.1.1","time_of_run":"2024-07-18T23:45:48.556004","scores":{"da":{"accuracy":0.38936666666666664,"f1":0.3805783323169587,"accuracy_stderr":0.011463420083029311,"f1_stderr":0.010236473072462338,"main_score":0.38936666666666664},"sv":{"accuracy":0.38936666666666664,"f1":0.3805783323169587,"accuracy_stderr":0.011463420083029311,"f1_stderr":0.010236473072462338,"main_score":0.38936666666666664},"nb":{"accuracy":0.38936666666666664,"f1":0.3805783323169587,"accuracy_stderr":0.011463420083029311,"f1_stderr":0.010236473072462338,"main_score":0.38936666666666664},"nn":{"accuracy":0.38936666666666664,"f1":0.3805783323169587,"accuracy_stderr":0.011463420083029311,"f1_stderr":0.010236473072462338,"main_score":0.38936666666666664},"is":{"accuracy":0.38936666666666664,"f1":0.3805783323169587,"accuracy_stderr":0.011463420083029311,"f1_stderr":0.010236473072462338,"main_score":0.38936666666666664},"fo":{"accuracy":0.38936666666666664,"f1":0.3805783323169587,"accuracy_stderr":0.011463420083029311,"f1_stderr":0.010236473072462338,"main_score":0.38936666666666664}},"main_score":"accuracy"}
