{"task_name":"Massive Scenario","task_description":"MASSIVE: A 1M-Example Multilingual Natural Language Understanding Dataset with 51 Typologically-Diverse Languages","task_version":"1.1.1","time_of_run":"2024-07-18T23:40:12.857557","scores":{"da":{"accuracy":0.7426698049764627,"f1":0.7294532478286655,"accuracy_stderr":0.012793365954792042,"f1_stderr":0.014101113561844581,"main_score":0.7426698049764627},"nb":{"accuracy":0.7358439811701413,"f1":0.7259308579542274,"accuracy_stderr":0.012769615011613082,"f1_stderr":0.012816839515507175,"main_score":0.7358439811701413},"sv":{"accuracy":0.7491257565568259,"f1":0.7384382527402025,"accuracy_stderr":0.011546025540636894,"f1_stderr":0.011704361486564131,"main_score":0.7491257565568259}},"main_score":"accuracy"}
