{"task_name":"Massive Intent","task_description":"MASSIVE: A 1M-Example Multilingual Natural Language Understanding Dataset with 51 Typologically-Diverse Languages","task_version":"1.1.1","time_of_run":"2024-07-18T23:37:32.993996","scores":{"da":{"accuracy":0.6727639542703429,"f1":0.6449537022367648,"accuracy_stderr":0.01822870738203115,"f1_stderr":0.012171892384378062,"main_score":0.6727639542703429},"nb":{"accuracy":0.6707464694014795,"f1":0.6457217835173444,"accuracy_stderr":0.017789875041013866,"f1_stderr":0.012990165602379448,"main_score":0.6707464694014795},"sv":{"accuracy":0.6914593140551446,"f1":0.6730665077626039,"accuracy_stderr":0.018641700897390413,"f1_stderr":0.014267176628744433,"main_score":0.6914593140551446}},"main_score":"accuracy"}
