{"task_name":"NorQuad","task_description":"Human-created question for Norwegian wikipedia passages.","task_version":"0.0.1","time_of_run":"2024-07-19T09:53:55.358026","scores":{"nb":{"ndcg_at_1":0.2041,"ndcg_at_3":0.17564,"ndcg_at_5":0.19046,"ndcg_at_10":0.2073,"ndcg_at_100":0.24952,"ndcg_at_1000":0.29843,"map_at_1":0.10205,"map_at_3":0.14022,"map_at_5":0.14837,"map_at_10":0.15488,"map_at_100":0.16228,"map_at_1000":0.1639,"recall_at_1":0.10205,"recall_at_3":0.17188,"recall_at_5":0.20117,"recall_at_10":0.24365,"recall_at_100":0.41406,"recall_at_1000":0.75146,"precision_at_1":0.2041,"precision_at_3":0.11458,"precision_at_5":0.08047,"precision_at_10":0.04873,"precision_at_100":0.00828,"precision_at_1000":0.0015,"mrr_at_1":0.20312,"mrr_at_3":0.25244,"mrr_at_5":0.26294,"mrr_at_10":0.27252,"mrr_at_100":0.28289,"mrr_at_1000":0.28414}},"main_score":"ndcg_at_10"}