{"task_name":"ScaLA","task_description":"A linguistic acceptability task for Danish, Norwegian Bokmål Norwegian Nynorsk and Swedish.","task_version":"1.1.1","time_of_run":"2024-07-18T23:44:11.167183","scores":{"da":{"accuracy":0.507958984375,"f1":0.505778641957942,"ap":0.5040649330790057,"accuracy_stderr":0.004809260479392083,"f1_stderr":0.005940135370647354,"ap_stderr":0.002485396505869928,"main_score":0.507958984375},"nb":{"accuracy":0.50439453125,"f1":0.5013446227023699,"ap":0.5022741916069635,"accuracy_stderr":0.007891446816733172,"f1_stderr":0.010349570045961515,"ap_stderr":0.003971396069348545,"main_score":0.50439453125},"sv":{"accuracy":0.50439453125,"f1":0.5002756780492137,"ap":0.502237469008503,"accuracy_stderr":0.004522865694105239,"f1_stderr":0.0057691322664435545,"ap_stderr":0.0023033984472414803,"main_score":0.50439453125},"nn":{"accuracy":0.501171875,"f1":0.4992243158079689,"ap":0.5006078127307595,"accuracy_stderr":0.004470907477445155,"f1_stderr":0.0047363895665595976,"ap_stderr":0.002238011866166809,"main_score":0.501171875}},"main_score":"accuracy"}
