{"task_name":"SNL Retrieval","task_description":"Webscrabed articles and ingresses from the Norwegian lexicon 'Det Store Norske Leksikon'.","task_version":"0.0.1","time_of_run":"2024-07-19T13:39:05.866878","scores":{"nb":{"ndcg_at_1":0.83385,"ndcg_at_3":0.8816,"ndcg_at_5":0.89028,"ndcg_at_10":0.89494,"ndcg_at_100":0.90235,"ndcg_at_1000":0.90395,"map_at_1":0.83385,"map_at_3":0.87038,"map_at_5":0.87527,"map_at_10":0.87715,"map_at_100":0.87854,"map_at_1000":0.87859,"recall_at_1":0.83385,"recall_at_3":0.91385,"recall_at_5":0.93462,"recall_at_10":0.94923,"recall_at_100":0.98538,"recall_at_1000":0.99846,"precision_at_1":0.83385,"precision_at_3":0.30462,"precision_at_5":0.18692,"precision_at_10":0.09492,"precision_at_100":0.00985,"precision_at_1000":0.001,"mrr_at_1":0.83385,"mrr_at_3":0.87064,"mrr_at_5":0.87533,"mrr_at_10":0.87723,"mrr_at_100":0.87862,"mrr_at_1000":0.87867}},"main_score":"ndcg_at_10"}