{"task_name":"SwednRetrieval","task_description":"News Article Summary Semantic Similarity Estimation.","task_version":"0.0.1","time_of_run":"2024-07-19T10:53:51.507697","scores":{"sv":{"ndcg_at_1":0.70312,"ndcg_at_3":0.66895,"ndcg_at_5":0.70793,"ndcg_at_10":0.73391,"ndcg_at_100":0.76465,"ndcg_at_1000":0.77288,"map_at_1":0.35156,"map_at_3":0.62337,"map_at_5":0.65457,"map_at_10":0.67012,"map_at_100":0.6785,"map_at_1000":0.67889,"recall_at_1":0.35156,"recall_at_3":0.67334,"recall_at_5":0.75049,"recall_at_10":0.81543,"recall_at_100":0.93408,"recall_at_1000":0.98877,"precision_at_1":0.70312,"precision_at_3":0.44889,"precision_at_5":0.3002,"precision_at_10":0.16309,"precision_at_100":0.01868,"precision_at_1000":0.00198,"mrr_at_1":0.7041,"mrr_at_3":0.75732,"mrr_at_5":0.76553,"mrr_at_10":0.76973,"mrr_at_100":0.77339,"mrr_at_1000":0.7735}},"main_score":"ndcg_at_10"}