{"task_name":"SweFAQ","task_description":"A Swedish QA dataset derived from FAQ","task_version":"0.0.1","time_of_run":"2024-07-19T10:00:44.868843","scores":{"sv":{"ndcg_at_1":0.54776,"ndcg_at_3":0.66488,"ndcg_at_5":0.69642,"ndcg_at_10":0.71472,"ndcg_at_100":0.74067,"ndcg_at_1000":0.74195,"map_at_1":0.54776,"map_at_3":0.63775,"map_at_5":0.65539,"map_at_10":0.66295,"map_at_100":0.66885,"map_at_1000":0.6689,"recall_at_1":0.54776,"recall_at_3":0.74269,"recall_at_5":0.81871,"recall_at_10":0.87524,"recall_at_100":0.99025,"recall_at_1000":1.0,"precision_at_1":0.54776,"precision_at_3":0.24756,"precision_at_5":0.16374,"precision_at_10":0.08752,"precision_at_100":0.0099,"precision_at_1000":0.001,"mrr_at_1":0.54971,"mrr_at_3":0.63905,"mrr_at_5":0.65669,"mrr_at_10":0.66427,"mrr_at_100":0.67016,"mrr_at_1000":0.67022}},"main_score":"ndcg_at_10"}