{"task_name":"TV2Nord Retrieval","task_description":"News Article and corresponding summaries extracted from the Danish newspaper TV2 Nord.","task_version":"1.1.1","time_of_run":"2024-07-18T23:32:34.304858","scores":{"da":{"ndcg_at_1":0.87061,"ndcg_at_3":0.9134,"ndcg_at_5":0.91996,"ndcg_at_10":0.92566,"ndcg_at_100":0.93016,"ndcg_at_1000":0.93061,"map_at_1":0.87061,"map_at_3":0.90332,"map_at_5":0.90703,"map_at_10":0.9094,"map_at_100":0.91036,"map_at_1000":0.91038,"recall_at_1":0.87061,"recall_at_3":0.94238,"recall_at_5":0.95801,"recall_at_10":0.97559,"recall_at_100":0.99609,"recall_at_1000":0.99951,"precision_at_1":0.87061,"precision_at_3":0.31413,"precision_at_5":0.1916,"precision_at_10":0.09756,"precision_at_100":0.00996,"precision_at_1000":0.001,"mrr_at_1":0.87061,"mrr_at_3":0.90332,"mrr_at_5":0.90703,"mrr_at_10":0.9094,"mrr_at_100":0.91036,"mrr_at_1000":0.91038}},"main_score":"ndcg_at_10"}
