{"task_name":"Twitterhjerne","task_description":"Danish question asked on Twitter with the Hashtag #Twitterhjerne ('Twitter brain') and their corresponding answer.","task_version":"1.1.1","time_of_run":"2024-07-18T23:32:57.384983","scores":{"da":{"ndcg_at_1":0.66667,"ndcg_at_3":0.57345,"ndcg_at_5":0.55265,"ndcg_at_10":0.62097,"ndcg_at_100":0.70099,"ndcg_at_1000":0.71139,"map_at_1":0.21709,"map_at_3":0.40962,"map_at_5":0.46169,"map_at_10":0.51375,"map_at_100":0.54296,"map_at_1000":0.54425,"recall_at_1":0.21709,"recall_at_3":0.44872,"recall_at_5":0.52009,"recall_at_10":0.67051,"recall_at_100":0.93846,"recall_at_1000":0.98718,"precision_at_1":0.66667,"precision_at_3":0.5,"precision_at_5":0.35641,"precision_at_10":0.23077,"precision_at_100":0.03179,"precision_at_1000":0.00336,"mrr_at_1":0.66667,"mrr_at_3":0.72863,"mrr_at_5":0.7312,"mrr_at_10":0.74067,"mrr_at_100":0.74537,"mrr_at_1000":0.74537}},"main_score":"ndcg_at_10"}
