{"task_name":"Bornholm Parallel","task_description":"Danish Bornholmsk Parallel Corpus. Bornholmsk is a Danish dialect spoken on the island of Bornholm, Denmark. Historically it is a part of east Danish which was also spoken in Scania and Halland, Sweden.","task_version":"1.1.1.dev0","time_of_run":"2023-09-25T17:59:22.23214","scores":{"da":{"precision":0.2760605422355422,"recall":0.368,"f1":0.29607949436184733,"accuracy":0.368,"main_score":0.29607949436184733},"da-bornholm":{"precision":0.2760605422355422,"recall":0.368,"f1":0.29607949436184733,"accuracy":0.368,"main_score":0.29607949436184733}},"main_score":"f1"}