{"task_name":"DanFEVER","task_description":"A Danish dataset intended for misinformation research. It follows the same format as the English FEVER dataset.","task_version":"1.1.1","time_of_run":"2024-01-30T11:31:18.070548","scores":{"da":{"ndcg_at_1":0.31445,"ndcg_at_3":0.39441,"ndcg_at_5":0.40126,"ndcg_at_10":0.40538,"ndcg_at_100":0.40675,"ndcg_at_1000":0.40679,"map_at_1":0.31429,"map_at_3":0.37567,"map_at_5":0.37953,"map_at_10":0.38127,"map_at_100":0.38161,"map_at_1000":0.38161,"recall_at_1":0.31429,"recall_at_3":0.44814,"recall_at_5":0.46454,"recall_at_10":0.47709,"recall_at_100":0.48298,"recall_at_1000":0.48329,"precision_at_1":0.31445,"precision_at_3":0.14948,"precision_at_5":0.09299,"precision_at_10":0.04775,"precision_at_100":0.00483,"precision_at_1000":0.00048,"mrr_at_1":0.31445,"mrr_at_3":0.37578,"mrr_at_5":0.37961,"mrr_at_10":0.38135,"mrr_at_100":0.38167,"mrr_at_1000":0.38167}},"main_score":"ndcg_at_10"}