{"task_name":"Language Identification","task_description":"A dataset for Nordic language identification.","task_version":"1.1.1.dev0","time_of_run":"2023-09-25T18:48:10.764992","scores":{"da":{"accuracy":0.8015333333333332,"f1":0.796288598455154,"accuracy_stderr":0.007533923280734938,"f1_stderr":0.009056161875406527,"main_score":0.8015333333333332},"sv":{"accuracy":0.8015333333333332,"f1":0.796288598455154,"accuracy_stderr":0.007533923280734938,"f1_stderr":0.009056161875406527,"main_score":0.8015333333333332},"nb":{"accuracy":0.8015333333333332,"f1":0.796288598455154,"accuracy_stderr":0.007533923280734938,"f1_stderr":0.009056161875406527,"main_score":0.8015333333333332},"nn":{"accuracy":0.8015333333333332,"f1":0.796288598455154,"accuracy_stderr":0.007533923280734938,"f1_stderr":0.009056161875406527,"main_score":0.8015333333333332},"is":{"accuracy":0.8015333333333332,"f1":0.796288598455154,"accuracy_stderr":0.007533923280734938,"f1_stderr":0.009056161875406527,"main_score":0.8015333333333332},"fo":{"accuracy":0.8015333333333332,"f1":0.796288598455154,"accuracy_stderr":0.007533923280734938,"f1_stderr":0.009056161875406527,"main_score":0.8015333333333332}},"main_score":"accuracy"}