{"task_name":"Massive Intent","task_description":"MASSIVE: A 1M-Example Multilingual Natural Language Understanding Dataset with 51 Typologically-Diverse Languages","task_version":"1.1.1.dev0","time_of_run":"2023-09-25T18:09:37.713047","scores":{"da":{"accuracy":0.6374915938130465,"f1":0.6095209823689112,"accuracy_stderr":0.013080372650990131,"f1_stderr":0.0123105848109145,"main_score":0.6374915938130465},"nb":{"accuracy":0.6451244115669132,"f1":0.6151567689298606,"accuracy_stderr":0.017947679649994,"f1_stderr":0.01787152266902865,"main_score":0.6451244115669132},"sv":{"accuracy":0.665366509751177,"f1":0.6404515575021981,"accuracy_stderr":0.018444515132656283,"f1_stderr":0.016067270041325344,"main_score":0.665366509751177}},"main_score":"accuracy"}