{"task_name":"Massive Scenario","task_description":"MASSIVE: A 1M-Example Multilingual Natural Language Understanding Dataset with 51 Typologically-Diverse Languages","task_version":"1.1.1.dev0","time_of_run":"2023-09-25T18:14:08.314072","scores":{"da":{"accuracy":0.7114660390047074,"f1":0.7023253062945793,"accuracy_stderr":0.01512399891431203,"f1_stderr":0.016115474706742145,"main_score":0.7114660390047074},"nb":{"accuracy":0.7039677202420982,"f1":0.6941514719389039,"accuracy_stderr":0.01835751105836139,"f1_stderr":0.01624822992478041,"main_score":0.7039677202420982},"sv":{"accuracy":0.7270342972427708,"f1":0.7202597856696572,"accuracy_stderr":0.013923893984056305,"f1_stderr":0.013290618471430102,"main_score":0.7270342972427708}},"main_score":"accuracy"}