{"task_name":"NorQuad","task_description":"Human-created question for Norwegian wikipedia passages.","task_version":"0.0.1","time_of_run":"2024-01-30T11:52:07.669206","scores":{"nb":{"ndcg_at_1":0.28418,"ndcg_at_3":0.22858,"ndcg_at_5":0.24389,"ndcg_at_10":0.25583,"ndcg_at_100":0.29396,"ndcg_at_1000":0.34006,"map_at_1":0.14209,"map_at_3":0.18612,"map_at_5":0.19527,"map_at_10":0.20014,"map_at_100":0.20668,"map_at_1000":0.20822,"recall_at_1":0.14209,"recall_at_3":0.21729,"recall_at_5":0.24756,"recall_at_10":0.27734,"recall_at_100":0.43311,"recall_at_1000":0.75195,"precision_at_1":0.28418,"precision_at_3":0.14486,"precision_at_5":0.09902,"precision_at_10":0.05547,"precision_at_100":0.00866,"precision_at_1000":0.0015,"mrr_at_1":0.28418,"mrr_at_3":0.33057,"mrr_at_5":0.33999,"mrr_at_10":0.3466,"mrr_at_100":0.35547,"mrr_at_1000":0.35653}},"main_score":"ndcg_at_10"}