{"task_name":"Norwegian courts","task_description":"Nynorsk and Bokmål parallel corpus from Norwegian courts. Norway has two standardised written languages. Bokmål is a variant closer to Danish, while Nynorsk was created to resemble regional dialects of Norwegian.","task_version":"1.1.1","time_of_run":"2024-01-30T11:39:00.395828","scores":{"nb":{"precision":0.8958333333333334,"recall":0.9254385964912281,"f1":0.9052631578947368,"accuracy":0.9254385964912281,"main_score":0.9052631578947368},"nn":{"precision":0.8958333333333334,"recall":0.9254385964912281,"f1":0.9052631578947368,"accuracy":0.9254385964912281,"main_score":0.9052631578947368}},"main_score":"f1"}