{"task_name":"ScaLA","task_description":"A linguistic acceptability task for Danish, Norwegian Bokmål Norwegian Nynorsk and Swedish.","task_version":"1.1.1.dev0","time_of_run":"2023-09-25T18:45:30.505102","scores":{"da":{"accuracy":0.5140625,"f1":0.5110096350178809,"ap":0.5074025241027542,"accuracy_stderr":0.013737634820944719,"f1_stderr":0.013200959370182407,"ap_stderr":0.007105907107278635,"main_score":0.5140625},"nb":{"accuracy":0.509326171875,"f1":0.5060070471323789,"ap":0.504796826492099,"accuracy_stderr":0.006717905390680548,"f1_stderr":0.008867768768255003,"ap_stderr":0.003495226892618272,"main_score":0.509326171875},"sv":{"accuracy":0.511669921875,"f1":0.5091068656627107,"ap":0.506073277397398,"accuracy_stderr":0.009245035230983122,"f1_stderr":0.009297444141790184,"ap_stderr":0.00484964434326875,"main_score":0.511669921875},"nn":{"accuracy":0.51279296875,"f1":0.5103750460870845,"ap":0.5067093378763262,"accuracy_stderr":0.012877671640474563,"f1_stderr":0.01229717065979964,"ap_stderr":0.006523427651546832,"main_score":0.51279296875}},"main_score":"accuracy"}