{"task_name":"SNL Retrieval","task_description":"Webscrabed articles and ingresses from the Norwegian lexicon 'Det Store Norske Leksikon'.","task_version":"0.0.1","time_of_run":"2024-01-30T11:51:10.465581","scores":{"nb":{"ndcg_at_1":0.92692,"ndcg_at_3":0.95202,"ndcg_at_5":0.95328,"ndcg_at_10":0.95479,"ndcg_at_100":0.95797,"ndcg_at_1000":0.95882,"map_at_1":0.92692,"map_at_3":0.94628,"map_at_5":0.94697,"map_at_10":0.9476,"map_at_100":0.94821,"map_at_1000":0.94824,"recall_at_1":0.92692,"recall_at_3":0.96846,"recall_at_5":0.97154,"recall_at_10":0.97615,"recall_at_100":0.99154,"recall_at_1000":0.99846,"precision_at_1":0.92692,"precision_at_3":0.32282,"precision_at_5":0.19431,"precision_at_10":0.09762,"precision_at_100":0.00992,"precision_at_1000":0.001,"mrr_at_1":0.92692,"mrr_at_3":0.94628,"mrr_at_5":0.94697,"mrr_at_10":0.9476,"mrr_at_100":0.94821,"mrr_at_1000":0.94824}},"main_score":"ndcg_at_10"}