{"task_name":"SwednRetrieval","task_description":"News Article Summary Semantic Similarity Estimation.","task_version":"0.0.1","time_of_run":"2024-01-30T11:58:08.080706","scores":{"sv":{"ndcg_at_1":0.78125,"ndcg_at_3":0.73182,"ndcg_at_5":0.7686,"ndcg_at_10":0.79158,"ndcg_at_100":0.81743,"ndcg_at_1000":0.8228,"map_at_1":0.39062,"map_at_3":0.6875,"map_at_5":0.71736,"map_at_10":0.7312,"map_at_100":0.7389,"map_at_1000":0.73917,"recall_at_1":0.39062,"recall_at_3":0.73145,"recall_at_5":0.80322,"recall_at_10":0.86133,"recall_at_100":0.95996,"recall_at_1000":0.99512,"precision_at_1":0.78125,"precision_at_3":0.48763,"precision_at_5":0.32129,"precision_at_10":0.17227,"precision_at_100":0.0192,"precision_at_1000":0.00199,"mrr_at_1":0.78125,"mrr_at_3":0.82389,"mrr_at_5":0.83175,"mrr_at_10":0.83488,"mrr_at_100":0.83687,"mrr_at_1000":0.83696}},"main_score":"ndcg_at_10"}