{"task_name":"SweFAQ","task_description":"A Swedish QA dataset derived from FAQ","task_version":"0.0.1","time_of_run":"2023-09-25T19:07:51.256832","scores":{"sv":{"ndcg_at_1":0.54386,"ndcg_at_3":0.68179,"ndcg_at_5":0.71627,"ndcg_at_10":0.733,"ndcg_at_100":0.75143,"ndcg_at_1000":0.75255,"map_at_1":0.54386,"map_at_3":0.64912,"map_at_5":0.66823,"map_at_10":0.67534,"map_at_100":0.67955,"map_at_1000":0.67961,"recall_at_1":0.54386,"recall_at_3":0.77583,"recall_at_5":0.85965,"recall_at_10":0.91033,"recall_at_100":0.9922,"recall_at_1000":1.0,"precision_at_1":0.54386,"precision_at_3":0.25861,"precision_at_5":0.17193,"precision_at_10":0.09103,"precision_at_100":0.00992,"precision_at_1000":0.001,"mrr_at_1":0.54386,"mrr_at_3":0.64912,"mrr_at_5":0.66823,"mrr_at_10":0.67534,"mrr_at_100":0.67955,"mrr_at_1000":0.67961}},"main_score":"ndcg_at_10"}