{"task_name":"TV2Nord Retrieval","task_description":"News Article and corresponding summaries extracted from the Danish newspaper TV2 Nord.","task_version":"1.1.1","time_of_run":"2024-01-30T11:38:31.979454","scores":{"da":{"ndcg_at_1":0.91455,"ndcg_at_3":0.94507,"ndcg_at_5":0.95095,"ndcg_at_10":0.95369,"ndcg_at_100":0.95605,"ndcg_at_1000":0.9563,"map_at_1":0.91455,"map_at_3":0.93815,"map_at_5":0.94145,"map_at_10":0.94261,"map_at_100":0.94312,"map_at_1000":0.94313,"recall_at_1":0.91455,"recall_at_3":0.96484,"recall_at_5":0.979,"recall_at_10":0.9873,"recall_at_100":0.99805,"recall_at_1000":1.0,"precision_at_1":0.91455,"precision_at_3":0.32161,"precision_at_5":0.1958,"precision_at_10":0.09873,"precision_at_100":0.00998,"precision_at_1000":0.001,"mrr_at_1":0.91455,"mrr_at_3":0.93815,"mrr_at_5":0.94145,"mrr_at_10":0.94261,"mrr_at_100":0.94312,"mrr_at_1000":0.94313}},"main_score":"ndcg_at_10"}