{"task_name":"Twitterhjerne","task_description":"Danish question asked on Twitter with the Hashtag #Twitterhjerne ('Twitter brain') and their corresponding answer.","task_version":"1.1.1","time_of_run":"2024-01-30T11:38:51.766639","scores":{"da":{"ndcg_at_1":0.74359,"ndcg_at_3":0.68188,"ndcg_at_5":0.70092,"ndcg_at_10":0.74428,"ndcg_at_100":0.79782,"ndcg_at_1000":0.80062,"map_at_1":0.23568,"map_at_3":0.51631,"map_at_5":0.62038,"map_at_10":0.65959,"map_at_100":0.68063,"map_at_1000":0.68092,"recall_at_1":0.23568,"recall_at_3":0.55299,"recall_at_5":0.69744,"recall_at_10":0.79679,"recall_at_100":0.97222,"recall_at_1000":0.98718,"precision_at_1":0.74359,"precision_at_3":0.60684,"precision_at_5":0.47949,"precision_at_10":0.27564,"precision_at_100":0.03321,"precision_at_1000":0.00336,"mrr_at_1":0.74359,"mrr_at_3":0.81197,"mrr_at_5":0.81517,"mrr_at_10":0.82288,"mrr_at_100":0.82455,"mrr_at_1000":0.82455}},"main_score":"ndcg_at_10"}