{"task_name":"Language Identification","task_description":"A dataset for Nordic language identification.","task_version":"1.0.3.dev0","time_of_run":"2023-07-28T14:51:15.475826","scores":{"da":{"accuracy":0.7594333333333333,"f1":0.7560075927704041,"accuracy_stderr":0.012729711526800426,"f1_stderr":0.013580712062676832,"main_score":0.7594333333333333},"sv":{"accuracy":0.7594333333333333,"f1":0.7560075927704041,"accuracy_stderr":0.012729711526800426,"f1_stderr":0.013580712062676832,"main_score":0.7594333333333333},"nb":{"accuracy":0.7594333333333333,"f1":0.7560075927704041,"accuracy_stderr":0.012729711526800426,"f1_stderr":0.013580712062676832,"main_score":0.7594333333333333},"nn":{"accuracy":0.7594333333333333,"f1":0.7560075927704041,"accuracy_stderr":0.012729711526800426,"f1_stderr":0.013580712062676832,"main_score":0.7594333333333333},"is":{"accuracy":0.7594333333333333,"f1":0.7560075927704041,"accuracy_stderr":0.012729711526800426,"f1_stderr":0.013580712062676832,"main_score":0.7594333333333333},"fo":{"accuracy":0.7594333333333333,"f1":0.7560075927704041,"accuracy_stderr":0.012729711526800426,"f1_stderr":0.013580712062676832,"main_score":0.7594333333333333}},"main_score":"accuracy"}