{"task_name":"Massive Intent","task_description":"MASSIVE: A 1M-Example Multilingual Natural Language Understanding Dataset with 51 Typologically-Diverse Languages","task_version":"1.0.3.dev0","time_of_run":"2023-07-28T14:46:41.404626","scores":{"da":{"accuracy":0.6016476126429052,"f1":0.5634231157127344,"accuracy_stderr":0.016738269771835478,"f1_stderr":0.016818445263435046,"main_score":0.6016476126429052},"nb":{"accuracy":0.5982851378614661,"f1":0.5604910761332663,"accuracy_stderr":0.015367686940145293,"f1_stderr":0.016086224068945554,"main_score":0.5982851378614661},"sv":{"accuracy":0.6178211163416274,"f1":0.5797049972201151,"accuracy_stderr":0.016452228664678048,"f1_stderr":0.016076116616999002,"main_score":0.6178211163416274}},"main_score":"accuracy"}