{"task_name":"Massive Scenario","task_description":"MASSIVE: A 1M-Example Multilingual Natural Language Understanding Dataset with 51 Typologically-Diverse Languages","task_version":"1.0.3.dev0","time_of_run":"2023-07-28T14:48:05.623264","scores":{"da":{"accuracy":0.674646940147949,"f1":0.6595147279291771,"accuracy_stderr":0.014803445590728282,"f1_stderr":0.01678996773478074,"main_score":0.674646940147949},"nb":{"accuracy":0.6618359112306658,"f1":0.6474591310607613,"accuracy_stderr":0.021329357261303417,"f1_stderr":0.021072648258161693,"main_score":0.6618359112306658},"sv":{"accuracy":0.6914593140551446,"f1":0.6743841787551895,"accuracy_stderr":0.016069111837315294,"f1_stderr":0.017101538379354537,"main_score":0.6914593140551446}},"main_score":"accuracy"}