{"task_name":"ScaLA","task_description":"A linguistic acceptability task for Danish, Norwegian Bokmål Norwegian Nynorsk and Swedish.","task_version":"1.0.3.dev0","time_of_run":"2023-07-28T14:50:11.811779","scores":{"da":{"accuracy":0.507861328125,"f1":0.5043670301255313,"ap":0.50407019961464,"accuracy_stderr":0.009769164397662906,"f1_stderr":0.009906551517969138,"ap_stderr":0.005030718612948104,"main_score":0.507861328125},"nb":{"accuracy":0.50322265625,"f1":0.5008300033666941,"ap":0.5017744766384645,"accuracy_stderr":0.011209644415845111,"f1_stderr":0.01083238605286703,"ap_stderr":0.005772130851517735,"main_score":0.50322265625},"sv":{"accuracy":0.504248046875,"f1":0.5011403183162986,"ap":0.5022309876837646,"accuracy_stderr":0.009300572277222403,"f1_stderr":0.01069328109967883,"ap_stderr":0.00483410300361895,"main_score":0.504248046875},"nn":{"accuracy":0.504833984375,"f1":0.5035610969962387,"ap":0.5024751332477798,"accuracy_stderr":0.006017756889384643,"f1_stderr":0.006002331018763039,"ap_stderr":0.0030489974838999127,"main_score":0.504833984375}},"main_score":"accuracy"}