{"task_name":"SweFAQ","task_description":"A Swedish QA dataset derived from FAQ","task_version":"0.0.1","time_of_run":"2023-09-04T19:43:47.695533","scores":{"sv":{"ndcg_at_1":0.5809,"ndcg_at_3":0.68465,"ndcg_at_5":0.71452,"ndcg_at_10":0.7315,"ndcg_at_100":0.75752,"ndcg_at_1000":0.75862,"map_at_1":0.5809,"map_at_3":0.65919,"map_at_5":0.67586,"map_at_10":0.68322,"map_at_100":0.68951,"map_at_1000":0.68957,"recall_at_1":0.5809,"recall_at_3":0.75828,"recall_at_5":0.83041,"recall_at_10":0.88109,"recall_at_100":0.9922,"recall_at_1000":1.0,"precision_at_1":0.5809,"precision_at_3":0.25276,"precision_at_5":0.16608,"precision_at_10":0.08811,"precision_at_100":0.00992,"precision_at_1000":0.001,"mrr_at_1":0.5809,"mrr_at_3":0.65919,"mrr_at_5":0.67586,"mrr_at_10":0.68322,"mrr_at_100":0.68951,"mrr_at_1000":0.68957}},"main_score":"ndcg_at_10"}