{"task_name":"DanFEVER","task_description":"A Danish dataset intended for misinformation research. It follows the same format as the English FEVER dataset.","task_version":"1.1.1","time_of_run":"2024-01-30T10:34:32.477046","scores":{"da":{"ndcg_at_1":0.27036,"ndcg_at_3":0.34819,"ndcg_at_5":0.35812,"ndcg_at_10":0.36462,"ndcg_at_100":0.3713,"ndcg_at_1000":0.37237,"map_at_1":0.27036,"map_at_3":0.32996,"map_at_5":0.33555,"map_at_10":0.33829,"map_at_100":0.33971,"map_at_1000":0.33975,"recall_at_1":0.27036,"recall_at_3":0.40052,"recall_at_5":0.42429,"recall_at_10":0.44406,"recall_at_100":0.47466,"recall_at_1000":0.48298,"precision_at_1":0.27036,"precision_at_3":0.13353,"precision_at_5":0.08489,"precision_at_10":0.04444,"precision_at_100":0.00475,"precision_at_1000":0.00048,"mrr_at_1":0.27036,"mrr_at_3":0.32999,"mrr_at_5":0.33559,"mrr_at_10":0.33833,"mrr_at_100":0.33974,"mrr_at_1000":0.33978}},"main_score":"ndcg_at_10"}