{"task_name":"Language Identification","task_description":"A dataset for Nordic language identification.","task_version":"1.0.3.dev0","time_of_run":"2023-07-28T13:20:54.957511","scores":{"da":{"accuracy":0.5829666666666667,"f1":0.556416612372918,"accuracy_stderr":0.01689605476632537,"f1_stderr":0.024345884708486788,"main_score":0.5829666666666667},"sv":{"accuracy":0.5829666666666667,"f1":0.556416612372918,"accuracy_stderr":0.01689605476632537,"f1_stderr":0.024345884708486788,"main_score":0.5829666666666667},"nb":{"accuracy":0.5829666666666667,"f1":0.556416612372918,"accuracy_stderr":0.01689605476632537,"f1_stderr":0.024345884708486788,"main_score":0.5829666666666667},"nn":{"accuracy":0.5829666666666667,"f1":0.556416612372918,"accuracy_stderr":0.01689605476632537,"f1_stderr":0.024345884708486788,"main_score":0.5829666666666667},"is":{"accuracy":0.5829666666666667,"f1":0.556416612372918,"accuracy_stderr":0.01689605476632537,"f1_stderr":0.024345884708486788,"main_score":0.5829666666666667},"fo":{"accuracy":0.5829666666666667,"f1":0.556416612372918,"accuracy_stderr":0.01689605476632537,"f1_stderr":0.024345884708486788,"main_score":0.5829666666666667}},"main_score":"accuracy"}