{"task_name":"Massive Scenario","task_description":"MASSIVE: A 1M-Example Multilingual Natural Language Understanding Dataset with 51 Typologically-Diverse Languages","task_version":"1.0.3.dev0","time_of_run":"2023-07-28T13:09:35.662108","scores":{"da":{"accuracy":0.5294889038332213,"f1":0.497844188181838,"accuracy_stderr":0.01179845398050312,"f1_stderr":0.015948599545340024,"main_score":0.5294889038332213},"nb":{"accuracy":0.51906523201076,"f1":0.48469253168791776,"accuracy_stderr":0.020893959423191263,"f1_stderr":0.018431620456520796,"main_score":0.51906523201076},"sv":{"accuracy":0.5096503026227303,"f1":0.47970318432652237,"accuracy_stderr":0.01508477542287528,"f1_stderr":0.013314843525331407,"main_score":0.5096503026227303}},"main_score":"accuracy"}