{"task_name":"Massive Intent","task_description":"MASSIVE: A 1M-Example Multilingual Natural Language Understanding Dataset with 51 Typologically-Diverse Languages","task_version":"1.0.3.dev0","time_of_run":"2023-07-28T13:04:17.998107","scores":{"da":{"accuracy":0.42286482851378615,"f1":0.4045450712997618,"accuracy_stderr":0.012383040984379165,"f1_stderr":0.011450412901048949,"main_score":0.42286482851378615},"nb":{"accuracy":0.4063214525891056,"f1":0.3789828222208245,"accuracy_stderr":0.014827865675936818,"f1_stderr":0.012769924322664489,"main_score":0.4063214525891056},"sv":{"accuracy":0.4068594485541358,"f1":0.3868424150540931,"accuracy_stderr":0.016741613025560997,"f1_stderr":0.014421268110823617,"main_score":0.4068594485541358}},"main_score":"accuracy"}