{"task_name":"NorQuad","task_description":"Human-created question for Norwegian wikipedia passages.","task_version":"0.0.1","time_of_run":"2024-01-30T10:58:38.236158","scores":{"nb":{"ndcg_at_1":0.12793,"ndcg_at_3":0.09773,"ndcg_at_5":0.10141,"ndcg_at_10":0.10764,"ndcg_at_100":0.12999,"ndcg_at_1000":0.20546,"map_at_1":0.06396,"map_at_3":0.07707,"map_at_5":0.07873,"map_at_10":0.08098,"map_at_100":0.08432,"map_at_1000":0.08631,"recall_at_1":0.06396,"recall_at_3":0.09082,"recall_at_5":0.09814,"recall_at_10":0.11377,"recall_at_100":0.20801,"recall_at_1000":0.74414,"precision_at_1":0.12793,"precision_at_3":0.06055,"precision_at_5":0.03926,"precision_at_10":0.02275,"precision_at_100":0.00416,"precision_at_1000":0.00149,"mrr_at_1":0.12793,"mrr_at_3":0.14925,"mrr_at_5":0.15257,"mrr_at_10":0.1565,"mrr_at_100":0.16165,"mrr_at_1000":0.16359}},"main_score":"ndcg_at_10"}