{"task_name":"Norwegian courts","task_description":"Nynorsk and Bokmål parallel corpus from Norwegian courts. Norway has two standardised written languages. Bokmål is a variant closer to Danish, while Nynorsk was created to resemble regional dialects of Norwegian.","task_version":"1.1.1","time_of_run":"2024-01-30T10:43:50.385096","scores":{"nb":{"precision":0.9195906432748538,"recall":0.9385964912280702,"f1":0.9254385964912281,"accuracy":0.9385964912280702,"main_score":0.9254385964912281},"nn":{"precision":0.9195906432748538,"recall":0.9385964912280702,"f1":0.9254385964912281,"accuracy":0.9385964912280702,"main_score":0.9254385964912281}},"main_score":"f1"}