{"task_name":"ScaLA","task_description":"A linguistic acceptability task for Danish, Norwegian Bokmål Norwegian Nynorsk and Swedish.","task_version":"1.0.3.dev0","time_of_run":"2023-07-28T13:17:34.836663","scores":{"da":{"accuracy":0.498974609375,"f1":0.4973243378375657,"ap":0.4994975402181119,"accuracy_stderr":0.0030293119861808785,"f1_stderr":0.003381182397789181,"ap_stderr":0.0015025263112233393,"main_score":0.498974609375},"nb":{"accuracy":0.50126953125,"f1":0.49493851513228365,"ap":0.5006549217251715,"accuracy_stderr":0.0045919210724643545,"f1_stderr":0.008711845834406649,"ap_stderr":0.0022812677266345655,"main_score":0.50126953125},"sv":{"accuracy":0.49833984375,"f1":0.49411065609244,"ap":0.4992063849005556,"accuracy_stderr":0.005916872835820746,"f1_stderr":0.0050753509990883235,"ap_stderr":0.0029618573072430895,"main_score":0.49833984375},"nn":{"accuracy":0.497900390625,"f1":0.4950763565792915,"ap":0.4989615171014935,"accuracy_stderr":0.0025749603268428144,"f1_stderr":0.0028533289445563394,"ap_stderr":0.0012755367059780374,"main_score":0.497900390625}},"main_score":"accuracy"}