{"task_name":"SNL Retrieval","task_description":"Webscrabed articles and ingresses from the Norwegian lexicon 'Det Store Norske Leksikon'.","task_version":"0.0.1","time_of_run":"2024-01-30T10:57:37.688108","scores":{"nb":{"ndcg_at_1":0.79231,"ndcg_at_3":0.84229,"ndcg_at_5":0.85133,"ndcg_at_10":0.85686,"ndcg_at_100":0.86656,"ndcg_at_1000":0.87119,"map_at_1":0.79231,"map_at_3":0.83051,"map_at_5":0.83563,"map_at_10":0.83794,"map_at_100":0.83994,"map_at_1000":0.84009,"recall_at_1":0.79231,"recall_at_3":0.87615,"recall_at_5":0.89769,"recall_at_10":0.91462,"recall_at_100":0.96,"recall_at_1000":0.99769,"precision_at_1":0.79231,"precision_at_3":0.29205,"precision_at_5":0.17954,"precision_at_10":0.09146,"precision_at_100":0.0096,"precision_at_1000":0.001,"mrr_at_1":0.79231,"mrr_at_3":0.83051,"mrr_at_5":0.83563,"mrr_at_10":0.83794,"mrr_at_100":0.83994,"mrr_at_1000":0.84009}},"main_score":"ndcg_at_10"}