{"task_name":"SwednRetrieval","task_description":"News Article Summary Semantic Similarity Estimation.","task_version":"0.0.1","time_of_run":"2024-01-30T11:05:05.635859","scores":{"sv":{"ndcg_at_1":0.48926,"ndcg_at_3":0.45416,"ndcg_at_5":0.49039,"ndcg_at_10":0.51882,"ndcg_at_100":0.57067,"ndcg_at_1000":0.59489,"map_at_1":0.24463,"map_at_3":0.40641,"map_at_5":0.43354,"map_at_10":0.44892,"map_at_100":0.46218,"map_at_1000":0.46327,"recall_at_1":0.24463,"recall_at_3":0.45605,"recall_at_5":0.52734,"recall_at_10":0.59863,"recall_at_100":0.80176,"recall_at_1000":0.9624,"precision_at_1":0.48926,"precision_at_3":0.30404,"precision_at_5":0.21094,"precision_at_10":0.11973,"precision_at_100":0.01604,"precision_at_1000":0.00192,"mrr_at_1":0.48926,"mrr_at_3":0.54948,"mrr_at_5":0.56125,"mrr_at_10":0.56906,"mrr_at_100":0.57541,"mrr_at_1000":0.57587}},"main_score":"ndcg_at_10"}