{"task_name":"SweFAQ","task_description":"A Swedish QA dataset derived from FAQ","task_version":"0.0.1","time_of_run":"2023-09-04T19:42:39.124202","scores":{"sv":{"ndcg_at_1":0.37817,"ndcg_at_3":0.48879,"ndcg_at_5":0.52243,"ndcg_at_10":0.55326,"ndcg_at_100":0.59303,"ndcg_at_1000":0.60256,"map_at_1":0.37817,"map_at_3":0.46166,"map_at_5":0.48028,"map_at_10":0.49297,"map_at_100":0.50166,"map_at_1000":0.50202,"recall_at_1":0.37817,"recall_at_3":0.56725,"recall_at_5":0.64912,"recall_at_10":0.74464,"recall_at_100":0.92593,"recall_at_1000":1.0,"precision_at_1":0.37817,"precision_at_3":0.18908,"precision_at_5":0.12982,"precision_at_10":0.07446,"precision_at_100":0.00926,"precision_at_1000":0.001,"mrr_at_1":0.38012,"mrr_at_3":0.46264,"mrr_at_5":0.48125,"mrr_at_10":0.49375,"mrr_at_100":0.50261,"mrr_at_1000":0.50298}},"main_score":"ndcg_at_10"}