{"task_name":"TV2Nord Retrieval","task_description":"News Article and corresponding summaries extracted from the Danish newspaper TV2 Nord.","task_version":"1.1.1","time_of_run":"2024-01-30T10:43:16.164277","scores":{"da":{"ndcg_at_1":0.65967,"ndcg_at_3":0.72131,"ndcg_at_5":0.73691,"ndcg_at_10":0.75223,"ndcg_at_100":0.7713,"ndcg_at_1000":0.77806,"map_at_1":0.65967,"map_at_3":0.70646,"map_at_5":0.71518,"map_at_10":0.7216,"map_at_100":0.72538,"map_at_1000":0.72562,"recall_at_1":0.65967,"recall_at_3":0.76416,"recall_at_5":0.80176,"recall_at_10":0.84863,"recall_at_100":0.93945,"recall_at_1000":0.99316,"precision_at_1":0.65967,"precision_at_3":0.25472,"precision_at_5":0.16035,"precision_at_10":0.08486,"precision_at_100":0.00939,"precision_at_1000":0.00099,"mrr_at_1":0.65967,"mrr_at_3":0.70646,"mrr_at_5":0.71518,"mrr_at_10":0.7216,"mrr_at_100":0.72538,"mrr_at_1000":0.72562}},"main_score":"ndcg_at_10"}