{"task_name":"Twitterhjerne","task_description":"Danish question asked on Twitter with the Hashtag #Twitterhjerne ('Twitter brain') and their corresponding answer.","task_version":"1.1.1","time_of_run":"2024-01-30T10:43:39.578474","scores":{"da":{"ndcg_at_1":0.46154,"ndcg_at_3":0.36102,"ndcg_at_5":0.34343,"ndcg_at_10":0.37946,"ndcg_at_100":0.49334,"ndcg_at_1000":0.53068,"map_at_1":0.15,"map_at_3":0.23476,"map_at_5":0.25682,"map_at_10":0.27998,"map_at_100":0.30889,"map_at_1000":0.31232,"recall_at_1":0.15,"recall_at_3":0.27436,"recall_at_5":0.3141,"recall_at_10":0.39359,"recall_at_100":0.79209,"recall_at_1000":0.98718,"precision_at_1":0.46154,"precision_at_3":0.30769,"precision_at_5":0.21538,"precision_at_10":0.13718,"precision_at_100":0.02744,"precision_at_1000":0.00336,"mrr_at_1":0.46154,"mrr_at_3":0.5406,"mrr_at_5":0.54701,"mrr_at_10":0.55324,"mrr_at_100":0.56241,"mrr_at_1000":0.56267}},"main_score":"ndcg_at_10"}