{"task_name":"Bornholm Parallel","task_description":"Danish Bornholmsk Parallel Corpus. Bornholmsk is a Danish dialect spoken on the island of Bornholm, Denmark. Historically it is a part of east Danish which was also spoken in Scania and Halland, Sweden.","task_version":"1.1.1","time_of_run":"2024-02-29T19:04:54.414086","scores":{"da":{"precision":0.1620805194805195,"recall":0.224,"f1":0.17398582324108638,"accuracy":0.224,"main_score":0.17398582324108638},"da-bornholm":{"precision":0.1620805194805195,"recall":0.224,"f1":0.17398582324108638,"accuracy":0.224,"main_score":0.17398582324108638}},"main_score":"f1"}