{"task_name":"DanFEVER","task_description":"A Danish dataset intended for misinformation research. It follows the same format as the English FEVER dataset.","task_version":"1.1.1","time_of_run":"2024-02-29T19:09:38.130446","scores":{"da":{"ndcg_at_1":0.07783,"ndcg_at_3":0.10202,"ndcg_at_5":0.10826,"ndcg_at_10":0.11549,"ndcg_at_100":0.1368,"ndcg_at_1000":0.15822,"map_at_1":0.07783,"map_at_3":0.09611,"map_at_5":0.0996,"map_at_10":0.10262,"map_at_100":0.10639,"map_at_1000":0.10703,"recall_at_1":0.07783,"recall_at_3":0.1191,"recall_at_5":0.13416,"recall_at_10":0.15628,"recall_at_100":0.26338,"recall_at_1000":0.44155,"precision_at_1":0.07783,"precision_at_3":0.0397,"precision_at_5":0.02683,"precision_at_10":0.01563,"precision_at_100":0.00263,"precision_at_1000":0.00044,"mrr_at_1":0.07846,"mrr_at_3":0.09655,"mrr_at_5":0.10008,"mrr_at_10":0.10309,"mrr_at_100":0.10687,"mrr_at_1000":0.10751}},"main_score":"ndcg_at_10"}