{"task_name":"Language Identification","task_description":"A dataset for Nordic language identification.","task_version":"1.1.1","time_of_run":"2024-02-29T19:25:57.893509","scores":{"da":{"accuracy":0.7514666666666667,"f1":0.7454422598790416,"accuracy_stderr":0.007597075460699063,"f1_stderr":0.007738516433733462,"main_score":0.7514666666666667},"sv":{"accuracy":0.7514666666666667,"f1":0.7454422598790416,"accuracy_stderr":0.007597075460699063,"f1_stderr":0.007738516433733462,"main_score":0.7514666666666667},"nb":{"accuracy":0.7514666666666667,"f1":0.7454422598790416,"accuracy_stderr":0.007597075460699063,"f1_stderr":0.007738516433733462,"main_score":0.7514666666666667},"nn":{"accuracy":0.7514666666666667,"f1":0.7454422598790416,"accuracy_stderr":0.007597075460699063,"f1_stderr":0.007738516433733462,"main_score":0.7514666666666667},"is":{"accuracy":0.7514666666666667,"f1":0.7454422598790416,"accuracy_stderr":0.007597075460699063,"f1_stderr":0.007738516433733462,"main_score":0.7514666666666667},"fo":{"accuracy":0.7514666666666667,"f1":0.7454422598790416,"accuracy_stderr":0.007597075460699063,"f1_stderr":0.007738516433733462,"main_score":0.7514666666666667}},"main_score":"accuracy"}