{"task_name":"Massive Intent","task_description":"MASSIVE: A 1M-Example Multilingual Natural Language Understanding Dataset with 51 Typologically-Diverse Languages","task_version":"1.1.1","time_of_run":"2024-02-29T19:18:36.135241","scores":{"da":{"accuracy":0.6535642232683255,"f1":0.6172117730494124,"accuracy_stderr":0.009919072638233911,"f1_stderr":0.007060491005580562,"main_score":0.6535642232683255},"nb":{"accuracy":0.6149630127774042,"f1":0.5871098465344748,"accuracy_stderr":0.013856048283284638,"f1_stderr":0.008685380462329155,"main_score":0.6149630127774042},"sv":{"accuracy":0.64364492266308,"f1":0.6085329393845396,"accuracy_stderr":0.010622227606785854,"f1_stderr":0.006454110068344495,"main_score":0.64364492266308}},"main_score":"accuracy"}