{"task_name":"Massive Scenario","task_description":"MASSIVE: A 1M-Example Multilingual Natural Language Understanding Dataset with 51 Typologically-Diverse Languages","task_version":"1.1.1","time_of_run":"2024-02-29T19:21:37.326226","scores":{"da":{"accuracy":0.6756220578345662,"f1":0.667802254200323,"accuracy_stderr":0.018094395035555422,"f1_stderr":0.017434808647565806,"main_score":0.6756220578345662},"nb":{"accuracy":0.6402488231338265,"f1":0.62961008703461,"accuracy_stderr":0.02320421896199425,"f1_stderr":0.022540360243270045,"main_score":0.6402488231338265},"sv":{"accuracy":0.6705783456624076,"f1":0.659118924341646,"accuracy_stderr":0.022622759316355514,"f1_stderr":0.024797934436031344,"main_score":0.6705783456624076}},"main_score":"accuracy"}