{"task_name":"ScaLA","task_description":"A linguistic acceptability task for Danish, Norwegian Bokmål Norwegian Nynorsk and Swedish.","task_version":"1.1.1","time_of_run":"2024-02-29T19:24:41.332639","scores":{"da":{"accuracy":0.557568359375,"f1":0.5537272089748851,"ap":0.5329704921784401,"accuracy_stderr":0.01923784749273069,"f1_stderr":0.019069026197447055,"ap_stderr":0.011767433235224995,"main_score":0.557568359375},"nb":{"accuracy":0.5376953125,"f1":0.5351686597810481,"ap":0.5204896126621985,"accuracy_stderr":0.018062182783357444,"f1_stderr":0.0191128220929342,"ap_stderr":0.01035241398382148,"main_score":0.5376953125},"sv":{"accuracy":0.53076171875,"f1":0.5249606875282619,"ap":0.5166261936629128,"accuracy_stderr":0.015843202961463475,"f1_stderr":0.019055593006912872,"ap_stderr":0.008883196197811204,"main_score":0.53076171875},"nn":{"accuracy":0.51337890625,"f1":0.5104772958858408,"ap":0.507028004552083,"accuracy_stderr":0.013962111839424633,"f1_stderr":0.011728888593007357,"ap_stderr":0.007236079729958194,"main_score":0.51337890625}},"main_score":"accuracy"}