{"task_name":"TV2Nord Retrieval","task_description":"News Article and corresponding summaries extracted from the Danish newspaper TV2 Nord.","task_version":"1.1.1","time_of_run":"2024-02-29T19:12:47.670970","scores":{"da":{"ndcg_at_1":0.20752,"ndcg_at_3":0.27681,"ndcg_at_5":0.30207,"ndcg_at_10":0.32822,"ndcg_at_100":0.39502,"ndcg_at_1000":0.41941,"map_at_1":0.20752,"map_at_3":0.2596,"map_at_5":0.27369,"map_at_10":0.28445,"map_at_100":0.29686,"map_at_1000":0.29778,"recall_at_1":0.20752,"recall_at_3":0.32666,"recall_at_5":0.3877,"recall_at_10":0.46875,"recall_at_100":0.79639,"recall_at_1000":0.98828,"precision_at_1":0.20752,"precision_at_3":0.10889,"precision_at_5":0.07754,"precision_at_10":0.04687,"precision_at_100":0.00796,"precision_at_1000":0.00099,"mrr_at_1":0.20605,"mrr_at_3":0.25911,"mrr_at_5":0.27308,"mrr_at_10":0.28384,"mrr_at_100":0.29646,"mrr_at_1000":0.29738}},"main_score":"ndcg_at_10"}