{"task_name":"Twitterhjerne","task_description":"Danish question asked on Twitter with the Hashtag #Twitterhjerne ('Twitter brain') and their corresponding answer.","task_version":"1.1.1","time_of_run":"2024-02-29T19:12:57.263735","scores":{"da":{"ndcg_at_1":0.0641,"ndcg_at_3":0.0535,"ndcg_at_5":0.05565,"ndcg_at_10":0.06641,"ndcg_at_100":0.30312,"ndcg_at_1000":0.42995,"map_at_1":0.02137,"map_at_3":0.03383,"map_at_5":0.03746,"map_at_10":0.04412,"map_at_100":0.0828,"map_at_1000":0.0905,"recall_at_1":0.02137,"recall_at_3":0.04487,"recall_at_5":0.05556,"recall_at_10":0.07906,"recall_at_100":0.54594,"recall_at_1000":1.0,"precision_at_1":0.0641,"precision_at_3":0.04701,"precision_at_5":0.0359,"precision_at_10":0.02564,"precision_at_100":0.00462,"precision_at_1000":0.00062,"mrr_at_1":0.37179,"mrr_at_3":0.46154,"mrr_at_5":0.48077,"mrr_at_10":0.49262,"mrr_at_100":0.50025,"mrr_at_1000":0.50051}},"main_score":"ndcg_at_10"}