{"task_name":"DanFEVER","task_description":"A Danish dataset intended for misinformation research. It follows the same format as the English FEVER dataset.","task_version":"1.1.1","time_of_run":"2024-01-30T10:08:58.661272","scores":{"da":{"ndcg_at_1":0.26628,"ndcg_at_3":0.33222,"ndcg_at_5":0.3433,"ndcg_at_10":0.34978,"ndcg_at_100":0.35947,"ndcg_at_1000":0.36125,"map_at_1":0.26628,"map_at_3":0.31654,"map_at_5":0.32268,"map_at_10":0.32538,"map_at_100":0.32747,"map_at_1000":0.32753,"recall_at_1":0.26628,"recall_at_3":0.37737,"recall_at_5":0.40428,"recall_at_10":0.42413,"recall_at_100":0.46838,"recall_at_1000":0.4825,"precision_at_1":0.26628,"precision_at_3":0.12579,"precision_at_5":0.08087,"precision_at_10":0.04243,"precision_at_100":0.00469,"precision_at_1000":0.00048,"mrr_at_1":0.26628,"mrr_at_3":0.31654,"mrr_at_5":0.32269,"mrr_at_10":0.32541,"mrr_at_100":0.32749,"mrr_at_1000":0.32755}},"main_score":"ndcg_at_10"}