{"task_name":"Language Identification","task_description":"A dataset for Nordic language identification.","task_version":"1.0.3.dev0","time_of_run":"2023-07-28T12:07:09.843358","scores":{"da":{"accuracy":0.5347333333333333,"f1":0.5137160081212816,"accuracy_stderr":0.015105407420302617,"f1_stderr":0.019860823827651492,"main_score":0.5347333333333333},"sv":{"accuracy":0.5347333333333333,"f1":0.5137160081212816,"accuracy_stderr":0.015105407420302617,"f1_stderr":0.019860823827651492,"main_score":0.5347333333333333},"nb":{"accuracy":0.5347333333333333,"f1":0.5137160081212816,"accuracy_stderr":0.015105407420302617,"f1_stderr":0.019860823827651492,"main_score":0.5347333333333333},"nn":{"accuracy":0.5347333333333333,"f1":0.5137160081212816,"accuracy_stderr":0.015105407420302617,"f1_stderr":0.019860823827651492,"main_score":0.5347333333333333},"is":{"accuracy":0.5347333333333333,"f1":0.5137160081212816,"accuracy_stderr":0.015105407420302617,"f1_stderr":0.019860823827651492,"main_score":0.5347333333333333},"fo":{"accuracy":0.5347333333333333,"f1":0.5137160081212816,"accuracy_stderr":0.015105407420302617,"f1_stderr":0.019860823827651492,"main_score":0.5347333333333333}},"main_score":"accuracy"}