{"task_name":"Massive Scenario","task_description":"MASSIVE: A 1M-Example Multilingual Natural Language Understanding Dataset with 51 Typologically-Diverse Languages","task_version":"1.0.3.dev0","time_of_run":"2023-07-28T12:04:59.054786","scores":{"da":{"accuracy":0.49926025554808345,"f1":0.47224689228546657,"accuracy_stderr":0.016129227599473626,"f1_stderr":0.018442568597481064,"main_score":0.49926025554808345},"nb":{"accuracy":0.4857767316745125,"f1":0.45651634870157637,"accuracy_stderr":0.019317146922155894,"f1_stderr":0.01685437076119252,"main_score":0.4857767316745125},"sv":{"accuracy":0.4706455951580363,"f1":0.44281581197784325,"accuracy_stderr":0.01540369478672511,"f1_stderr":0.01354462829679692,"main_score":0.4706455951580363}},"main_score":"accuracy"}