{"task_name":"Massive Intent","task_description":"MASSIVE: A 1M-Example Multilingual Natural Language Understanding Dataset with 51 Typologically-Diverse Languages","task_version":"1.0.3.dev0","time_of_run":"2023-07-28T12:03:54.357718","scores":{"da":{"accuracy":0.41893073301950234,"f1":0.3916826783567854,"accuracy_stderr":0.011477274617836132,"f1_stderr":0.012505345549790286,"main_score":0.41893073301950234},"nb":{"accuracy":0.40248823133826495,"f1":0.37594036649527024,"accuracy_stderr":0.01653777085051505,"f1_stderr":0.01620910514389266,"main_score":0.40248823133826495},"sv":{"accuracy":0.4007061197041022,"f1":0.37856957810370473,"accuracy_stderr":0.01818788065442142,"f1_stderr":0.014384271559521303,"main_score":0.4007061197041022}},"main_score":"accuracy"}