{"task_name":"NorQuad","task_description":"Human-created question for Norwegian wikipedia passages.","task_version":"0.0.1","time_of_run":"2024-01-30T10:12:31.138118","scores":{"nb":{"ndcg_at_1":0.10352,"ndcg_at_3":0.0752,"ndcg_at_5":0.08358,"ndcg_at_10":0.08881,"ndcg_at_100":0.11024,"ndcg_at_1000":0.18691,"map_at_1":0.05176,"map_at_3":0.05957,"map_at_5":0.0637,"map_at_10":0.06561,"map_at_100":0.06873,"map_at_1000":0.07066,"recall_at_1":0.05176,"recall_at_3":0.06885,"recall_at_5":0.08545,"recall_at_10":0.09863,"recall_at_100":0.18994,"recall_at_1000":0.73877,"precision_at_1":0.10352,"precision_at_3":0.0459,"precision_at_5":0.03418,"precision_at_10":0.01973,"precision_at_100":0.0038,"precision_at_1000":0.00148,"mrr_at_1":0.10352,"mrr_at_3":0.11589,"mrr_at_5":0.12277,"mrr_at_10":0.12599,"mrr_at_100":0.13091,"mrr_at_1000":0.13279}},"main_score":"ndcg_at_10"}