{"task_name":"ScaLA","task_description":"A linguistic acceptability task for Danish, Norwegian Bokmål Norwegian Nynorsk and Swedish.","task_version":"1.0.3.dev0","time_of_run":"2023-07-28T12:06:33.602892","scores":{"da":{"accuracy":0.50146484375,"f1":0.49714680612943984,"ap":0.5007564535242134,"accuracy_stderr":0.0051164792568084904,"f1_stderr":0.005960010796020731,"ap_stderr":0.0025841563282887636,"main_score":0.50146484375},"nb":{"accuracy":0.500341796875,"f1":0.4975895573014273,"ap":0.5001974054036913,"accuracy_stderr":0.005362430869059241,"f1_stderr":0.007651356339793306,"ap_stderr":0.002687674959550601,"main_score":0.500341796875},"sv":{"accuracy":0.497900390625,"f1":0.4944976634934668,"ap":0.49896998064152215,"accuracy_stderr":0.0038388347677736244,"f1_stderr":0.004516986774483215,"ap_stderr":0.0019135700844428744,"main_score":0.497900390625},"nn":{"accuracy":0.498876953125,"f1":0.49752134555861655,"ap":0.4994545410122539,"accuracy_stderr":0.003820157225404033,"f1_stderr":0.0035504584689772375,"ap_stderr":0.0019138256560218567,"main_score":0.498876953125}},"main_score":"accuracy"}