{"task_name":"SNL Retrieval","task_description":"Webscrabed articles and ingresses from the Norwegian lexicon 'Det Store Norske Leksikon'.","task_version":"0.0.1","time_of_run":"2024-01-30T10:12:21.647085","scores":{"nb":{"ndcg_at_1":0.66154,"ndcg_at_3":0.72507,"ndcg_at_5":0.73682,"ndcg_at_10":0.74854,"ndcg_at_100":0.76545,"ndcg_at_1000":0.77573,"map_at_1":0.66154,"map_at_3":0.71,"map_at_5":0.71654,"map_at_10":0.72139,"map_at_100":0.72465,"map_at_1000":0.72501,"recall_at_1":0.66154,"recall_at_3":0.76846,"recall_at_5":0.79692,"recall_at_10":0.83308,"recall_at_100":0.91462,"recall_at_1000":0.99769,"precision_at_1":0.66154,"precision_at_3":0.25615,"precision_at_5":0.15938,"precision_at_10":0.08331,"precision_at_100":0.00915,"precision_at_1000":0.001,"mrr_at_1":0.66154,"mrr_at_3":0.71,"mrr_at_5":0.71654,"mrr_at_10":0.72139,"mrr_at_100":0.72465,"mrr_at_1000":0.72501}},"main_score":"ndcg_at_10"}