{"task_name":"SwednRetrieval","task_description":"News Article Summary Semantic Similarity Estimation.","task_version":"0.0.1","time_of_run":"2024-01-30T10:13:28.814290","scores":{"sv":{"ndcg_at_1":0.3877,"ndcg_at_3":0.36517,"ndcg_at_5":0.40462,"ndcg_at_10":0.43494,"ndcg_at_100":0.48764,"ndcg_at_1000":0.51882,"map_at_1":0.19385,"map_at_3":0.31592,"map_at_5":0.34375,"map_at_10":0.35926,"map_at_100":0.3725,"map_at_1000":0.3739,"recall_at_1":0.19385,"recall_at_3":0.36963,"recall_at_5":0.44775,"recall_at_10":0.52441,"recall_at_100":0.73242,"recall_at_1000":0.93945,"precision_at_1":0.3877,"precision_at_3":0.24642,"precision_at_5":0.1791,"precision_at_10":0.10488,"precision_at_100":0.01465,"precision_at_1000":0.00188,"mrr_at_1":0.38867,"mrr_at_3":0.4598,"mrr_at_5":0.47552,"mrr_at_10":0.48513,"mrr_at_100":0.49173,"mrr_at_1000":0.49227}},"main_score":"ndcg_at_10"}