{"task_name":"SweFAQ","task_description":"A Swedish QA dataset derived from FAQ","task_version":"0.0.1","time_of_run":"2023-09-04T19:39:18.196596","scores":{"sv":{"ndcg_at_1":0.37232,"ndcg_at_3":0.4793,"ndcg_at_5":0.50899,"ndcg_at_10":0.53963,"ndcg_at_100":0.58258,"ndcg_at_1000":0.5939,"map_at_1":0.37232,"map_at_3":0.45354,"map_at_5":0.47001,"map_at_10":0.48288,"map_at_100":0.4924,"map_at_1000":0.49284,"recall_at_1":0.37232,"recall_at_3":0.55361,"recall_at_5":0.62573,"recall_at_10":0.7193,"recall_at_100":0.91228,"recall_at_1000":1.0,"precision_at_1":0.37232,"precision_at_3":0.18454,"precision_at_5":0.12515,"precision_at_10":0.07193,"precision_at_100":0.00912,"precision_at_1000":0.001,"mrr_at_1":0.37427,"mrr_at_3":0.45452,"mrr_at_5":0.47099,"mrr_at_10":0.48385,"mrr_at_100":0.49337,"mrr_at_1000":0.49382}},"main_score":"ndcg_at_10"}