{"task_name":"TV2Nord Retrieval","task_description":"News Article and corresponding summaries extracted from the Danish newspaper TV2 Nord.","task_version":"1.1.1","time_of_run":"2024-01-30T10:10:14.244294","scores":{"da":{"ndcg_at_1":0.56885,"ndcg_at_3":0.63991,"ndcg_at_5":0.66076,"ndcg_at_10":0.67946,"ndcg_at_100":0.70512,"ndcg_at_1000":0.71324,"map_at_1":0.56885,"map_at_3":0.62305,"map_at_5":0.63469,"map_at_10":0.64236,"map_at_100":0.6472,"map_at_1000":0.64746,"recall_at_1":0.56885,"recall_at_3":0.68848,"recall_at_5":0.73877,"recall_at_10":0.79688,"recall_at_100":0.92188,"recall_at_1000":0.98828,"precision_at_1":0.56885,"precision_at_3":0.22949,"precision_at_5":0.14775,"precision_at_10":0.07969,"precision_at_100":0.00922,"precision_at_1000":0.00099,"mrr_at_1":0.56885,"mrr_at_3":0.62305,"mrr_at_5":0.63469,"mrr_at_10":0.64236,"mrr_at_100":0.6472,"mrr_at_1000":0.64746}},"main_score":"ndcg_at_10"}