{"task_name":"Twitterhjerne","task_description":"Danish question asked on Twitter with the Hashtag #Twitterhjerne ('Twitter brain') and their corresponding answer.","task_version":"1.1.1","time_of_run":"2024-01-30T10:10:17.104200","scores":{"da":{"ndcg_at_1":0.39744,"ndcg_at_3":0.32163,"ndcg_at_5":0.31568,"ndcg_at_10":0.34756,"ndcg_at_100":0.45365,"ndcg_at_1000":0.49978,"map_at_1":0.12863,"map_at_3":0.20417,"map_at_5":0.23301,"map_at_10":0.2497,"map_at_100":0.27603,"map_at_1000":0.28012,"recall_at_1":0.12863,"recall_at_3":0.23697,"recall_at_5":0.29444,"recall_at_10":0.36239,"recall_at_100":0.74423,"recall_at_1000":0.98718,"precision_at_1":0.39744,"precision_at_3":0.26496,"precision_at_5":0.20256,"precision_at_10":0.12821,"precision_at_100":0.0259,"precision_at_1000":0.00336,"mrr_at_1":0.39744,"mrr_at_3":0.48932,"mrr_at_5":0.50534,"mrr_at_10":0.51783,"mrr_at_100":0.5246,"mrr_at_1000":0.52478}},"main_score":"ndcg_at_10"}