{"task_name":"Bornholm Parallel","task_description":"Danish Bornholmsk Parallel Corpus. Bornholmsk is a Danish dialect spoken on the island of Bornholm, Denmark. Historically it is a part of east Danish which was also spoken in Scania and Halland, Sweden.","task_version":"1.1.1.dev0","time_of_run":"2023-10-24T10:34:08.879529","scores":{"da":{"precision":0.16436095238095236,"recall":0.232,"f1":0.18182931512931513,"accuracy":0.232,"main_score":0.18182931512931513},"da-bornholm":{"precision":0.16436095238095236,"recall":0.232,"f1":0.18182931512931513,"accuracy":0.232,"main_score":0.18182931512931513}},"main_score":"f1"}