{"task_name":"DanFEVER","task_description":"A Danish dataset intended for misinformation research. It follows the same format as the English FEVER dataset.","task_version":"1.1.1","time_of_run":"2024-01-30T11:09:34.184193","scores":{"da":{"ndcg_at_1":0.28401,"ndcg_at_3":0.35745,"ndcg_at_5":0.36585,"ndcg_at_10":0.37229,"ndcg_at_100":0.37952,"ndcg_at_1000":0.38013,"map_at_1":0.28385,"map_at_3":0.34034,"map_at_5":0.34502,"map_at_10":0.34775,"map_at_100":0.34939,"map_at_1000":0.34942,"recall_at_1":0.28385,"recall_at_3":0.40648,"recall_at_5":0.4268,"recall_at_10":0.44634,"recall_at_100":0.47827,"recall_at_1000":0.48298,"precision_at_1":0.28401,"precision_at_3":0.13557,"precision_at_5":0.08542,"precision_at_10":0.04467,"precision_at_100":0.00479,"precision_at_1000":0.00048,"mrr_at_1":0.28432,"mrr_at_3":0.34058,"mrr_at_5":0.34523,"mrr_at_10":0.34794,"mrr_at_100":0.34958,"mrr_at_1000":0.34961}},"main_score":"ndcg_at_10"}