{"task_name":"Language Identification","task_description":"A dataset for Nordic language identification.","task_version":"1.1.1.dev0","time_of_run":"2023-10-24T10:42:19.076906","scores":{"da":{"accuracy":0.4155666666666667,"f1":0.40955919231034316,"accuracy_stderr":0.009022256431243296,"f1_stderr":0.007603572801138439,"main_score":0.4155666666666667},"sv":{"accuracy":0.4155666666666667,"f1":0.40955919231034316,"accuracy_stderr":0.009022256431243296,"f1_stderr":0.007603572801138439,"main_score":0.4155666666666667},"nb":{"accuracy":0.4155666666666667,"f1":0.40955919231034316,"accuracy_stderr":0.009022256431243296,"f1_stderr":0.007603572801138439,"main_score":0.4155666666666667},"nn":{"accuracy":0.4155666666666667,"f1":0.40955919231034316,"accuracy_stderr":0.009022256431243296,"f1_stderr":0.007603572801138439,"main_score":0.4155666666666667},"is":{"accuracy":0.4155666666666667,"f1":0.40955919231034316,"accuracy_stderr":0.009022256431243296,"f1_stderr":0.007603572801138439,"main_score":0.4155666666666667},"fo":{"accuracy":0.4155666666666667,"f1":0.40955919231034316,"accuracy_stderr":0.009022256431243296,"f1_stderr":0.007603572801138439,"main_score":0.4155666666666667}},"main_score":"accuracy"}