{"task_name":"Massive Scenario","task_description":"MASSIVE: A 1M-Example Multilingual Natural Language Understanding Dataset with 51 Typologically-Diverse Languages","task_version":"1.1.1.dev0","time_of_run":"2023-10-24T10:39:04.549074","scores":{"da":{"accuracy":0.7099865501008743,"f1":0.7048020593632474,"accuracy_stderr":0.01779587991215053,"f1_stderr":0.01616953224023678,"main_score":0.7099865501008743},"nb":{"accuracy":0.7023873570948218,"f1":0.7009435905461785,"accuracy_stderr":0.012134248610647588,"f1_stderr":0.011191173293935064,"main_score":0.7023873570948218},"sv":{"accuracy":0.7159717552118359,"f1":0.7126344894382457,"accuracy_stderr":0.014963617255042654,"f1_stderr":0.016797115175110268,"main_score":0.7159717552118359}},"main_score":"accuracy"}