{"task_name":"Massive Intent","task_description":"MASSIVE: A 1M-Example Multilingual Natural Language Understanding Dataset with 51 Typologically-Diverse Languages","task_version":"1.1.1.dev0","time_of_run":"2023-10-24T10:37:41.998563","scores":{"da":{"accuracy":0.6276731674512441,"f1":0.6045950683900405,"accuracy_stderr":0.012883193887038194,"f1_stderr":0.011787993931648488,"main_score":0.6276731674512441},"nb":{"accuracy":0.6260255548083389,"f1":0.6060235982782182,"accuracy_stderr":0.012410037599896246,"f1_stderr":0.012665171614848545,"main_score":0.6260255548083389},"sv":{"accuracy":0.6473100201748487,"f1":0.6208160110958849,"accuracy_stderr":0.012241855915225917,"f1_stderr":0.011143143573587698,"main_score":0.6473100201748487}},"main_score":"accuracy"}