{"task_name":"NorQuad","task_description":"Human-created question for Norwegian wikipedia passages.","task_version":"0.0.1","time_of_run":"2024-01-30T11:14:12.147375","scores":{"nb":{"ndcg_at_1":0.41406,"ndcg_at_3":0.34104,"ndcg_at_5":0.35982,"ndcg_at_10":0.3873,"ndcg_at_100":0.45222,"ndcg_at_1000":0.49508,"map_at_1":0.20703,"map_at_3":0.27922,"map_at_5":0.29089,"map_at_10":0.3042,"map_at_100":0.31926,"map_at_1000":0.32142,"recall_at_1":0.20703,"recall_at_3":0.3291,"recall_at_5":0.3667,"recall_at_10":0.43555,"recall_at_100":0.69531,"recall_at_1000":0.97754,"precision_at_1":0.41406,"precision_at_3":0.2194,"precision_at_5":0.14668,"precision_at_10":0.08711,"precision_at_100":0.01391,"precision_at_1000":0.00196,"mrr_at_1":0.41406,"mrr_at_3":0.48356,"mrr_at_5":0.49382,"mrr_at_10":0.5045,"mrr_at_100":0.51362,"mrr_at_1000":0.51401}},"main_score":"ndcg_at_10"}