{"task_name":"ScaLA","task_description":"A linguistic acceptability task for Danish, Norwegian Bokmål Norwegian Nynorsk and Swedish.","task_version":"1.1.1.dev0","time_of_run":"2023-10-24T10:41:15.057446","scores":{"da":{"accuracy":0.503076171875,"f1":0.49962521526322085,"ap":0.5015674787360893,"accuracy_stderr":0.004698930155960577,"f1_stderr":0.006942996835906564,"ap_stderr":0.0023977372533521652,"main_score":0.503076171875},"nb":{"accuracy":0.498779296875,"f1":0.4954829756909468,"ap":0.4994059087693648,"accuracy_stderr":0.0039922777975661275,"f1_stderr":0.006173156887437416,"ap_stderr":0.002003611070762503,"main_score":0.498779296875},"sv":{"accuracy":0.499169921875,"f1":0.49447185439806873,"ap":0.49961566876803165,"accuracy_stderr":0.005571757638736133,"f1_stderr":0.009058207123069583,"ap_stderr":0.002795551249647806,"main_score":0.499169921875},"nn":{"accuracy":0.49970703125,"f1":0.497603845109563,"ap":0.4998654048339211,"accuracy_stderr":0.003262361931345716,"f1_stderr":0.005205692277914849,"ap_stderr":0.0016373420445338525,"main_score":0.49970703125}},"main_score":"accuracy"}