{"task_name":"SNL Retrieval","task_description":"Webscrabed articles and ingresses from the Norwegian lexicon 'Det Store Norske Leksikon'.","task_version":"0.0.1","time_of_run":"2024-01-30T11:13:41.764025","scores":{"nb":{"ndcg_at_1":0.51538,"ndcg_at_3":0.59155,"ndcg_at_5":0.60978,"ndcg_at_10":0.62481,"ndcg_at_100":0.65772,"ndcg_at_1000":0.67036,"map_at_1":0.51538,"map_at_3":0.57269,"map_at_5":0.58273,"map_at_10":0.58885,"map_at_100":0.59523,"map_at_1000":0.59568,"recall_at_1":0.51538,"recall_at_3":0.64615,"recall_at_5":0.69077,"recall_at_10":0.73769,"recall_at_100":0.89615,"recall_at_1000":0.99692,"precision_at_1":0.51538,"precision_at_3":0.21538,"precision_at_5":0.13815,"precision_at_10":0.07377,"precision_at_100":0.00896,"precision_at_1000":0.001,"mrr_at_1":0.51538,"mrr_at_3":0.57269,"mrr_at_5":0.58273,"mrr_at_10":0.58885,"mrr_at_100":0.59523,"mrr_at_1000":0.59568}},"main_score":"ndcg_at_10"}