{"task_name":"SwednRetrieval","task_description":"News Article Summary Semantic Similarity Estimation.","task_version":"0.0.1","time_of_run":"2024-01-30T11:15:18.549847","scores":{"sv":{"ndcg_at_1":0.58398,"ndcg_at_3":0.53683,"ndcg_at_5":0.5793,"ndcg_at_10":0.60799,"ndcg_at_100":0.6559,"ndcg_at_1000":0.67165,"map_at_1":0.29199,"map_at_3":0.47868,"map_at_5":0.51174,"map_at_10":0.52855,"map_at_100":0.54186,"map_at_1000":0.54264,"recall_at_1":0.29199,"recall_at_3":0.53662,"recall_at_5":0.62061,"recall_at_10":0.69287,"recall_at_100":0.87842,"recall_at_1000":0.98193,"precision_at_1":0.58398,"precision_at_3":0.35775,"precision_at_5":0.24824,"precision_at_10":0.13857,"precision_at_100":0.01757,"precision_at_1000":0.00196,"mrr_at_1":0.58301,"mrr_at_3":0.65576,"mrr_at_5":0.6666,"mrr_at_10":0.67166,"mrr_at_100":0.676,"mrr_at_1000":0.67623}},"main_score":"ndcg_at_10"}