{"task_name":"SweFAQ","task_description":"A Swedish QA dataset derived from FAQ","task_version":"0.0.1","time_of_run":"2023-10-24T10:45:12.224967","scores":{"sv":{"ndcg_at_1":0.42885,"ndcg_at_3":0.54121,"ndcg_at_5":0.57912,"ndcg_at_10":0.60365,"ndcg_at_100":0.64027,"ndcg_at_1000":0.64629,"map_at_1":0.42885,"map_at_3":0.51397,"map_at_5":0.53463,"map_at_10":0.54473,"map_at_100":0.55274,"map_at_1000":0.55301,"recall_at_1":0.42885,"recall_at_3":0.61988,"recall_at_5":0.71345,"recall_at_10":0.78947,"recall_at_100":0.95517,"recall_at_1000":1.0,"precision_at_1":0.42885,"precision_at_3":0.20663,"precision_at_5":0.14269,"precision_at_10":0.07895,"precision_at_100":0.00955,"precision_at_1000":0.001,"mrr_at_1":0.42885,"mrr_at_3":0.51397,"mrr_at_5":0.53463,"mrr_at_10":0.54473,"mrr_at_100":0.55274,"mrr_at_1000":0.55301}},"main_score":"ndcg_at_10"}