{"task_name":"TV2Nord Retrieval","task_description":"News Article and corresponding summaries extracted from the Danish newspaper TV2 Nord.","task_version":"1.1.1","time_of_run":"2024-01-30T11:11:06.904285","scores":{"da":{"ndcg_at_1":0.68066,"ndcg_at_3":0.75159,"ndcg_at_5":0.76975,"ndcg_at_10":0.78372,"ndcg_at_100":0.80248,"ndcg_at_1000":0.80538,"map_at_1":0.68066,"map_at_3":0.73454,"map_at_5":0.74465,"map_at_10":0.75045,"map_at_100":0.7544,"map_at_1000":0.75451,"recall_at_1":0.68066,"recall_at_3":0.80078,"recall_at_5":0.84473,"recall_at_10":0.8877,"recall_at_100":0.97461,"recall_at_1000":0.99756,"precision_at_1":0.68066,"precision_at_3":0.26693,"precision_at_5":0.16895,"precision_at_10":0.08877,"precision_at_100":0.00975,"precision_at_1000":0.001,"mrr_at_1":0.68066,"mrr_at_3":0.73454,"mrr_at_5":0.74465,"mrr_at_10":0.75045,"mrr_at_100":0.7544,"mrr_at_1000":0.75451}},"main_score":"ndcg_at_10"}