{"task_name":"Twitterhjerne","task_description":"Danish question asked on Twitter with the Hashtag #Twitterhjerne ('Twitter brain') and their corresponding answer.","task_version":"1.1.1","time_of_run":"2024-01-30T11:11:13.973049","scores":{"da":{"ndcg_at_1":0.5641,"ndcg_at_3":0.49205,"ndcg_at_5":0.51016,"ndcg_at_10":0.57554,"ndcg_at_100":0.66389,"ndcg_at_1000":0.67197,"map_at_1":0.1735,"map_at_3":0.34405,"map_at_5":0.41213,"map_at_10":0.4625,"map_at_100":0.49415,"map_at_1000":0.49498,"recall_at_1":0.1735,"recall_at_3":0.39209,"recall_at_5":0.50769,"recall_at_10":0.65278,"recall_at_100":0.94466,"recall_at_1000":0.98718,"precision_at_1":0.5641,"precision_at_3":0.43162,"precision_at_5":0.34615,"precision_at_10":0.22436,"precision_at_100":0.03244,"precision_at_1000":0.00336,"mrr_at_1":0.5641,"mrr_at_3":0.64744,"mrr_at_5":0.66282,"mrr_at_10":0.67142,"mrr_at_100":0.67659,"mrr_at_1000":0.67669}},"main_score":"ndcg_at_10"}