{"task_name":"Bornholm Parallel","task_description":"Danish Bornholmsk Parallel Corpus. Bornholmsk is a Danish dialect spoken on the island of Bornholm, Denmark. Historically it is a part of east Danish which was also spoken in Scania and Halland, Sweden.","task_version":"1.1.1","time_of_run":"2025-01-14T12:15:50.724324","scores":{"da":{"precision":0.18090540192639115,"recall":0.23,"f1":0.19188590102707748,"accuracy":0.23,"main_score":0.19188590102707748},"da-bornholm":{"precision":0.18090540192639115,"recall":0.23,"f1":0.19188590102707748,"accuracy":0.23,"main_score":0.19188590102707748}},"main_score":"f1"}