{"task_name":"DanFEVER","task_description":"A Danish dataset intended for misinformation research. It follows the same format as the English FEVER dataset.","task_version":"1.1.1","time_of_run":"2025-01-14T12:22:32.466043","scores":{"da":{"ndcg_at_1":0.29986,"ndcg_at_3":0.35809,"ndcg_at_5":0.36794,"ndcg_at_10":0.37591,"ndcg_at_100":0.38316,"ndcg_at_1000":0.38382,"map_at_1":0.29986,"map_at_3":0.34415,"map_at_5":0.34959,"map_at_10":0.35298,"map_at_100":0.35465,"map_at_1000":0.35468,"recall_at_1":0.29986,"recall_at_3":0.39816,"recall_at_5":0.42217,"recall_at_10":0.44634,"recall_at_100":0.47842,"recall_at_1000":0.48345,"precision_at_1":0.29986,"precision_at_3":0.1328,"precision_at_5":0.08448,"precision_at_10":0.04467,"precision_at_100":0.00479,"precision_at_1000":0.00048,"mrr_at_1":0.29986,"mrr_at_3":0.34424,"mrr_at_5":0.34968,"mrr_at_10":0.35304,"mrr_at_100":0.35469,"mrr_at_1000":0.35472}},"main_score":"ndcg_at_10"}