{"task_name":"Language Identification","task_description":"A dataset for Nordic language identification.","task_version":"1.1.1","time_of_run":"2025-01-14T12:49:50.666000","scores":{"da":{"accuracy":0.8889666666666667,"f1":0.888278874873578,"accuracy_stderr":0.004450842616853556,"f1_stderr":0.004201155150762467,"main_score":0.8889666666666667},"sv":{"accuracy":0.8889666666666667,"f1":0.888278874873578,"accuracy_stderr":0.004450842616853556,"f1_stderr":0.004201155150762467,"main_score":0.8889666666666667},"nb":{"accuracy":0.8889666666666667,"f1":0.888278874873578,"accuracy_stderr":0.004450842616853556,"f1_stderr":0.004201155150762467,"main_score":0.8889666666666667},"nn":{"accuracy":0.8889666666666667,"f1":0.888278874873578,"accuracy_stderr":0.004450842616853556,"f1_stderr":0.004201155150762467,"main_score":0.8889666666666667},"is":{"accuracy":0.8889666666666667,"f1":0.888278874873578,"accuracy_stderr":0.004450842616853556,"f1_stderr":0.004201155150762467,"main_score":0.8889666666666667},"fo":{"accuracy":0.8889666666666667,"f1":0.888278874873578,"accuracy_stderr":0.004450842616853556,"f1_stderr":0.004201155150762467,"main_score":0.8889666666666667}},"main_score":"accuracy"}