{"task_name":"Massive Scenario","task_description":"MASSIVE: A 1M-Example Multilingual Natural Language Understanding Dataset with 51 Typologically-Diverse Languages","task_version":"1.1.1","time_of_run":"2025-01-14T12:41:04.540992","scores":{"da":{"accuracy":0.736079354404842,"f1":0.7281006828293614,"accuracy_stderr":0.022522281788030236,"f1_stderr":0.019504451719941182,"main_score":0.736079354404842},"nb":{"accuracy":0.7249495628782785,"f1":0.7175675229741179,"accuracy_stderr":0.019728301767758617,"f1_stderr":0.018753228930143088,"main_score":0.7249495628782785},"sv":{"accuracy":0.7602891728312039,"f1":0.7542344867680695,"accuracy_stderr":0.013131271248974969,"f1_stderr":0.011517407861654524,"main_score":0.7602891728312039}},"main_score":"accuracy"}