{"task_name":"Massive Intent","task_description":"MASSIVE: A 1M-Example Multilingual Natural Language Understanding Dataset with 51 Typologically-Diverse Languages","task_version":"1.1.1","time_of_run":"2025-01-14T12:36:38.933867","scores":{"da":{"accuracy":0.681876260928043,"f1":0.6409860904964788,"accuracy_stderr":0.010359969785186548,"f1_stderr":0.00768298112481186,"main_score":0.681876260928043},"nb":{"accuracy":0.6712508406186953,"f1":0.6303232692770668,"accuracy_stderr":0.018061247759144878,"f1_stderr":0.0148144302404846,"main_score":0.6712508406186953},"sv":{"accuracy":0.7065232010759919,"f1":0.6671820051433746,"accuracy_stderr":0.009763691155867386,"f1_stderr":0.007066527690789917,"main_score":0.7065232010759919}},"main_score":"accuracy"}