{"task_name":"NorQuad","task_description":"Human-created question for Norwegian wikipedia passages.","task_version":"0.0.1","time_of_run":"2025-01-14T13:10:09.647361","scores":{"nb":{"ndcg_at_1":0.1748,"ndcg_at_3":0.12286,"ndcg_at_5":0.12972,"ndcg_at_10":0.13593,"ndcg_at_100":0.15667,"ndcg_at_1000":0.22943,"map_at_1":0.0874,"map_at_3":0.09847,"map_at_5":0.10233,"map_at_10":0.1048,"map_at_100":0.10804,"map_at_1000":0.10999,"recall_at_1":0.0874,"recall_at_3":0.10889,"recall_at_5":0.12256,"recall_at_10":0.13818,"recall_at_100":0.22607,"recall_at_1000":0.74121,"precision_at_1":0.1748,"precision_at_3":0.07259,"precision_at_5":0.04902,"precision_at_10":0.02764,"precision_at_100":0.00452,"precision_at_1000":0.00148,"mrr_at_1":0.1748,"mrr_at_3":0.19173,"mrr_at_5":0.19632,"mrr_at_10":0.19977,"mrr_at_100":0.20432,"mrr_at_1000":0.20617}},"main_score":"ndcg_at_10"}