{"task_name":"Norwegian courts","task_description":"Nynorsk and Bokmål parallel corpus from Norwegian courts. Norway has two standardised written languages. Bokmål is a variant closer to Danish, while Nynorsk was created to resemble regional dialects of Norwegian.","task_version":"1.1.1","time_of_run":"2025-01-14T12:55:45.814452","scores":{"nb":{"precision":0.9214181286549707,"recall":0.9385964912280702,"f1":0.9264619883040935,"accuracy":0.9385964912280702,"main_score":0.9264619883040935},"nn":{"precision":0.9214181286549707,"recall":0.9385964912280702,"f1":0.9264619883040935,"accuracy":0.9385964912280702,"main_score":0.9264619883040935}},"main_score":"f1"}