{"task_name":"ScaLA","task_description":"A linguistic acceptability task for Danish, Norwegian Bokmål Norwegian Nynorsk and Swedish.","task_version":"1.1.1","time_of_run":"2025-01-14T12:47:02.980795","scores":{"da":{"accuracy":0.58388671875,"f1":0.5788531226884492,"ap":0.5507902315834339,"accuracy_stderr":0.025557034306888514,"f1_stderr":0.02646414681336042,"ap_stderr":0.01675505169265628,"main_score":0.58388671875},"nb":{"accuracy":0.571044921875,"f1":0.5688364654958115,"ap":0.5413192696654551,"accuracy_stderr":0.033756624207508704,"f1_stderr":0.03386167121183788,"ap_stderr":0.021142340200987226,"main_score":0.571044921875},"sv":{"accuracy":0.5853515625,"f1":0.5821881889396504,"ap":0.5501469206584999,"accuracy_stderr":0.026858842117677816,"f1_stderr":0.030416287847321075,"ap_stderr":0.017841921382897988,"main_score":0.5853515625},"nn":{"accuracy":0.539501953125,"f1":0.5350427721156088,"ap":0.5223436199275487,"accuracy_stderr":0.02639380347905668,"f1_stderr":0.02789079316115467,"ap_stderr":0.01551829928908071,"main_score":0.539501953125}},"main_score":"accuracy"}