{"task_name":"SNL Retrieval","task_description":"Webscrabed articles and ingresses from the Norwegian lexicon 'Det Store Norske Leksikon'.","task_version":"0.0.1","time_of_run":"2025-01-14T13:09:24.082987","scores":{"nb":{"ndcg_at_1":0.29923,"ndcg_at_3":0.36738,"ndcg_at_5":0.39151,"ndcg_at_10":0.41215,"ndcg_at_100":0.47423,"ndcg_at_1000":0.49385,"map_at_1":0.29923,"map_at_3":0.35077,"map_at_5":0.36419,"map_at_10":0.37271,"map_at_100":0.38403,"map_at_1000":0.38477,"recall_at_1":0.29923,"recall_at_3":0.41538,"recall_at_5":0.47385,"recall_at_10":0.53769,"recall_at_100":0.84462,"recall_at_1000":0.99846,"precision_at_1":0.29923,"precision_at_3":0.13846,"precision_at_5":0.09477,"precision_at_10":0.05377,"precision_at_100":0.00845,"precision_at_1000":0.001,"mrr_at_1":0.29923,"mrr_at_3":0.35077,"mrr_at_5":0.36419,"mrr_at_10":0.37271,"mrr_at_100":0.38403,"mrr_at_1000":0.38477}},"main_score":"ndcg_at_10"}