{"task_name":"SwednRetrieval","task_description":"News Article Summary Semantic Similarity Estimation.","task_version":"0.0.1","time_of_run":"2025-01-14T13:21:52.596706","scores":{"sv":{"ndcg_at_1":0.5625,"ndcg_at_3":0.4619,"ndcg_at_5":0.49244,"ndcg_at_10":0.52198,"ndcg_at_100":0.58009,"ndcg_at_1000":0.6052,"map_at_1":0.28125,"map_at_3":0.39299,"map_at_5":0.41567,"map_at_10":0.43246,"map_at_100":0.44774,"map_at_1000":0.44894,"recall_at_1":0.28125,"recall_at_3":0.44434,"recall_at_5":0.50488,"recall_at_10":0.57959,"recall_at_100":0.80957,"recall_at_1000":0.97656,"precision_at_1":0.5625,"precision_at_3":0.29622,"precision_at_5":0.20195,"precision_at_10":0.11592,"precision_at_100":0.01619,"precision_at_1000":0.00195,"mrr_at_1":0.5625,"mrr_at_3":0.62712,"mrr_at_5":0.63693,"mrr_at_10":0.64296,"mrr_at_100":0.64847,"mrr_at_1000":0.64874}},"main_score":"ndcg_at_10"}