{"task_name":"SweFAQ","task_description":"A Swedish QA dataset derived from FAQ","task_version":"0.0.1","time_of_run":"2025-01-14T13:17:27.344797","scores":{"sv":{"ndcg_at_1":0.31774,"ndcg_at_3":0.44133,"ndcg_at_5":0.47086,"ndcg_at_10":0.5069,"ndcg_at_100":0.55844,"ndcg_at_1000":0.56451,"map_at_1":0.31774,"map_at_3":0.41066,"map_at_5":0.42693,"map_at_10":0.44187,"map_at_100":0.4525,"map_at_1000":0.45274,"recall_at_1":0.31774,"recall_at_3":0.53021,"recall_at_5":0.60234,"recall_at_10":0.71345,"recall_at_100":0.95322,"recall_at_1000":1.0,"precision_at_1":0.31774,"precision_at_3":0.17674,"precision_at_5":0.12047,"precision_at_10":0.07135,"precision_at_100":0.00953,"precision_at_1000":0.001,"mrr_at_1":0.31774,"mrr_at_3":0.41066,"mrr_at_5":0.42693,"mrr_at_10":0.44187,"mrr_at_100":0.4525,"mrr_at_1000":0.45274}},"main_score":"ndcg_at_10"}