{"task_name":"TV2Nord Retrieval","task_description":"News Article and corresponding summaries extracted from the Danish newspaper TV2 Nord.","task_version":"1.1.1","time_of_run":"2025-01-14T12:28:00.951740","scores":{"da":{"ndcg_at_1":0.69043,"ndcg_at_3":0.75692,"ndcg_at_5":0.77152,"ndcg_at_10":0.78692,"ndcg_at_100":0.80588,"ndcg_at_1000":0.80865,"map_at_1":0.69043,"map_at_3":0.74072,"map_at_5":0.7489,"map_at_10":0.7554,"map_at_100":0.75922,"map_at_1000":0.75933,"recall_at_1":0.69043,"recall_at_3":0.80371,"recall_at_5":0.83887,"recall_at_10":0.88574,"recall_at_100":0.9751,"recall_at_1000":0.99658,"precision_at_1":0.69043,"precision_at_3":0.2679,"precision_at_5":0.16777,"precision_at_10":0.08857,"precision_at_100":0.00975,"precision_at_1000":0.001,"mrr_at_1":0.69043,"mrr_at_3":0.74072,"mrr_at_5":0.7489,"mrr_at_10":0.7554,"mrr_at_100":0.75922,"mrr_at_1000":0.75933}},"main_score":"ndcg_at_10"}