{"task_name":"Twitterhjerne","task_description":"Danish question asked on Twitter with the Hashtag #Twitterhjerne ('Twitter brain') and their corresponding answer.","task_version":"1.1.1","time_of_run":"2025-01-14T12:28:12.124754","scores":{"da":{"ndcg_at_1":0.41026,"ndcg_at_3":0.36019,"ndcg_at_5":0.35457,"ndcg_at_10":0.39399,"ndcg_at_100":0.47774,"ndcg_at_1000":0.52828,"map_at_1":0.13034,"map_at_3":0.24017,"map_at_5":0.27505,"map_at_10":0.30233,"map_at_100":0.32445,"map_at_1000":0.3287,"recall_at_1":0.13034,"recall_at_3":0.28141,"recall_at_5":0.34231,"recall_at_10":0.43248,"recall_at_100":0.71944,"recall_at_1000":0.98718,"precision_at_1":0.41026,"precision_at_3":0.31624,"precision_at_5":0.24103,"precision_at_10":0.15128,"precision_at_100":0.02513,"precision_at_1000":0.00336,"mrr_at_1":0.41026,"mrr_at_3":0.48077,"mrr_at_5":0.4891,"mrr_at_10":0.50472,"mrr_at_100":0.51234,"mrr_at_1000":0.51278}},"main_score":"ndcg_at_10"}