{"task_name":"DanFEVER","task_description":"A Danish dataset intended for misinformation research. It follows the same format as the English FEVER dataset.","task_version":"1.1.1","time_of_run":"2024-01-29T19:50:57.103086","scores":{"da":{"ndcg_at_1":0.30598,"ndcg_at_3":0.38255,"ndcg_at_5":0.39181,"ndcg_at_10":0.39608,"ndcg_at_100":0.39899,"ndcg_at_1000":0.39917,"map_at_1":0.3059,"map_at_3":0.3646,"map_at_5":0.36981,"map_at_10":0.37161,"map_at_100":0.3723,"map_at_1000":0.37231,"recall_at_1":0.3059,"recall_at_3":0.43402,"recall_at_5":0.45622,"recall_at_10":0.46925,"recall_at_100":0.48188,"recall_at_1000":0.48329,"precision_at_1":0.30598,"precision_at_3":0.14473,"precision_at_5":0.09129,"precision_at_10":0.04696,"precision_at_100":0.00482,"precision_at_1000":0.00048,"mrr_at_1":0.30598,"mrr_at_3":0.36472,"mrr_at_5":0.36989,"mrr_at_10":0.37168,"mrr_at_100":0.37237,"mrr_at_1000":0.37237}},"main_score":"ndcg_at_10"}