{"task_name":"Language Identification","task_description":"A dataset for Nordic language identification.","task_version":"1.1.1","time_of_run":"2024-01-29T21:20:29.180068","scores":{"da":{"accuracy":0.7974,"f1":0.790620021105377,"accuracy_stderr":0.012767841547332024,"f1_stderr":0.01562855732494625,"main_score":0.7974},"sv":{"accuracy":0.7974,"f1":0.790620021105377,"accuracy_stderr":0.012767841547332024,"f1_stderr":0.01562855732494625,"main_score":0.7974},"nb":{"accuracy":0.7974,"f1":0.790620021105377,"accuracy_stderr":0.012767841547332024,"f1_stderr":0.01562855732494625,"main_score":0.7974},"nn":{"accuracy":0.7974,"f1":0.790620021105377,"accuracy_stderr":0.012767841547332024,"f1_stderr":0.01562855732494625,"main_score":0.7974},"is":{"accuracy":0.7974,"f1":0.790620021105377,"accuracy_stderr":0.012767841547332024,"f1_stderr":0.01562855732494625,"main_score":0.7974},"fo":{"accuracy":0.7974,"f1":0.790620021105377,"accuracy_stderr":0.012767841547332024,"f1_stderr":0.01562855732494625,"main_score":0.7974}},"main_score":"accuracy"}