{"task_name":"Massive Scenario","task_description":"MASSIVE: A 1M-Example Multilingual Natural Language Understanding Dataset with 51 Typologically-Diverse Languages","task_version":"1.1.1","time_of_run":"2024-01-29T21:01:55.580225","scores":{"da":{"accuracy":0.7592468056489576,"f1":0.7528345246831021,"accuracy_stderr":0.009601617243543331,"f1_stderr":0.010167323602803147,"main_score":0.7592468056489576},"nb":{"accuracy":0.7533288500336247,"f1":0.7451195323837462,"accuracy_stderr":0.010248876086048464,"f1_stderr":0.008512990727878337,"main_score":0.7533288500336247},"sv":{"accuracy":0.7732347007397444,"f1":0.7671984660639113,"accuracy_stderr":0.009329519401937046,"f1_stderr":0.00843683857437671,"main_score":0.7732347007397444}},"main_score":"accuracy"}