{"task_name":"Massive Intent","task_description":"MASSIVE: A 1M-Example Multilingual Natural Language Understanding Dataset with 51 Typologically-Diverse Languages","task_version":"1.1.1","time_of_run":"2024-01-29T20:51:46.243065","scores":{"da":{"accuracy":0.6926698049764627,"f1":0.6690123796184744,"accuracy_stderr":0.01488023315232207,"f1_stderr":0.014445417873799979,"main_score":0.6926698049764627},"nb":{"accuracy":0.6926698049764627,"f1":0.6648276611636067,"accuracy_stderr":0.01465051523578528,"f1_stderr":0.014144330720770874,"main_score":0.6926698049764627},"sv":{"accuracy":0.7039004707464694,"f1":0.6805399447960003,"accuracy_stderr":0.014862899255392935,"f1_stderr":0.013181437073270212,"main_score":0.7039004707464694}},"main_score":"accuracy"}