{"task_name":"NorQuad","task_description":"Human-created question for Norwegian wikipedia passages.","task_version":"0.0.1","time_of_run":"2024-01-29T21:29:13.350473","scores":{"nb":{"ndcg_at_1":0.76172,"ndcg_at_3":0.62987,"ndcg_at_5":0.6578,"ndcg_at_10":0.68149,"ndcg_at_100":0.71893,"ndcg_at_1000":0.73538,"map_at_1":0.38086,"map_at_3":0.55396,"map_at_5":0.57498,"map_at_10":0.58865,"map_at_100":0.59983,"map_at_1000":0.60069,"recall_at_1":0.38086,"recall_at_3":0.60498,"recall_at_5":0.66016,"recall_at_10":0.72021,"recall_at_100":0.86621,"recall_at_1000":0.97559,"precision_at_1":0.76172,"precision_at_3":0.40332,"precision_at_5":0.26406,"precision_at_10":0.14404,"precision_at_100":0.01732,"precision_at_1000":0.00195,"mrr_at_1":0.76172,"mrr_at_3":0.81982,"mrr_at_5":0.82847,"mrr_at_10":0.83279,"mrr_at_100":0.83443,"mrr_at_1000":0.83447}},"main_score":"ndcg_at_10"}