{"task_name":"Norwegian courts","task_description":"Nynorsk and Bokmål parallel corpus from Norwegian courts. Norway has two standardised written languages. Bokmål is a variant closer to Danish, while Nynorsk was created to resemble regional dialects of Norwegian.","task_version":"1.1.1","time_of_run":"2024-01-29T21:23:23.265098","scores":{"nb":{"precision":0.9378654970760234,"recall":0.9517543859649122,"f1":0.9422514619883041,"accuracy":0.9517543859649122,"main_score":0.9422514619883041},"nn":{"precision":0.9378654970760234,"recall":0.9517543859649122,"f1":0.9422514619883041,"accuracy":0.9517543859649122,"main_score":0.9422514619883041}},"main_score":"f1"}