{"task_name":"ScaLA","task_description":"A linguistic acceptability task for Danish, Norwegian Bokmål Norwegian Nynorsk and Swedish.","task_version":"1.1.1","time_of_run":"2024-01-29T21:17:57.41228","scores":{"da":{"accuracy":0.506884765625,"f1":0.5031091644478701,"ap":0.5035276762592896,"accuracy_stderr":0.005421681161543128,"f1_stderr":0.008885500145224096,"ap_stderr":0.00277283631811506,"main_score":0.506884765625},"nb":{"accuracy":0.503759765625,"f1":0.49757883419890003,"ap":0.5019412076623098,"accuracy_stderr":0.0062912533184295155,"f1_stderr":0.010559108810754112,"ap_stderr":0.003235233360087446,"main_score":0.503759765625},"sv":{"accuracy":0.502587890625,"f1":0.5000600076119229,"ap":0.5013262493350806,"accuracy_stderr":0.005069902071336236,"f1_stderr":0.006776388970083871,"ap_stderr":0.0025644019091370183,"main_score":0.502587890625},"nn":{"accuracy":0.502880859375,"f1":0.5007308874032995,"ap":0.5014634417653925,"accuracy_stderr":0.003682883783815054,"f1_stderr":0.004746007861792253,"ap_stderr":0.0018754169113774845,"main_score":0.502880859375}},"main_score":"accuracy"}