{"task_name":"SNL Retrieval","task_description":"Webscrabed articles and ingresses from the Norwegian lexicon 'Det Store Norske Leksikon'.","task_version":"0.0.1","time_of_run":"2024-01-29T21:27:50.001955","scores":{"nb":{"ndcg_at_1":0.94692,"ndcg_at_3":0.96754,"ndcg_at_5":0.96972,"ndcg_at_10":0.97122,"ndcg_at_100":0.972,"ndcg_at_1000":0.97248,"map_at_1":0.94692,"map_at_3":0.96244,"map_at_5":0.96363,"map_at_10":0.96425,"map_at_100":0.96438,"map_at_1000":0.9644,"recall_at_1":0.94692,"recall_at_3":0.98231,"recall_at_5":0.98769,"recall_at_10":0.99231,"recall_at_100":0.99615,"recall_at_1000":1.0,"precision_at_1":0.94692,"precision_at_3":0.32744,"precision_at_5":0.19754,"precision_at_10":0.09923,"precision_at_100":0.00996,"precision_at_1000":0.001,"mrr_at_1":0.94692,"mrr_at_3":0.96244,"mrr_at_5":0.96363,"mrr_at_10":0.96425,"mrr_at_100":0.96438,"mrr_at_1000":0.9644}},"main_score":"ndcg_at_10"}