{"task_name":"SwednRetrieval","task_description":"News Article Summary Semantic Similarity Estimation.","task_version":"0.0.1","time_of_run":"2024-01-29T21:33:27.401295","scores":{"sv":{"ndcg_at_1":0.79395,"ndcg_at_3":0.76853,"ndcg_at_5":0.80059,"ndcg_at_10":0.82203,"ndcg_at_100":0.84043,"ndcg_at_1000":0.84548,"map_at_1":0.39697,"map_at_3":0.73267,"map_at_5":0.75955,"map_at_10":0.77165,"map_at_100":0.77692,"map_at_1000":0.77717,"recall_at_1":0.39697,"recall_at_3":0.77295,"recall_at_5":0.83594,"recall_at_10":0.88965,"recall_at_100":0.96094,"recall_at_1000":0.99365,"precision_at_1":0.79395,"precision_at_3":0.5153,"precision_at_5":0.33437,"precision_at_10":0.17793,"precision_at_100":0.01922,"precision_at_1000":0.00199,"mrr_at_1":0.79395,"mrr_at_3":0.83643,"mrr_at_5":0.84116,"mrr_at_10":0.84607,"mrr_at_100":0.8475,"mrr_at_1000":0.84759}},"main_score":"ndcg_at_10"}