{"task_name":"SweFAQ","task_description":"A Swedish QA dataset derived from FAQ","task_version":"0.0.1","time_of_run":"2024-01-28T10:53:20.991871","scores":{"sv":{"ndcg_at_1":0.66862,"ndcg_at_3":0.77831,"ndcg_at_5":0.80088,"ndcg_at_10":0.81622,"ndcg_at_100":0.82568,"ndcg_at_1000":0.82621,"map_at_1":0.66862,"map_at_3":0.75211,"map_at_5":0.76468,"map_at_10":0.77114,"map_at_100":0.77336,"map_at_1000":0.77339,"recall_at_1":0.66862,"recall_at_3":0.8538,"recall_at_5":0.90838,"recall_at_10":0.95517,"recall_at_100":0.9961,"recall_at_1000":1.0,"precision_at_1":0.66862,"precision_at_3":0.2846,"precision_at_5":0.18168,"precision_at_10":0.09552,"precision_at_100":0.00996,"precision_at_1000":0.001,"mrr_at_1":0.66862,"mrr_at_3":0.75211,"mrr_at_5":0.76468,"mrr_at_10":0.77114,"mrr_at_100":0.77336,"mrr_at_1000":0.77339}},"main_score":"ndcg_at_10"}