{"task_name":"TV2Nord Retrieval","task_description":"News Article and corresponding summaries extracted from the Danish newspaper TV2 Nord.","task_version":"1.1.1","time_of_run":"2024-01-29T19:53:25.93404","scores":{"da":{"ndcg_at_1":0.90918,"ndcg_at_3":0.94345,"ndcg_at_5":0.94922,"ndcg_at_10":0.95204,"ndcg_at_100":0.95433,"ndcg_at_1000":0.95454,"map_at_1":0.90918,"map_at_3":0.93563,"map_at_5":0.9388,"map_at_10":0.94005,"map_at_100":0.94057,"map_at_1000":0.94058,"recall_at_1":0.90918,"recall_at_3":0.96582,"recall_at_5":0.97998,"recall_at_10":0.98828,"recall_at_100":0.99854,"recall_at_1000":1.0,"precision_at_1":0.90918,"precision_at_3":0.32194,"precision_at_5":0.196,"precision_at_10":0.09883,"precision_at_100":0.00999,"precision_at_1000":0.001,"mrr_at_1":0.90918,"mrr_at_3":0.93563,"mrr_at_5":0.9388,"mrr_at_10":0.94005,"mrr_at_100":0.94057,"mrr_at_1000":0.94058}},"main_score":"ndcg_at_10"}