{"task_name":"Twitterhjerne","task_description":"Danish question asked on Twitter with the Hashtag #Twitterhjerne ('Twitter brain') and their corresponding answer.","task_version":"1.1.1","time_of_run":"2024-01-29T19:53:39.160999","scores":{"da":{"ndcg_at_1":0.87179,"ndcg_at_3":0.77476,"ndcg_at_5":0.77839,"ndcg_at_10":0.81077,"ndcg_at_100":0.84875,"ndcg_at_1000":0.85316,"map_at_1":0.27564,"map_at_3":0.59701,"map_at_5":0.70248,"map_at_10":0.73606,"map_at_100":0.7525,"map_at_1000":0.75287,"recall_at_1":0.27564,"recall_at_3":0.62479,"recall_at_5":0.76026,"recall_at_10":0.83718,"recall_at_100":0.96111,"recall_at_1000":0.98718,"precision_at_1":0.87179,"precision_at_3":0.69231,"precision_at_5":0.52564,"precision_at_10":0.28846,"precision_at_100":0.03295,"precision_at_1000":0.00336,"mrr_at_1":0.87179,"mrr_at_3":0.89957,"mrr_at_5":0.9047,"mrr_at_10":0.90684,"mrr_at_100":0.90684,"mrr_at_1000":0.90689}},"main_score":"ndcg_at_10"}