{"task_name":"DanFEVER","task_description":"A Danish dataset intended for misinformation research. It follows the same format as the English FEVER dataset.","task_version":"1.1.1","time_of_run":"2024-01-25T16:46:10.510144","scores":{"da":{"ndcg_at_1":0.28982,"ndcg_at_3":0.36722,"ndcg_at_5":0.37753,"ndcg_at_10":0.38335,"ndcg_at_100":0.38781,"ndcg_at_1000":0.388,"map_at_1":0.28974,"map_at_3":0.34882,"map_at_5":0.35458,"map_at_10":0.35702,"map_at_100":0.35811,"map_at_1000":0.35812,"recall_at_1":0.28974,"recall_at_3":0.42013,"recall_at_5":0.445,"recall_at_10":0.46273,"recall_at_100":0.48188,"recall_at_1000":0.48329,"precision_at_1":0.28982,"precision_at_3":0.14007,"precision_at_5":0.08903,"precision_at_10":0.0463,"precision_at_100":0.00482,"precision_at_1000":0.00048,"mrr_at_1":0.28982,"mrr_at_3":0.34889,"mrr_at_5":0.35463,"mrr_at_10":0.35709,"mrr_at_100":0.35815,"mrr_at_1000":0.35816}},"main_score":"ndcg_at_10"}