{"task_name":"Language Identification","task_description":"A dataset for Nordic language identification.","task_version":"1.1.1.dev0","time_of_run":"2023-09-25T16:26:54.975504","scores":{"da":{"accuracy":0.7213666666666667,"f1":0.7074068687868917,"accuracy_stderr":0.010001610981348075,"f1_stderr":0.011658643942785296,"main_score":0.7213666666666667},"sv":{"accuracy":0.7213666666666667,"f1":0.7074068687868917,"accuracy_stderr":0.010001610981348075,"f1_stderr":0.011658643942785296,"main_score":0.7213666666666667},"nb":{"accuracy":0.7213666666666667,"f1":0.7074068687868917,"accuracy_stderr":0.010001610981348075,"f1_stderr":0.011658643942785296,"main_score":0.7213666666666667},"nn":{"accuracy":0.7213666666666667,"f1":0.7074068687868917,"accuracy_stderr":0.010001610981348075,"f1_stderr":0.011658643942785296,"main_score":0.7213666666666667},"is":{"accuracy":0.7213666666666667,"f1":0.7074068687868917,"accuracy_stderr":0.010001610981348075,"f1_stderr":0.011658643942785296,"main_score":0.7213666666666667},"fo":{"accuracy":0.7213666666666667,"f1":0.7074068687868917,"accuracy_stderr":0.010001610981348075,"f1_stderr":0.011658643942785296,"main_score":0.7213666666666667}},"main_score":"accuracy"}