{"task_name":"Massive Scenario","task_description":"MASSIVE: A 1M-Example Multilingual Natural Language Understanding Dataset with 51 Typologically-Diverse Languages","task_version":"1.1.1.dev0","time_of_run":"2023-09-25T16:25:12.317164","scores":{"da":{"accuracy":0.6396435776731674,"f1":0.6208377992895038,"accuracy_stderr":0.020534262111544202,"f1_stderr":0.02176003783576135,"main_score":0.6396435776731674},"nb":{"accuracy":0.6193678547410896,"f1":0.6034263632375385,"accuracy_stderr":0.026066879570464923,"f1_stderr":0.021518488323420674,"main_score":0.6193678547410896},"sv":{"accuracy":0.6729657027572294,"f1":0.6595949478851747,"accuracy_stderr":0.020559656760484404,"f1_stderr":0.018001949274946347,"main_score":0.6729657027572294}},"main_score":"accuracy"}