{"task_name":"Massive Intent","task_description":"MASSIVE: A 1M-Example Multilingual Natural Language Understanding Dataset with 51 Typologically-Diverse Languages","task_version":"1.1.1.dev0","time_of_run":"2023-09-25T16:24:17.218706","scores":{"da":{"accuracy":0.5618022864828515,"f1":0.5265687606969173,"accuracy_stderr":0.016711059897682973,"f1_stderr":0.014590491597714576,"main_score":0.5618022864828515},"nb":{"accuracy":0.5528581035642233,"f1":0.5133709916110052,"accuracy_stderr":0.017036037463567855,"f1_stderr":0.018540015613397447,"main_score":0.5528581035642233},"sv":{"accuracy":0.5820107599193006,"f1":0.5505317590609262,"accuracy_stderr":0.01788220234514548,"f1_stderr":0.01399218317021721,"main_score":0.5820107599193006}},"main_score":"accuracy"}