{"task_name":"NorQuad","task_description":"Human-created question for Norwegian wikipedia passages.","task_version":"0.0.1","time_of_run":"2024-01-30T11:14:08.454409","scores":{"nb":{"ndcg_at_1":0.20508,"ndcg_at_3":0.15331,"ndcg_at_5":0.16419,"ndcg_at_10":0.1747,"ndcg_at_100":0.20996,"ndcg_at_1000":0.26933,"map_at_1":0.10254,"map_at_3":0.12345,"map_at_5":0.12958,"map_at_10":0.13386,"map_at_100":0.13988,"map_at_1000":0.1417,"recall_at_1":0.10254,"recall_at_3":0.14111,"recall_at_5":0.1626,"recall_at_10":0.18896,"recall_at_100":0.33398,"recall_at_1000":0.74561,"precision_at_1":0.20508,"precision_at_3":0.09408,"precision_at_5":0.06504,"precision_at_10":0.03779,"precision_at_100":0.00668,"precision_at_1000":0.00149,"mrr_at_1":0.20508,"mrr_at_3":0.23096,"mrr_at_5":0.23843,"mrr_at_10":0.24413,"mrr_at_100":0.25213,"mrr_at_1000":0.25376}},"main_score":"ndcg_at_10"}