{"task_name":"Norwegian courts","task_description":"Nynorsk and Bokmål parallel corpus from Norwegian courts. Norway has two standardised written languages. Bokmål is a variant closer to Danish, while Nynorsk was created to resemble regional dialects of Norwegian.","task_version":"1.1.1","time_of_run":"2024-01-30T11:12:10.908891","scores":{"nb":{"precision":0.8457602339181286,"recall":0.8903508771929824,"f1":0.8603801169590644,"accuracy":0.8903508771929824,"main_score":0.8603801169590644},"nn":{"precision":0.8457602339181286,"recall":0.8903508771929824,"f1":0.8603801169590644,"accuracy":0.8903508771929824,"main_score":0.8603801169590644}},"main_score":"f1"}