{"task_name":"ScaLA","task_description":"A linguistic acceptability task for Danish, Norwegian Bokmål Norwegian Nynorsk and Swedish.","task_version":"1.1.1.dev0","time_of_run":"2023-09-25T16:26:25.438391","scores":{"da":{"accuracy":0.50576171875,"f1":0.5010609456401955,"ap":0.503060996904327,"accuracy_stderr":0.01037824538613931,"f1_stderr":0.009451854744021831,"ap_stderr":0.005370986336965475,"main_score":0.50576171875},"nb":{"accuracy":0.503759765625,"f1":0.49844455758079026,"ap":0.5019331997328252,"accuracy_stderr":0.006503678967969452,"f1_stderr":0.009730920884692986,"ap_stderr":0.003327293677784496,"main_score":0.503759765625},"sv":{"accuracy":0.502294921875,"f1":0.49781050318128484,"ap":0.5012304738997291,"accuracy_stderr":0.00840652431338268,"f1_stderr":0.010033053608518689,"ap_stderr":0.004238295990141352,"main_score":0.502294921875},"nn":{"accuracy":0.50166015625,"f1":0.49900675779022236,"ap":0.5008715417815609,"accuracy_stderr":0.006157766707200956,"f1_stderr":0.0073065604950670274,"ap_stderr":0.0030813173899733644,"main_score":0.50166015625}},"main_score":"accuracy"}