{"task_name":"SNL Retrieval","task_description":"Webscrabed articles and ingresses from the Norwegian lexicon 'Det Store Norske Leksikon'.","task_version":"0.0.1","time_of_run":"2024-01-30T11:13:59.197748","scores":{"nb":{"ndcg_at_1":0.86846,"ndcg_at_3":0.90914,"ndcg_at_5":0.91397,"ndcg_at_10":0.91732,"ndcg_at_100":0.92288,"ndcg_at_1000":0.92459,"map_at_1":0.86846,"map_at_3":0.89949,"map_at_5":0.90222,"map_at_10":0.90367,"map_at_100":0.90474,"map_at_1000":0.9048,"recall_at_1":0.86846,"recall_at_3":0.93692,"recall_at_5":0.94846,"recall_at_10":0.95846,"recall_at_100":0.98538,"recall_at_1000":0.99923,"precision_at_1":0.86846,"precision_at_3":0.31231,"precision_at_5":0.18969,"precision_at_10":0.09585,"precision_at_100":0.00985,"precision_at_1000":0.001,"mrr_at_1":0.86846,"mrr_at_3":0.89949,"mrr_at_5":0.90222,"mrr_at_10":0.90367,"mrr_at_100":0.90474,"mrr_at_1000":0.9048}},"main_score":"ndcg_at_10"}