{"task_name":"SwednRetrieval","task_description":"News Article Summary Semantic Similarity Estimation.","task_version":"0.0.1","time_of_run":"2024-01-22T21:13:25.659702","scores":{"sv":{"ndcg_at_1":0.5223,"ndcg_at_3":0.50655,"ndcg_at_5":0.54827,"ndcg_at_10":0.58265,"ndcg_at_100":0.62707,"ndcg_at_1000":0.64137,"map_at_1":0.26115,"map_at_3":0.45145,"map_at_5":0.48354,"map_at_10":0.50308,"map_at_100":0.51484,"map_at_1000":0.51554,"recall_at_1":0.26115,"recall_at_3":0.51682,"recall_at_5":0.59907,"recall_at_10":0.68478,"recall_at_100":0.85808,"recall_at_1000":0.9518,"precision_at_1":0.5223,"precision_at_3":0.34455,"precision_at_5":0.23963,"precision_at_10":0.13696,"precision_at_100":0.01716,"precision_at_1000":0.0019,"mrr_at_1":0.5223,"mrr_at_3":0.60516,"mrr_at_5":0.61691,"mrr_at_10":0.62487,"mrr_at_100":0.62973,"mrr_at_1000":0.62996}},"main_score":"ndcg_at_10"}