{"task_name":"SweFAQ","task_description":"A Swedish QA dataset derived from FAQ","task_version":"0.0.1","time_of_run":"2023-09-25T16:30:58.406932","scores":{"sv":{"ndcg_at_1":0.49708,"ndcg_at_3":0.64204,"ndcg_at_5":0.66577,"ndcg_at_10":0.68724,"ndcg_at_100":0.7119,"ndcg_at_1000":0.71418,"map_at_1":0.49708,"map_at_3":0.60656,"map_at_5":0.61953,"map_at_10":0.6284,"map_at_100":0.63369,"map_at_1000":0.63378,"recall_at_1":0.49708,"recall_at_3":0.74464,"recall_at_5":0.80312,"recall_at_10":0.8694,"recall_at_100":0.98246,"recall_at_1000":1.0,"precision_at_1":0.49708,"precision_at_3":0.24821,"precision_at_5":0.16062,"precision_at_10":0.08694,"precision_at_100":0.00982,"precision_at_1000":0.001,"mrr_at_1":0.49708,"mrr_at_3":0.60656,"mrr_at_5":0.61953,"mrr_at_10":0.6284,"mrr_at_100":0.63369,"mrr_at_1000":0.63378}},"main_score":"ndcg_at_10"}