{"task_name":"TV2Nord Retrieval","task_description":"News Article and corresponding summaries extracted from the Danish newspaper TV2 Nord.","task_version":"1.1.1","time_of_run":"2024-01-30T11:12:07.331893","scores":{"da":{"ndcg_at_1":0.84863,"ndcg_at_3":0.8884,"ndcg_at_5":0.89579,"ndcg_at_10":0.90379,"ndcg_at_100":0.91048,"ndcg_at_1000":0.91158,"map_at_1":0.84863,"map_at_3":0.87882,"map_at_5":0.8829,"map_at_10":0.88626,"map_at_100":0.88754,"map_at_1000":0.88758,"recall_at_1":0.84863,"recall_at_3":0.91602,"recall_at_5":0.93408,"recall_at_10":0.9585,"recall_at_100":0.99072,"recall_at_1000":0.99951,"precision_at_1":0.84863,"precision_at_3":0.30534,"precision_at_5":0.18682,"precision_at_10":0.09585,"precision_at_100":0.00991,"precision_at_1000":0.001,"mrr_at_1":0.84863,"mrr_at_3":0.87882,"mrr_at_5":0.8829,"mrr_at_10":0.88626,"mrr_at_100":0.88754,"mrr_at_1000":0.88758}},"main_score":"ndcg_at_10"}