{"task_name":"Twitterhjerne","task_description":"Danish question asked on Twitter with the Hashtag #Twitterhjerne ('Twitter brain') and their corresponding answer.","task_version":"1.1.1","time_of_run":"2024-01-30T11:12:09.803072","scores":{"da":{"ndcg_at_1":0.61538,"ndcg_at_3":0.52049,"ndcg_at_5":0.53236,"ndcg_at_10":0.5743,"ndcg_at_100":0.65871,"ndcg_at_1000":0.67754,"map_at_1":0.20641,"map_at_3":0.3677,"map_at_5":0.43246,"map_at_10":0.46485,"map_at_100":0.4929,"map_at_1000":0.49479,"recall_at_1":0.20641,"recall_at_3":0.40855,"recall_at_5":0.52137,"recall_at_10":0.61197,"recall_at_100":0.88846,"recall_at_1000":0.98718,"precision_at_1":0.61538,"precision_at_3":0.44872,"precision_at_5":0.34615,"precision_at_10":0.20641,"precision_at_100":0.03051,"precision_at_1000":0.00336,"mrr_at_1":0.61538,"mrr_at_3":0.69872,"mrr_at_5":0.70769,"mrr_at_10":0.71888,"mrr_at_100":0.72235,"mrr_at_1000":0.7224}},"main_score":"ndcg_at_10"}