{"task_name":"Bornholm Parallel","task_description":"Danish Bornholmsk Parallel Corpus. Bornholmsk is a Danish dialect spoken on the island of Bornholm, Denmark. Historically it is a part of east Danish which was also spoken in Scania and Halland, Sweden.","task_version":"1.1.1","time_of_run":"2024-07-18T10:45:11.765423","scores":{"da":{"precision":0.39370952380952384,"recall":0.51,"f1":0.42458095238095234,"accuracy":0.51,"main_score":0.42458095238095234},"da-bornholm":{"precision":0.39370952380952384,"recall":0.51,"f1":0.42458095238095234,"accuracy":0.51,"main_score":0.42458095238095234}},"main_score":"f1"}