{"task_name":"DanFEVER","task_description":"A Danish dataset intended for misinformation research. It follows the same format as the English FEVER dataset.","task_version":"1.1.1","time_of_run":"2024-07-18T10:24:28.488065","scores":{"da":{"ndcg_at_1":0.29248,"ndcg_at_3":0.3825,"ndcg_at_5":0.38981,"ndcg_at_10":0.39418,"ndcg_at_100":0.39611,"ndcg_at_1000":0.39617,"map_at_1":0.29233,"map_at_3":0.36126,"map_at_5":0.36536,"map_at_10":0.36717,"map_at_100":0.36764,"map_at_1000":0.36764,"recall_at_1":0.29233,"recall_at_3":0.44351,"recall_at_5":0.46109,"recall_at_10":0.4745,"recall_at_100":0.48282,"recall_at_1000":0.48329,"precision_at_1":0.29248,"precision_at_3":0.14792,"precision_at_5":0.09226,"precision_at_10":0.04748,"precision_at_100":0.00483,"precision_at_1000":0.00048,"mrr_at_1":0.29248,"mrr_at_3":0.36134,"mrr_at_5":0.36544,"mrr_at_10":0.36726,"mrr_at_100":0.36771,"mrr_at_1000":0.36771}},"main_score":"ndcg_at_10"}