{"task_name":"Language Identification","task_description":"A dataset for Nordic language identification.","task_version":"1.1.1","time_of_run":"2024-07-18T13:08:31.761936","scores":{"da":{"accuracy":0.5848000000000001,"f1":0.5791755301248708,"accuracy_stderr":0.01577635361334594,"f1_stderr":0.015190484626405194,"main_score":0.5848000000000001},"sv":{"accuracy":0.5848000000000001,"f1":0.5791755301248708,"accuracy_stderr":0.01577635361334594,"f1_stderr":0.015190484626405194,"main_score":0.5848000000000001},"nb":{"accuracy":0.5848000000000001,"f1":0.5791755301248708,"accuracy_stderr":0.01577635361334594,"f1_stderr":0.015190484626405194,"main_score":0.5848000000000001},"nn":{"accuracy":0.5848000000000001,"f1":0.5791755301248708,"accuracy_stderr":0.01577635361334594,"f1_stderr":0.015190484626405194,"main_score":0.5848000000000001},"is":{"accuracy":0.5848000000000001,"f1":0.5791755301248708,"accuracy_stderr":0.01577635361334594,"f1_stderr":0.015190484626405194,"main_score":0.5848000000000001},"fo":{"accuracy":0.5848000000000001,"f1":0.5791755301248708,"accuracy_stderr":0.01577635361334594,"f1_stderr":0.015190484626405194,"main_score":0.5848000000000001}},"main_score":"accuracy"}