{"task_name":"Massive Scenario","task_description":"MASSIVE: A 1M-Example Multilingual Natural Language Understanding Dataset with 51 Typologically-Diverse Languages","task_version":"1.1.1","time_of_run":"2024-07-18T12:47:28.700101","scores":{"da":{"accuracy":0.7326832548755885,"f1":0.7169512969165764,"accuracy_stderr":0.014330613476617404,"f1_stderr":0.012813684791883098,"main_score":0.7326832548755885},"nb":{"accuracy":0.7378278412911904,"f1":0.7220734612792765,"accuracy_stderr":0.0218105417557747,"f1_stderr":0.02016464615839349,"main_score":0.7378278412911904},"sv":{"accuracy":0.7509751176866175,"f1":0.7348228054043519,"accuracy_stderr":0.01974388386092829,"f1_stderr":0.014794412322923934,"main_score":0.7509751176866175}},"main_score":"accuracy"}