{"task_name":"Massive Intent","task_description":"MASSIVE: A 1M-Example Multilingual Natural Language Understanding Dataset with 51 Typologically-Diverse Languages","task_version":"1.1.1","time_of_run":"2024-07-18T12:11:41.570687","scores":{"da":{"accuracy":0.6786819098856759,"f1":0.641963243339014,"accuracy_stderr":0.012028263662826017,"f1_stderr":0.007245045720408639,"main_score":0.6786819098856759},"nb":{"accuracy":0.6779757901815737,"f1":0.635141960186955,"accuracy_stderr":0.013392657276713309,"f1_stderr":0.009503800749429888,"main_score":0.6779757901815737},"sv":{"accuracy":0.6879959650302622,"f1":0.6528625920529163,"accuracy_stderr":0.015375336471529742,"f1_stderr":0.014123853152403174,"main_score":0.6879959650302622}},"main_score":"accuracy"}