{"task_name":"NorQuad","task_description":"Human-created question for Norwegian wikipedia passages.","task_version":"0.0.1","time_of_run":"2024-07-18T16:13:51.731279","scores":{"nb":{"ndcg_at_1":0.37598,"ndcg_at_3":0.30162,"ndcg_at_5":0.3211,"ndcg_at_10":0.3391,"ndcg_at_100":0.37974,"ndcg_at_1000":0.41129,"map_at_1":0.18799,"map_at_3":0.24495,"map_at_5":0.25582,"map_at_10":0.26312,"map_at_100":0.27083,"map_at_1000":0.27195,"recall_at_1":0.18799,"recall_at_3":0.28564,"recall_at_5":0.32422,"recall_at_10":0.36914,"recall_at_100":0.53027,"recall_at_1000":0.75049,"precision_at_1":0.37598,"precision_at_3":0.19043,"precision_at_5":0.12969,"precision_at_10":0.07383,"precision_at_100":0.01061,"precision_at_1000":0.0015,"mrr_at_1":0.37598,"mrr_at_3":0.4388,"mrr_at_5":0.45233,"mrr_at_10":0.46234,"mrr_at_100":0.4721,"mrr_at_1000":0.4726}},"main_score":"ndcg_at_10"}