{"task_name":"Norwegian courts","task_description":"Nynorsk and Bokmål parallel corpus from Norwegian courts. Norway has two standardised written languages. Bokmål is a variant closer to Danish, while Nynorsk was created to resemble regional dialects of Norwegian.","task_version":"1.1.1","time_of_run":"2024-07-18T13:16:43.230337","scores":{"nb":{"precision":0.9181286549707601,"recall":0.9385964912280702,"f1":0.9247076023391813,"accuracy":0.9385964912280702,"main_score":0.9247076023391813},"nn":{"precision":0.9181286549707601,"recall":0.9385964912280702,"f1":0.9247076023391813,"accuracy":0.9385964912280702,"main_score":0.9247076023391813}},"main_score":"f1"}