{"task_name":"ScaLA","task_description":"A linguistic acceptability task for Danish, Norwegian Bokmål Norwegian Nynorsk and Swedish.","task_version":"1.1.1","time_of_run":"2024-07-18T13:06:20.332996","scores":{"da":{"accuracy":0.5095703125,"f1":0.5062369314279598,"ap":0.5049076695028415,"accuracy_stderr":0.003661783839697788,"f1_stderr":0.004935432458961186,"ap_stderr":0.0019184434504471088,"main_score":0.5095703125},"nb":{"accuracy":0.508056640625,"f1":0.5054295653263322,"ap":0.5041224033323715,"accuracy_stderr":0.0056024821230166106,"f1_stderr":0.0059562965731887576,"ap_stderr":0.002870157979561481,"main_score":0.508056640625},"sv":{"accuracy":0.50498046875,"f1":0.5007987214030355,"ap":0.5025810794751128,"accuracy_stderr":0.008788519948531845,"f1_stderr":0.010188921122073319,"ap_stderr":0.004539879241019426,"main_score":0.50498046875},"nn":{"accuracy":0.503271484375,"f1":0.5016178619947618,"ap":0.5017715415062312,"accuracy_stderr":0.01072452827607745,"f1_stderr":0.010818426320800366,"ap_stderr":0.005422754956625495,"main_score":0.503271484375}},"main_score":"accuracy"}