{"task_name":"SNL Retrieval","task_description":"Webscrabed articles and ingresses from the Norwegian lexicon 'Det Store Norske Leksikon'.","task_version":"0.0.1","time_of_run":"2024-07-18T15:55:35.028913","scores":{"nb":{"ndcg_at_1":0.93385,"ndcg_at_3":0.95943,"ndcg_at_5":0.96427,"ndcg_at_10":0.96549,"ndcg_at_100":0.96689,"ndcg_at_1000":0.96708,"map_at_1":0.93385,"map_at_3":0.95359,"map_at_5":0.95632,"map_at_10":0.95682,"map_at_100":0.95715,"map_at_1000":0.95715,"recall_at_1":0.93385,"recall_at_3":0.97615,"recall_at_5":0.98769,"recall_at_10":0.99154,"recall_at_100":0.99769,"recall_at_1000":0.99923,"precision_at_1":0.93385,"precision_at_3":0.32538,"precision_at_5":0.19754,"precision_at_10":0.09915,"precision_at_100":0.00998,"precision_at_1000":0.001,"mrr_at_1":0.93385,"mrr_at_3":0.95359,"mrr_at_5":0.95632,"mrr_at_10":0.95682,"mrr_at_100":0.95715,"mrr_at_1000":0.95715}},"main_score":"ndcg_at_10"}