{"task_name":"SwednRetrieval","task_description":"News Article Summary Semantic Similarity Estimation.","task_version":"0.0.1","time_of_run":"2024-07-18T16:27:46.291172","scores":{"sv":{"ndcg_at_1":0.78125,"ndcg_at_3":0.76346,"ndcg_at_5":0.79418,"ndcg_at_10":0.81572,"ndcg_at_100":0.83475,"ndcg_at_1000":0.84056,"map_at_1":0.39062,"map_at_3":0.72778,"map_at_5":0.75259,"map_at_10":0.76568,"map_at_100":0.77138,"map_at_1000":0.77167,"recall_at_1":0.39062,"recall_at_3":0.77295,"recall_at_5":0.83301,"recall_at_10":0.88672,"recall_at_100":0.95752,"recall_at_1000":0.99512,"precision_at_1":0.78125,"precision_at_3":0.5153,"precision_at_5":0.3332,"precision_at_10":0.17734,"precision_at_100":0.01915,"precision_at_1000":0.00199,"mrr_at_1":0.78125,"mrr_at_3":0.82438,"mrr_at_5":0.83112,"mrr_at_10":0.83441,"mrr_at_100":0.83651,"mrr_at_1000":0.83662}},"main_score":"ndcg_at_10"}