{"task_name":"SweFAQ","task_description":"A Swedish QA dataset derived from FAQ","task_version":"0.0.1","time_of_run":"2024-07-18T16:17:08.666028","scores":{"sv":{"ndcg_at_1":0.69006,"ndcg_at_3":0.80374,"ndcg_at_5":0.82379,"ndcg_at_10":0.83728,"ndcg_at_100":0.84476,"ndcg_at_1000":0.84476,"map_at_1":0.69006,"map_at_3":0.77745,"map_at_5":0.78856,"map_at_10":0.79428,"map_at_100":0.79617,"map_at_1000":0.79617,"recall_at_1":0.69006,"recall_at_3":0.87914,"recall_at_5":0.92788,"recall_at_10":0.96881,"recall_at_100":1.0,"recall_at_1000":1.0,"precision_at_1":0.69006,"precision_at_3":0.29305,"precision_at_5":0.18558,"precision_at_10":0.09688,"precision_at_100":0.01,"precision_at_1000":0.001,"mrr_at_1":0.69006,"mrr_at_3":0.77745,"mrr_at_5":0.78856,"mrr_at_10":0.79428,"mrr_at_100":0.79617,"mrr_at_1000":0.79617}},"main_score":"ndcg_at_10"}