{"task_name":"TV2Nord Retrieval","task_description":"News Article and corresponding summaries extracted from the Danish newspaper TV2 Nord.","task_version":"1.1.1","time_of_run":"2024-07-18T11:05:08.800121","scores":{"da":{"ndcg_at_1":0.95312,"ndcg_at_3":0.97337,"ndcg_at_5":0.9756,"ndcg_at_10":0.97688,"ndcg_at_100":0.97778,"ndcg_at_1000":0.97778,"map_at_1":0.95312,"map_at_3":0.96883,"map_at_5":0.97008,"map_at_10":0.97062,"map_at_100":0.97083,"map_at_1000":0.97083,"recall_at_1":0.95312,"recall_at_3":0.98633,"recall_at_5":0.9917,"recall_at_10":0.99561,"recall_at_100":0.99951,"recall_at_1000":0.99951,"precision_at_1":0.95312,"precision_at_3":0.32878,"precision_at_5":0.19834,"precision_at_10":0.09956,"precision_at_100":0.01,"precision_at_1000":0.001,"mrr_at_1":0.95312,"mrr_at_3":0.96883,"mrr_at_5":0.97008,"mrr_at_10":0.97062,"mrr_at_100":0.97083,"mrr_at_1000":0.97083}},"main_score":"ndcg_at_10"}