{"task_name":"Twitterhjerne","task_description":"Danish question asked on Twitter with the Hashtag #Twitterhjerne ('Twitter brain') and their corresponding answer.","task_version":"1.1.1","time_of_run":"2024-07-18T11:06:07.583013","scores":{"da":{"ndcg_at_1":0.89744,"ndcg_at_3":0.8229,"ndcg_at_5":0.83919,"ndcg_at_10":0.87241,"ndcg_at_100":0.89776,"ndcg_at_1000":0.89776,"map_at_1":0.29701,"map_at_3":0.65488,"map_at_5":0.77358,"map_at_10":0.80939,"map_at_100":0.82162,"map_at_1000":0.82162,"recall_at_1":0.29701,"recall_at_3":0.67073,"recall_at_5":0.82885,"recall_at_10":0.90855,"recall_at_100":0.98718,"recall_at_1000":0.98718,"precision_at_1":0.89744,"precision_at_3":0.7265,"precision_at_5":0.56154,"precision_at_10":0.30769,"precision_at_100":0.03359,"precision_at_1000":0.00336,"mrr_at_1":0.89744,"mrr_at_3":0.92735,"mrr_at_5":0.92991,"mrr_at_10":0.93205,"mrr_at_100":0.93205,"mrr_at_1000":0.93205}},"main_score":"ndcg_at_10"}