{"task_name":"Bornholm Parallel","task_description":"Danish Bornholmsk Parallel Corpus. Bornholmsk is a Danish dialect spoken on the island of Bornholm, Denmark. Historically it is a part of east Danish which was also spoken in Scania and Halland, Sweden.","task_version":"1.1.1","time_of_run":"2025-01-08T15:32:39.836794","scores":{"da":{"precision":0.22387298145802945,"recall":0.28,"f1":0.23583139861084274,"accuracy":0.28,"main_score":0.23583139861084274},"da-bornholm":{"precision":0.22387298145802945,"recall":0.28,"f1":0.23583139861084274,"accuracy":0.28,"main_score":0.23583139861084274}},"main_score":"f1"}