{"task_name":"DanFEVER","task_description":"A Danish dataset intended for misinformation research. It follows the same format as the English FEVER dataset.","task_version":"1.1.1","time_of_run":"2025-01-08T15:39:21.364857","scores":{"da":{"ndcg_at_1":0.319,"ndcg_at_3":0.3819,"ndcg_at_5":0.39048,"ndcg_at_10":0.39626,"ndcg_at_100":0.40081,"ndcg_at_1000":0.40093,"map_at_1":0.319,"map_at_3":0.36712,"map_at_5":0.37193,"map_at_10":0.37438,"map_at_100":0.37546,"map_at_1000":0.37547,"recall_at_1":0.319,"recall_at_3":0.42429,"recall_at_5":0.44492,"recall_at_10":0.46242,"recall_at_100":0.48235,"recall_at_1000":0.48329,"precision_at_1":0.319,"precision_at_3":0.14148,"precision_at_5":0.08903,"precision_at_10":0.04627,"precision_at_100":0.00483,"precision_at_1000":0.00048,"mrr_at_1":0.319,"mrr_at_3":0.3672,"mrr_at_5":0.37203,"mrr_at_10":0.37445,"mrr_at_100":0.37551,"mrr_at_1000":0.37551}},"main_score":"ndcg_at_10"}