{"task_name":"Language Identification","task_description":"A dataset for Nordic language identification.","task_version":"1.1.1","time_of_run":"2025-01-08T16:06:40.745207","scores":{"da":{"accuracy":0.9152333333333333,"f1":0.9147315946901321,"accuracy_stderr":0.0035057096285916294,"f1_stderr":0.0035610011521165826,"main_score":0.9152333333333333},"sv":{"accuracy":0.9152333333333333,"f1":0.9147315946901321,"accuracy_stderr":0.0035057096285916294,"f1_stderr":0.0035610011521165826,"main_score":0.9152333333333333},"nb":{"accuracy":0.9152333333333333,"f1":0.9147315946901321,"accuracy_stderr":0.0035057096285916294,"f1_stderr":0.0035610011521165826,"main_score":0.9152333333333333},"nn":{"accuracy":0.9152333333333333,"f1":0.9147315946901321,"accuracy_stderr":0.0035057096285916294,"f1_stderr":0.0035610011521165826,"main_score":0.9152333333333333},"is":{"accuracy":0.9152333333333333,"f1":0.9147315946901321,"accuracy_stderr":0.0035057096285916294,"f1_stderr":0.0035610011521165826,"main_score":0.9152333333333333},"fo":{"accuracy":0.9152333333333333,"f1":0.9147315946901321,"accuracy_stderr":0.0035057096285916294,"f1_stderr":0.0035610011521165826,"main_score":0.9152333333333333}},"main_score":"accuracy"}