{"task_name":"Language Identification","task_description":"A dataset for Nordic language identification.","task_version":"1.1.1","time_of_run":"2025-01-15T15:51:33.970768","scores":{"da":{"accuracy":0.9152666666666667,"f1":0.9147768639302379,"accuracy_stderr":0.003797074897572834,"f1_stderr":0.003812227344140785,"main_score":0.9152666666666667},"sv":{"accuracy":0.9152666666666667,"f1":0.9147768639302379,"accuracy_stderr":0.003797074897572834,"f1_stderr":0.003812227344140785,"main_score":0.9152666666666667},"nb":{"accuracy":0.9152666666666667,"f1":0.9147768639302379,"accuracy_stderr":0.003797074897572834,"f1_stderr":0.003812227344140785,"main_score":0.9152666666666667},"nn":{"accuracy":0.9152666666666667,"f1":0.9147768639302379,"accuracy_stderr":0.003797074897572834,"f1_stderr":0.003812227344140785,"main_score":0.9152666666666667},"is":{"accuracy":0.9152666666666667,"f1":0.9147768639302379,"accuracy_stderr":0.003797074897572834,"f1_stderr":0.003812227344140785,"main_score":0.9152666666666667},"fo":{"accuracy":0.9152666666666667,"f1":0.9147768639302379,"accuracy_stderr":0.003797074897572834,"f1_stderr":0.003812227344140785,"main_score":0.9152666666666667}},"main_score":"accuracy"}