{"task_name":"Massive Scenario","task_description":"MASSIVE: A 1M-Example Multilingual Natural Language Understanding Dataset with 51 Typologically-Diverse Languages","task_version":"1.1.1","time_of_run":"2025-01-08T15:57:52.452053","scores":{"da":{"accuracy":0.7639878950907868,"f1":0.7549590316797163,"accuracy_stderr":0.018945061414921714,"f1_stderr":0.01563931218307498,"main_score":0.7639878950907868},"nb":{"accuracy":0.745191661062542,"f1":0.7370869546479647,"accuracy_stderr":0.01784824925642733,"f1_stderr":0.016000878893894767,"main_score":0.745191661062542},"sv":{"accuracy":0.7878614660390046,"f1":0.7834541117913246,"accuracy_stderr":0.011897127639496529,"f1_stderr":0.010368078904777811,"main_score":0.7878614660390046}},"main_score":"accuracy"}