{"task_name":"Massive Intent","task_description":"MASSIVE: A 1M-Example Multilingual Natural Language Understanding Dataset with 51 Typologically-Diverse Languages","task_version":"1.1.1","time_of_run":"2025-01-08T15:53:26.881916","scores":{"da":{"accuracy":0.7046065904505716,"f1":0.6630515086659986,"accuracy_stderr":0.009887334081768307,"f1_stderr":0.007792066638382989,"main_score":0.7046065904505716},"nb":{"accuracy":0.6851714862138534,"f1":0.6461907284857129,"accuracy_stderr":0.017535265687043017,"f1_stderr":0.015027518179561987,"main_score":0.6851714862138534},"sv":{"accuracy":0.7294889038332213,"f1":0.6884634476850932,"accuracy_stderr":0.01018918633120495,"f1_stderr":0.009485017258757871,"main_score":0.7294889038332213}},"main_score":"accuracy"}