{"task_name":"Massive Intent","task_description":"MASSIVE: A 1M-Example Multilingual Natural Language Understanding Dataset with 51 Typologically-Diverse Languages","task_version":"1.1.1","time_of_run":"2025-01-15T15:48:57.580383","scores":{"da":{"accuracy":0.7034969737726967,"f1":0.6618144509830617,"accuracy_stderr":0.009887962990667932,"f1_stderr":0.008492930567381474,"main_score":0.7034969737726967},"nb":{"accuracy":0.6838601210490921,"f1":0.644050103826705,"accuracy_stderr":0.01833754531344267,"f1_stderr":0.01498523652424286,"main_score":0.6838601210490921},"sv":{"accuracy":0.728345662407532,"f1":0.6869662405225486,"accuracy_stderr":0.008413513955440207,"f1_stderr":0.007455634168018683,"main_score":0.728345662407532}},"main_score":"accuracy"}