{"task_name":"Massive Scenario","task_description":"MASSIVE: A 1M-Example Multilingual Natural Language Understanding Dataset with 51 Typologically-Diverse Languages","task_version":"1.1.1","time_of_run":"2025-01-15T15:50:35.856467","scores":{"da":{"accuracy":0.7621385339609954,"f1":0.7528745905095938,"accuracy_stderr":0.0186338146978743,"f1_stderr":0.01600582843220272,"main_score":0.7621385339609954},"nb":{"accuracy":0.744418291862811,"f1":0.7366591083149334,"accuracy_stderr":0.01752455921437727,"f1_stderr":0.015639604904654665,"main_score":0.744418291862811},"sv":{"accuracy":0.7863483523873571,"f1":0.7824855298169725,"accuracy_stderr":0.01089068156793474,"f1_stderr":0.009986825410521904,"main_score":0.7863483523873571}},"main_score":"accuracy"}