{"task_name":"NorQuad","task_description":"Human-created question for Norwegian wikipedia passages.","task_version":"0.0.1","time_of_run":"2025-01-15T15:58:39.294547","scores":{"nb":{"ndcg_at_1":0.20898,"ndcg_at_3":0.15347,"ndcg_at_5":0.15963,"ndcg_at_10":0.1661,"ndcg_at_100":0.18831,"ndcg_at_1000":0.25703,"map_at_1":0.10449,"map_at_3":0.1241,"map_at_5":0.12769,"map_at_10":0.13021,"map_at_100":0.13389,"map_at_1000":0.13577,"recall_at_1":0.10449,"recall_at_3":0.13916,"recall_at_5":0.15137,"recall_at_10":0.16748,"recall_at_100":0.26025,"recall_at_1000":0.74658,"precision_at_1":0.20898,"precision_at_3":0.09277,"precision_at_5":0.06055,"precision_at_10":0.0335,"precision_at_100":0.00521,"precision_at_1000":0.00149,"mrr_at_1":0.20898,"mrr_at_3":0.23291,"mrr_at_5":0.23687,"mrr_at_10":0.2407,"mrr_at_100":0.24561,"mrr_at_1000":0.24725}},"main_score":"ndcg_at_10"}