{"task_name":"Norwegian courts","task_description":"Nynorsk and Bokmål parallel corpus from Norwegian courts. Norway has two standardised written languages. Bokmål is a variant closer to Danish, while Nynorsk was created to resemble regional dialects of Norwegian.","task_version":"1.1.1","time_of_run":"2025-01-15T15:53:38.375501","scores":{"nb":{"precision":0.9283625730994153,"recall":0.9429824561403509,"f1":0.932748538011696,"accuracy":0.9429824561403509,"main_score":0.932748538011696},"nn":{"precision":0.9283625730994153,"recall":0.9429824561403509,"f1":0.932748538011696,"accuracy":0.9429824561403509,"main_score":0.932748538011696}},"main_score":"f1"}