{"task_name":"ScaLA","task_description":"A linguistic acceptability task for Danish, Norwegian Bokmål Norwegian Nynorsk and Swedish.","task_version":"1.1.1","time_of_run":"2025-01-08T16:03:53.525203","scores":{"da":{"accuracy":0.57900390625,"f1":0.5747025161885204,"ap":0.5476315863095047,"accuracy_stderr":0.02635524903337717,"f1_stderr":0.02639601161247727,"ap_stderr":0.0176337132585594,"main_score":0.57900390625},"nb":{"accuracy":0.55751953125,"f1":0.5544441857129766,"ap":0.5336356414380414,"accuracy_stderr":0.03758421025800294,"f1_stderr":0.037596318296901826,"ap_stderr":0.023117258487844728,"main_score":0.55751953125},"sv":{"accuracy":0.574072265625,"f1":0.5713042244469807,"ap":0.542544959849178,"accuracy_stderr":0.019323911684093833,"f1_stderr":0.022732136473526187,"ap_stderr":0.012297062195897136,"main_score":0.574072265625},"nn":{"accuracy":0.541162109375,"f1":0.5378246003645042,"ap":0.5229866723191509,"accuracy_stderr":0.023563352291164127,"f1_stderr":0.02448022471865022,"ap_stderr":0.013848903474065475,"main_score":0.541162109375}},"main_score":"accuracy"}