{"task_name":"SNL Retrieval","task_description":"Webscrabed articles and ingresses from the Norwegian lexicon 'Det Store Norske Leksikon'.","task_version":"0.0.1","time_of_run":"2025-01-15T15:58:19.703614","scores":{"nb":{"ndcg_at_1":0.61385,"ndcg_at_3":0.69061,"ndcg_at_5":0.71084,"ndcg_at_10":0.72846,"ndcg_at_100":0.7501,"ndcg_at_1000":0.75567,"map_at_1":0.61385,"map_at_3":0.67192,"map_at_5":0.68312,"map_at_10":0.69051,"map_at_100":0.69453,"map_at_1000":0.69474,"recall_at_1":0.61385,"recall_at_3":0.74462,"recall_at_5":0.79385,"recall_at_10":0.84769,"recall_at_100":0.95385,"recall_at_1000":0.99769,"precision_at_1":0.61385,"precision_at_3":0.24821,"precision_at_5":0.15877,"precision_at_10":0.08477,"precision_at_100":0.00954,"precision_at_1000":0.001,"mrr_at_1":0.61385,"mrr_at_3":0.67192,"mrr_at_5":0.68312,"mrr_at_10":0.69051,"mrr_at_100":0.69453,"mrr_at_1000":0.69474}},"main_score":"ndcg_at_10"}