{"task_name":"SwednRetrieval","task_description":"News Article Summary Semantic Similarity Estimation.","task_version":"0.0.1","time_of_run":"2025-01-15T16:02:46.635921","scores":{"sv":{"ndcg_at_1":0.66797,"ndcg_at_3":0.59276,"ndcg_at_5":0.62904,"ndcg_at_10":0.66312,"ndcg_at_100":0.70771,"ndcg_at_1000":0.7197,"map_at_1":0.33398,"map_at_3":0.52987,"map_at_5":0.55787,"map_at_10":0.57802,"map_at_100":0.59105,"map_at_1000":0.59166,"recall_at_1":0.33398,"recall_at_3":0.58545,"recall_at_5":0.65723,"recall_at_10":0.74316,"recall_at_100":0.91406,"recall_at_1000":0.99219,"precision_at_1":0.66797,"precision_at_3":0.3903,"precision_at_5":0.26289,"precision_at_10":0.14863,"precision_at_100":0.01828,"precision_at_1000":0.00198,"mrr_at_1":0.66797,"mrr_at_3":0.73193,"mrr_at_5":0.74165,"mrr_at_10":0.74725,"mrr_at_100":0.75079,"mrr_at_1000":0.75094}},"main_score":"ndcg_at_10"}