{"task_name":"SweFAQ","task_description":"A Swedish QA dataset derived from FAQ","task_version":"0.0.1","time_of_run":"2025-01-15T16:01:15.304536","scores":{"sv":{"ndcg_at_1":0.46004,"ndcg_at_3":0.60064,"ndcg_at_5":0.63839,"ndcg_at_10":0.66676,"ndcg_at_100":0.68972,"ndcg_at_1000":0.69247,"map_at_1":0.46004,"map_at_3":0.56693,"map_at_5":0.58788,"map_at_10":0.5996,"map_at_100":0.60487,"map_at_1000":0.60497,"recall_at_1":0.46004,"recall_at_3":0.69786,"recall_at_5":0.78947,"recall_at_10":0.87719,"recall_at_100":0.97856,"recall_at_1000":1.0,"precision_at_1":0.46004,"precision_at_3":0.23262,"precision_at_5":0.15789,"precision_at_10":0.08772,"precision_at_100":0.00979,"precision_at_1000":0.001,"mrr_at_1":0.46004,"mrr_at_3":0.56693,"mrr_at_5":0.58788,"mrr_at_10":0.5996,"mrr_at_100":0.60487,"mrr_at_1000":0.60497}},"main_score":"ndcg_at_10"}