{"task_name":"TV2Nord Retrieval","task_description":"News Article and corresponding summaries extracted from the Danish newspaper TV2 Nord.","task_version":"1.1.1","time_of_run":"2025-01-08T15:44:49.811880","scores":{"da":{"ndcg_at_1":0.82861,"ndcg_at_3":0.88031,"ndcg_at_5":0.88978,"ndcg_at_10":0.89889,"ndcg_at_100":0.90523,"ndcg_at_1000":0.90582,"map_at_1":0.82861,"map_at_3":0.86792,"map_at_5":0.87319,"map_at_10":0.87701,"map_at_100":0.87842,"map_at_1000":0.87845,"recall_at_1":0.82861,"recall_at_3":0.91602,"recall_at_5":0.93896,"recall_at_10":0.9668,"recall_at_100":0.99512,"recall_at_1000":0.99951,"precision_at_1":0.82861,"precision_at_3":0.30534,"precision_at_5":0.18779,"precision_at_10":0.09668,"precision_at_100":0.00995,"precision_at_1000":0.001,"mrr_at_1":0.82861,"mrr_at_3":0.86792,"mrr_at_5":0.87319,"mrr_at_10":0.87701,"mrr_at_100":0.87842,"mrr_at_1000":0.87845}},"main_score":"ndcg_at_10"}