{"task_name":"TV2Nord Retrieval","task_description":"News Article and corresponding summaries extracted from the Danish newspaper TV2 Nord.","task_version":"1.1.1","time_of_run":"2025-01-15T15:45:36.825745","scores":{"da":{"ndcg_at_1":0.82812,"ndcg_at_3":0.88013,"ndcg_at_5":0.88983,"ndcg_at_10":0.89893,"ndcg_at_100":0.90512,"ndcg_at_1000":0.90571,"map_at_1":0.82812,"map_at_3":0.86768,"map_at_5":0.8731,"map_at_10":0.87691,"map_at_100":0.87827,"map_at_1000":0.87829,"recall_at_1":0.82812,"recall_at_3":0.91602,"recall_at_5":0.93945,"recall_at_10":0.96729,"recall_at_100":0.99512,"recall_at_1000":0.99951,"precision_at_1":0.82812,"precision_at_3":0.30534,"precision_at_5":0.18789,"precision_at_10":0.09673,"precision_at_100":0.00995,"precision_at_1000":0.001,"mrr_at_1":0.82812,"mrr_at_3":0.86768,"mrr_at_5":0.8731,"mrr_at_10":0.87691,"mrr_at_100":0.87827,"mrr_at_1000":0.87829}},"main_score":"ndcg_at_10"}