{"task_name":"Twitterhjerne","task_description":"Danish question asked on Twitter with the Hashtag #Twitterhjerne ('Twitter brain') and their corresponding answer.","task_version":"1.1.1","time_of_run":"2025-01-08T15:45:00.578828","scores":{"da":{"ndcg_at_1":0.60256,"ndcg_at_3":0.53091,"ndcg_at_5":0.54055,"ndcg_at_10":0.55691,"ndcg_at_100":0.6345,"ndcg_at_1000":0.66467,"map_at_1":0.18782,"map_at_3":0.37422,"map_at_5":0.44187,"map_at_10":0.45686,"map_at_100":0.48618,"map_at_1000":0.48869,"recall_at_1":0.18782,"recall_at_3":0.41346,"recall_at_5":0.53205,"recall_at_10":0.57201,"recall_at_100":0.82585,"recall_at_1000":0.98718,"precision_at_1":0.60256,"precision_at_3":0.46154,"precision_at_5":0.36667,"precision_at_10":0.19872,"precision_at_100":0.02872,"precision_at_1000":0.00336,"mrr_at_1":0.60256,"mrr_at_3":0.68162,"mrr_at_5":0.69701,"mrr_at_10":0.70128,"mrr_at_100":0.70475,"mrr_at_1000":0.70498}},"main_score":"ndcg_at_10"}