{"task_name":"Bornholm Parallel","task_description":"Danish Bornholmsk Parallel Corpus. Bornholmsk is a Danish dialect spoken on the island of Bornholm, Denmark. Historically it is a part of east Danish which was also spoken in Scania and Halland, Sweden.","task_version":"1.0.3.dev0","time_of_run":"2023-07-27T23:11:44.433525","scores":{"da":{"precision":0.09182183886421494,"recall":0.132,"f1":0.09876539201539201,"accuracy":0.132,"main_score":0.09876539201539201},"da-bornholm":{"precision":0.09182183886421494,"recall":0.132,"f1":0.09876539201539201,"accuracy":0.132,"main_score":0.09876539201539201}},"main_score":"f1"}