{"task_name":"DanFEVER","task_description":"A Danish dataset intended for misinformation research. It follows the same format as the English FEVER dataset.","task_version":"1.1.1","time_of_run":"2024-01-30T14:11:42.066996","scores":{"da":{"ndcg_at_1":0.1759,"ndcg_at_3":0.19865,"ndcg_at_5":0.2058,"ndcg_at_10":0.21466,"ndcg_at_100":0.23378,"ndcg_at_1000":0.24459,"map_at_1":0.1759,"map_at_3":0.19311,"map_at_5":0.1971,"map_at_10":0.20074,"map_at_100":0.2042,"map_at_1000":0.20455,"recall_at_1":0.1759,"recall_at_3":0.21466,"recall_at_5":0.23192,"recall_at_10":0.25938,"recall_at_100":0.35431,"recall_at_1000":0.44273,"precision_at_1":0.1759,"precision_at_3":0.07155,"precision_at_5":0.04638,"precision_at_10":0.02594,"precision_at_100":0.00354,"precision_at_1000":0.00044,"mrr_at_1":0.1759,"mrr_at_3":0.19311,"mrr_at_5":0.1971,"mrr_at_10":0.20074,"mrr_at_100":0.2042,"mrr_at_1000":0.20455}},"main_score":"ndcg_at_10"}