{"task_name":"Language Identification","task_description":"A dataset for Nordic language identification.","task_version":"1.0.3.dev0","time_of_run":"2023-07-27T23:22:18.236776","scores":{"da":{"accuracy":0.8468666666666668,"f1":0.8471019434920242,"accuracy_stderr":0.0099802026254202,"f1_stderr":0.009793587373515725,"main_score":0.8468666666666668},"sv":{"accuracy":0.8468666666666668,"f1":0.8471019434920242,"accuracy_stderr":0.0099802026254202,"f1_stderr":0.009793587373515725,"main_score":0.8468666666666668},"nb":{"accuracy":0.8468666666666668,"f1":0.8471019434920242,"accuracy_stderr":0.0099802026254202,"f1_stderr":0.009793587373515725,"main_score":0.8468666666666668},"nn":{"accuracy":0.8468666666666668,"f1":0.8471019434920242,"accuracy_stderr":0.0099802026254202,"f1_stderr":0.009793587373515725,"main_score":0.8468666666666668},"is":{"accuracy":0.8468666666666668,"f1":0.8471019434920242,"accuracy_stderr":0.0099802026254202,"f1_stderr":0.009793587373515725,"main_score":0.8468666666666668},"fo":{"accuracy":0.8468666666666668,"f1":0.8471019434920242,"accuracy_stderr":0.0099802026254202,"f1_stderr":0.009793587373515725,"main_score":0.8468666666666668}},"main_score":"accuracy"}