{"task_name":"Massive Intent","task_description":"MASSIVE: A 1M-Example Multilingual Natural Language Understanding Dataset with 51 Typologically-Diverse Languages","task_version":"1.0.3.dev0","time_of_run":"2023-07-27T23:16:52.223325","scores":{"da":{"accuracy":0.5669468728984534,"f1":0.5323365421837685,"accuracy_stderr":0.011940762950616142,"f1_stderr":0.011739919936215938,"main_score":0.5669468728984534},"nb":{"accuracy":0.6066913248150639,"f1":0.5711065956384204,"accuracy_stderr":0.01495379146579084,"f1_stderr":0.010880838723287366,"main_score":0.6066913248150639},"sv":{"accuracy":0.5389038332212508,"f1":0.5056225089127879,"accuracy_stderr":0.011694501665842556,"f1_stderr":0.006644765457372844,"main_score":0.5389038332212508}},"main_score":"accuracy"}