{"task_name":"Massive Scenario","task_description":"MASSIVE: A 1M-Example Multilingual Natural Language Understanding Dataset with 51 Typologically-Diverse Languages","task_version":"1.0.3.dev0","time_of_run":"2023-07-27T23:18:39.406556","scores":{"da":{"accuracy":0.6192669804976463,"f1":0.6079566761576601,"accuracy_stderr":0.020088387922951534,"f1_stderr":0.018480298509820116,"main_score":0.6192669804976463},"nb":{"accuracy":0.6731002017484868,"f1":0.6660561469371957,"accuracy_stderr":0.016653451974664585,"f1_stderr":0.0156676777743156,"main_score":0.6731002017484868},"sv":{"accuracy":0.5537323470073974,"f1":0.5385609530945743,"accuracy_stderr":0.014555127617509366,"f1_stderr":0.013419274514718067,"main_score":0.5537323470073974}},"main_score":"accuracy"}