{"task_name":"NorQuad","task_description":"Human-created question for Norwegian wikipedia passages.","task_version":"0.0.1","time_of_run":"2024-01-30T14:18:51.454800","scores":{"nb":{"ndcg_at_1":0.09375,"ndcg_at_3":0.08845,"ndcg_at_5":0.09647,"ndcg_at_10":0.10836,"ndcg_at_100":0.13787,"ndcg_at_1000":0.20499,"map_at_1":0.04688,"map_at_3":0.066,"map_at_5":0.06969,"map_at_10":0.07373,"map_at_100":0.07785,"map_at_1000":0.07949,"recall_at_1":0.04688,"recall_at_3":0.08984,"recall_at_5":0.10547,"recall_at_10":0.13525,"recall_at_100":0.25928,"recall_at_1000":0.74609,"precision_at_1":0.09375,"precision_at_3":0.0599,"precision_at_5":0.04219,"precision_at_10":0.02705,"precision_at_100":0.00519,"precision_at_1000":0.00149,"mrr_at_1":0.09375,"mrr_at_3":0.132,"mrr_at_5":0.13937,"mrr_at_10":0.14745,"mrr_at_100":0.15497,"mrr_at_1000":0.15651}},"main_score":"ndcg_at_10"}