{"task_name":"ScaLA","task_description":"A linguistic acceptability task for Danish, Norwegian Bokmål Norwegian Nynorsk and Swedish.","task_version":"1.1.1.dev0","time_of_run":"2023-09-13T15:47:37.201993","scores":{"da":{"accuracy":0.5798828125,"f1":0.5728864530560204,"ap":0.5467524352522081,"accuracy_stderr":0.020793214953102792,"f1_stderr":0.025517024495058493,"ap_stderr":0.013834406657981496,"main_score":0.5798828125},"nb":{"accuracy":0.622509765625,"f1":0.6206591229885107,"ap":0.5768603526239042,"accuracy_stderr":0.019686213860054425,"f1_stderr":0.019748952426219338,"ap_stderr":0.01584335022223278,"main_score":0.622509765625},"sv":{"accuracy":0.557666015625,"f1":0.5552202911007053,"ap":0.5324043067146238,"accuracy_stderr":0.016469560809507233,"f1_stderr":0.018174254415336984,"ap_stderr":0.009872562820345834,"main_score":0.557666015625},"nn":{"accuracy":0.58994140625,"f1":0.5875364313281968,"ap":0.553731453333792,"accuracy_stderr":0.02931786357553683,"f1_stderr":0.028923778042822167,"ap_stderr":0.019299275776242898,"main_score":0.58994140625}},"main_score":"accuracy"}