{"task_name":"SNL Retrieval","task_description":"Webscrabed articles and ingresses from the Norwegian lexicon 'Det Store Norske Leksikon'.","task_version":"0.0.1","time_of_run":"2024-01-30T14:18:32.349460","scores":{"nb":{"ndcg_at_1":0.14385,"ndcg_at_3":0.19462,"ndcg_at_5":0.21038,"ndcg_at_10":0.22727,"ndcg_at_100":0.27474,"ndcg_at_1000":0.32599,"map_at_1":0.14385,"map_at_3":0.18167,"map_at_5":0.19036,"map_at_10":0.19731,"map_at_100":0.20607,"map_at_1000":0.20756,"recall_at_1":0.14385,"recall_at_3":0.23231,"recall_at_5":0.27077,"recall_at_10":0.32308,"recall_at_100":0.55769,"recall_at_1000":0.98692,"precision_at_1":0.14385,"precision_at_3":0.07744,"precision_at_5":0.05415,"precision_at_10":0.03231,"precision_at_100":0.00558,"precision_at_1000":0.00099,"mrr_at_1":0.14385,"mrr_at_3":0.18167,"mrr_at_5":0.19036,"mrr_at_10":0.19731,"mrr_at_100":0.20607,"mrr_at_1000":0.20756}},"main_score":"ndcg_at_10"}