{"task_name":"SwednRetrieval","task_description":"News Article Summary Semantic Similarity Estimation.","task_version":"0.0.1","time_of_run":"2024-01-30T14:20:52.248179","scores":{"sv":{"ndcg_at_1":0.2002,"ndcg_at_3":0.15832,"ndcg_at_5":0.16692,"ndcg_at_10":0.18012,"ndcg_at_100":0.20615,"ndcg_at_1000":0.23455,"map_at_1":0.1001,"map_at_3":0.12207,"map_at_5":0.12595,"map_at_10":0.13041,"map_at_100":0.1344,"map_at_1000":0.13498,"recall_at_1":0.1001,"recall_at_3":0.14941,"recall_at_5":0.1665,"recall_at_10":0.19971,"recall_at_100":0.30371,"recall_at_1000":0.50732,"precision_at_1":0.2002,"precision_at_3":0.09961,"precision_at_5":0.0666,"precision_at_10":0.03994,"precision_at_100":0.00607,"precision_at_1000":0.00101,"mrr_at_1":0.2002,"mrr_at_3":0.24414,"mrr_at_5":0.2519,"mrr_at_10":0.26082,"mrr_at_100":0.26865,"mrr_at_1000":0.26972}},"main_score":"ndcg_at_10"}