{"task_name":"SweFAQ","task_description":"A Swedish QA dataset derived from FAQ","task_version":"0.0.1","time_of_run":"2023-09-04T19:37:20.894304","scores":{"sv":{"ndcg_at_1":0.15789,"ndcg_at_3":0.21526,"ndcg_at_5":0.23933,"ndcg_at_10":0.25645,"ndcg_at_100":0.31387,"ndcg_at_1000":0.35666,"map_at_1":0.15789,"map_at_3":0.20078,"map_at_5":0.21413,"map_at_10":0.22125,"map_at_100":0.23141,"map_at_1000":0.23282,"recall_at_1":0.15789,"recall_at_3":0.25731,"recall_at_5":0.31579,"recall_at_10":0.36842,"recall_at_100":0.65497,"recall_at_1000":1.0,"precision_at_1":0.15789,"precision_at_3":0.08577,"precision_at_5":0.06316,"precision_at_10":0.03684,"precision_at_100":0.00655,"precision_at_1000":0.001,"mrr_at_1":0.15789,"mrr_at_3":0.20078,"mrr_at_5":0.21413,"mrr_at_10":0.22125,"mrr_at_100":0.23141,"mrr_at_1000":0.23282}},"main_score":"ndcg_at_10"}