{"task_name":"TV2Nord Retrieval","task_description":"News Article and corresponding summaries extracted from the Danish newspaper TV2 Nord.","task_version":"1.1.1","time_of_run":"2024-01-30T14:14:14.558203","scores":{"da":{"ndcg_at_1":0.06494,"ndcg_at_3":0.0817,"ndcg_at_5":0.08637,"ndcg_at_10":0.09282,"ndcg_at_100":0.11007,"ndcg_at_1000":0.14805,"map_at_1":0.06494,"map_at_3":0.07739,"map_at_5":0.08,"map_at_10":0.08265,"map_at_100":0.08566,"map_at_1000":0.08646,"recall_at_1":0.06494,"recall_at_3":0.09424,"recall_at_5":0.10547,"recall_at_10":0.12549,"recall_at_100":0.21289,"recall_at_1000":0.55371,"precision_at_1":0.06494,"precision_at_3":0.03141,"precision_at_5":0.02109,"precision_at_10":0.01255,"precision_at_100":0.00213,"precision_at_1000":0.00055,"mrr_at_1":0.06494,"mrr_at_3":0.07739,"mrr_at_5":0.08,"mrr_at_10":0.08265,"mrr_at_100":0.08566,"mrr_at_1000":0.08646}},"main_score":"ndcg_at_10"}