{"task_name":"Twitterhjerne","task_description":"Danish question asked on Twitter with the Hashtag #Twitterhjerne ('Twitter brain') and their corresponding answer.","task_version":"1.1.1","time_of_run":"2024-01-30T14:14:21.860481","scores":{"da":{"ndcg_at_1":0.23077,"ndcg_at_3":0.17414,"ndcg_at_5":0.18778,"ndcg_at_10":0.21138,"ndcg_at_100":0.30931,"ndcg_at_1000":0.3861,"map_at_1":0.06624,"map_at_3":0.10121,"map_at_5":0.12258,"map_at_10":0.13395,"map_at_100":0.15832,"map_at_1000":0.16424,"recall_at_1":0.06624,"recall_at_3":0.12628,"recall_at_5":0.19188,"recall_at_10":0.24893,"recall_at_100":0.58141,"recall_at_1000":0.98718,"precision_at_1":0.23077,"precision_at_3":0.14957,"precision_at_5":0.13077,"precision_at_10":0.08205,"precision_at_100":0.02038,"precision_at_1000":0.00336,"mrr_at_1":0.23077,"mrr_at_3":0.27991,"mrr_at_5":0.30299,"mrr_at_10":0.31242,"mrr_at_100":0.32504,"mrr_at_1000":0.32567}},"main_score":"ndcg_at_10"}