{"task_name":"Bornholm Parallel","task_description":"Danish Bornholmsk Parallel Corpus. Bornholmsk is a Danish dialect spoken on the island of Bornholm, Denmark. Historically it is a part of east Danish which was also spoken in Scania and Halland, Sweden.","task_version":"1.0.3.dev0","time_of_run":"2023-07-31T11:33:30.498759","scores":{"da":{"precision":0.17640476190476193,"recall":0.256,"f1":0.19671528822055137,"accuracy":0.256,"main_score":0.19671528822055137},"da-bornholm":{"precision":0.17640476190476193,"recall":0.256,"f1":0.19671528822055137,"accuracy":0.256,"main_score":0.19671528822055137}},"main_score":"f1"}