{"task_name":"DanFEVER","task_description":"A Danish dataset intended for misinformation research. It follows the same format as the English FEVER dataset.","task_version":"1.1.1","time_of_run":"2024-01-30T11:02:12.280674","scores":{"da":{"ndcg_at_1":0.27664,"ndcg_at_3":0.34942,"ndcg_at_5":0.35841,"ndcg_at_10":0.36542,"ndcg_at_100":0.37339,"ndcg_at_1000":0.37403,"map_at_1":0.27656,"map_at_3":0.33252,"map_at_5":0.33752,"map_at_10":0.34042,"map_at_100":0.34215,"map_at_1000":0.34218,"recall_at_1":0.27656,"recall_at_3":0.39793,"recall_at_5":0.41966,"recall_at_10":0.44131,"recall_at_100":0.47748,"recall_at_1000":0.4825,"precision_at_1":0.27664,"precision_at_3":0.1327,"precision_at_5":0.08398,"precision_at_10":0.04417,"precision_at_100":0.00478,"precision_at_1000":0.00048,"mrr_at_1":0.27742,"mrr_at_3":0.33281,"mrr_at_5":0.33783,"mrr_at_10":0.34072,"mrr_at_100":0.34245,"mrr_at_1000":0.34247}},"main_score":"ndcg_at_10"}