{"task_name":"Language Identification","task_description":"A dataset for Nordic language identification.","task_version":"1.0.3.dev0","time_of_run":"2023-07-31T11:38:34.547835","scores":{"da":{"accuracy":0.4253333333333333,"f1":0.42104006055518506,"accuracy_stderr":0.010717586793054982,"f1_stderr":0.010497866908361114,"main_score":0.4253333333333333},"sv":{"accuracy":0.4253333333333333,"f1":0.42104006055518506,"accuracy_stderr":0.010717586793054982,"f1_stderr":0.010497866908361114,"main_score":0.4253333333333333},"nb":{"accuracy":0.4253333333333333,"f1":0.42104006055518506,"accuracy_stderr":0.010717586793054982,"f1_stderr":0.010497866908361114,"main_score":0.4253333333333333},"nn":{"accuracy":0.4253333333333333,"f1":0.42104006055518506,"accuracy_stderr":0.010717586793054982,"f1_stderr":0.010497866908361114,"main_score":0.4253333333333333},"is":{"accuracy":0.4253333333333333,"f1":0.42104006055518506,"accuracy_stderr":0.010717586793054982,"f1_stderr":0.010497866908361114,"main_score":0.4253333333333333},"fo":{"accuracy":0.4253333333333333,"f1":0.42104006055518506,"accuracy_stderr":0.010717586793054982,"f1_stderr":0.010497866908361114,"main_score":0.4253333333333333}},"main_score":"accuracy"}