{"task_name":"Massive Scenario","task_description":"MASSIVE: A 1M-Example Multilingual Natural Language Understanding Dataset with 51 Typologically-Diverse Languages","task_version":"1.0.3.dev0","time_of_run":"2023-07-31T11:36:51.26379","scores":{"da":{"accuracy":0.6686953597848017,"f1":0.6625246153454784,"accuracy_stderr":0.013017642091446834,"f1_stderr":0.011739866130355563,"main_score":0.6686953597848017},"nb":{"accuracy":0.6425016812373907,"f1":0.6393095258431323,"accuracy_stderr":0.019436035003297384,"f1_stderr":0.015519757775818235,"main_score":0.6425016812373907},"sv":{"accuracy":0.6713517148621385,"f1":0.6637867671764992,"accuracy_stderr":0.007875946723312635,"f1_stderr":0.008424364811900611,"main_score":0.6713517148621385}},"main_score":"accuracy"}