{"task_name":"Massive Intent","task_description":"MASSIVE: A 1M-Example Multilingual Natural Language Understanding Dataset with 51 Typologically-Diverse Languages","task_version":"1.0.3.dev0","time_of_run":"2023-07-31T11:35:58.387057","scores":{"da":{"accuracy":0.5772024209818427,"f1":0.5527844433247312,"accuracy_stderr":0.0101991126931784,"f1_stderr":0.013982726023235116,"main_score":0.5772024209818427},"nb":{"accuracy":0.5550100874243443,"f1":0.5377361727083334,"accuracy_stderr":0.012446789833231229,"f1_stderr":0.01362732032794397,"main_score":0.5550100874243443},"sv":{"accuracy":0.5942501681237391,"f1":0.5718810835950179,"accuracy_stderr":0.01199612065539809,"f1_stderr":0.012591093748023804,"main_score":0.5942501681237391}},"main_score":"accuracy"}