{"task_name":"NorQuad","task_description":"Human-created question for Norwegian wikipedia passages.","task_version":"0.0.1","time_of_run":"2024-01-30T11:04:26.617506","scores":{"nb":{"ndcg_at_1":0.37109,"ndcg_at_3":0.30143,"ndcg_at_5":0.32215,"ndcg_at_10":0.34659,"ndcg_at_100":0.40987,"ndcg_at_1000":0.45816,"map_at_1":0.18555,"map_at_3":0.24382,"map_at_5":0.25627,"map_at_10":0.26749,"map_at_100":0.28108,"map_at_1000":0.28337,"recall_at_1":0.18555,"recall_at_3":0.28906,"recall_at_5":0.33008,"recall_at_10":0.39209,"recall_at_100":0.64795,"recall_at_1000":0.96973,"precision_at_1":0.37109,"precision_at_3":0.19271,"precision_at_5":0.13203,"precision_at_10":0.07842,"precision_at_100":0.01296,"precision_at_1000":0.00194,"mrr_at_1":0.37109,"mrr_at_3":0.43587,"mrr_at_5":0.44847,"mrr_at_10":0.45862,"mrr_at_100":0.46887,"mrr_at_1000":0.46938}},"main_score":"ndcg_at_10"}