{"task_name":"Norwegian courts","task_description":"Nynorsk and Bokmål parallel corpus from Norwegian courts. Norway has two standardised written languages. Bokmål is a variant closer to Danish, while Nynorsk was created to resemble regional dialects of Norwegian.","task_version":"1.1.1","time_of_run":"2024-01-30T11:03:00.445184","scores":{"nb":{"precision":0.8073830409356726,"recall":0.8596491228070176,"f1":0.8241228070175439,"accuracy":0.8596491228070176,"main_score":0.8241228070175439},"nn":{"precision":0.8073830409356726,"recall":0.8596491228070176,"f1":0.8241228070175439,"accuracy":0.8596491228070176,"main_score":0.8241228070175439}},"main_score":"f1"}