{
    "task_name": "ScaLA",
    "task_description": "A linguistic acceptability task for Danish, Norwegian Bokmål Norwegian Nynorsk and Swedish.",
    "task_version": "1.0.3.dev0",
    "time_of_run": "2023-07-31T11:38:04.551647",
    "scores": {
        "da": {
            "accuracy": 0.499169921875,
            "f1": 0.4941248680131377,
            "ap": 0.4995928806833481,
            "accuracy_stderr": 0.002736553958828526,
            "f1_stderr": 0.004677527075963332,
            "ap_stderr": 0.00135958840907401,
            "main_score": 0.499169921875
        },
        "nb": {
            "accuracy": 0.50185546875,
            "f1": 0.49709017306024006,
            "ap": 0.5009454476875702,
            "accuracy_stderr": 0.003749287855557122,
            "f1_stderr": 0.0060526189643126055,
            "ap_stderr": 0.00188996728561891,
            "main_score": 0.50185546875
        },
        "sv": {
            "accuracy": 0.499560546875,
            "f1": 0.4961635072926544,
            "ap": 0.49979020803267254,
            "accuracy_stderr": 0.0032052233266164666,
            "f1_stderr": 0.0042516182801659265,
            "ap_stderr": 0.0015925475134142984,
            "main_score": 0.499560546875
        },
        "nn": {
            "accuracy": 0.500390625,
            "f1": 0.49778813816297623,
            "ap": 0.500213558270544,
            "accuracy_stderr": 0.0043607643675324425,
            "f1_stderr": 0.004148006783726859,
            "ap_stderr": 0.0021832183309978227,
            "main_score": 0.500390625
        }
    },
    "main_score": "accuracy"
}