{"task_name":"SNL Retrieval","task_description":"Webscrabed articles and ingresses from the Norwegian lexicon 'Det Store Norske Leksikon'.","task_version":"0.0.1","time_of_run":"2024-01-30T11:04:11.643563","scores":{"nb":{"ndcg_at_1":0.40846,"ndcg_at_3":0.48642,"ndcg_at_5":0.50515,"ndcg_at_10":0.5212,"ndcg_at_100":0.56266,"ndcg_at_1000":0.58146,"map_at_1":0.40846,"map_at_3":0.46782,"map_at_5":0.47824,"map_at_10":0.4848,"map_at_100":0.49241,"map_at_1000":0.49307,"recall_at_1":0.40846,"recall_at_3":0.54,"recall_at_5":0.58538,"recall_at_10":0.63538,"recall_at_100":0.83923,"recall_at_1000":0.99,"precision_at_1":0.40846,"precision_at_3":0.18,"precision_at_5":0.11708,"precision_at_10":0.06354,"precision_at_100":0.00839,"precision_at_1000":0.00099,"mrr_at_1":0.40846,"mrr_at_3":0.46782,"mrr_at_5":0.47824,"mrr_at_10":0.4848,"mrr_at_100":0.49241,"mrr_at_1000":0.49307}},"main_score":"ndcg_at_10"}