{"task_name":"SwednRetrieval","task_description":"News Article Summary Semantic Similarity Estimation.","task_version":"0.0.1","time_of_run":"2024-01-30T11:04:59.837976","scores":{"sv":{"ndcg_at_1":0.49414,"ndcg_at_3":0.45999,"ndcg_at_5":0.4947,"ndcg_at_10":0.52755,"ndcg_at_100":0.58305,"ndcg_at_1000":0.60451,"map_at_1":0.24707,"map_at_3":0.40519,"map_at_5":0.4309,"map_at_10":0.4492,"map_at_100":0.46392,"map_at_1000":0.46495,"recall_at_1":0.24707,"recall_at_3":0.46338,"recall_at_5":0.53223,"recall_at_10":0.61475,"recall_at_100":0.83105,"recall_at_1000":0.97168,"precision_at_1":0.49414,"precision_at_3":0.30892,"precision_at_5":0.21289,"precision_at_10":0.12295,"precision_at_100":0.01662,"precision_at_1000":0.00194,"mrr_at_1":0.49414,"mrr_at_3":0.56755,"mrr_at_5":0.57882,"mrr_at_10":0.58668,"mrr_at_100":0.59291,"mrr_at_1000":0.59325}},"main_score":"ndcg_at_10"}