{"task_name":"SweFAQ","task_description":"A Swedish QA dataset derived from FAQ","task_version":"0.0.1","time_of_run":"2023-09-04T19:23:50.254128","scores":{"sv":{"ndcg_at_1":0.39571,"ndcg_at_3":0.49679,"ndcg_at_5":0.53907,"ndcg_at_10":0.56936,"ndcg_at_100":0.60773,"ndcg_at_1000":0.61477,"map_at_1":0.39571,"map_at_3":0.47238,"map_at_5":0.49568,"map_at_10":0.50782,"map_at_100":0.51553,"map_at_1000":0.51585,"recall_at_1":0.39571,"recall_at_3":0.56725,"recall_at_5":0.67057,"recall_at_10":0.76608,"recall_at_100":0.94737,"recall_at_1000":1.0,"precision_at_1":0.39571,"precision_at_3":0.18908,"precision_at_5":0.13411,"precision_at_10":0.07661,"precision_at_100":0.00947,"precision_at_1000":0.001,"mrr_at_1":0.39571,"mrr_at_3":0.47238,"mrr_at_5":0.49568,"mrr_at_10":0.50782,"mrr_at_100":0.51553,"mrr_at_1000":0.51585}},"main_score":"ndcg_at_10"}