{"task_name":"TV2Nord Retrieval","task_description":"News Article and corresponding summaries extracted from the Danish newspaper TV2 Nord.","task_version":"1.1.1","time_of_run":"2024-01-30T11:02:55.165022","scores":{"da":{"ndcg_at_1":0.60693,"ndcg_at_3":0.69364,"ndcg_at_5":0.71396,"ndcg_at_10":0.73343,"ndcg_at_100":0.75643,"ndcg_at_1000":0.76004,"map_at_1":0.60693,"map_at_3":0.67261,"map_at_5":0.68401,"map_at_10":0.69207,"map_at_100":0.69695,"map_at_1000":0.69708,"recall_at_1":0.60693,"recall_at_3":0.75439,"recall_at_5":0.80322,"recall_at_10":0.86328,"recall_at_100":0.96924,"recall_at_1000":0.99805,"precision_at_1":0.60693,"precision_at_3":0.25146,"precision_at_5":0.16064,"precision_at_10":0.08633,"precision_at_100":0.00969,"precision_at_1000":0.001,"mrr_at_1":0.60693,"mrr_at_3":0.67261,"mrr_at_5":0.68401,"mrr_at_10":0.69207,"mrr_at_100":0.69695,"mrr_at_1000":0.69708}},"main_score":"ndcg_at_10"}