{"task_name":"Twitterhjerne","task_description":"Danish question asked on Twitter with the Hashtag #Twitterhjerne ('Twitter brain') and their corresponding answer.","task_version":"1.1.1","time_of_run":"2024-01-30T11:02:58.442659","scores":{"da":{"ndcg_at_1":0.52564,"ndcg_at_3":0.45114,"ndcg_at_5":0.46924,"ndcg_at_10":0.51154,"ndcg_at_100":0.61695,"ndcg_at_1000":0.63024,"map_at_1":0.16667,"map_at_3":0.30865,"map_at_5":0.36791,"map_at_10":0.39837,"map_at_100":0.43457,"map_at_1000":0.43612,"recall_at_1":0.16667,"recall_at_3":0.35684,"recall_at_5":0.46902,"recall_at_10":0.56774,"recall_at_100":0.92137,"recall_at_1000":0.98718,"precision_at_1":0.52564,"precision_at_3":0.39744,"precision_at_5":0.32051,"precision_at_10":0.19487,"precision_at_100":0.03141,"precision_at_1000":0.00336,"mrr_at_1":0.52564,"mrr_at_3":0.60897,"mrr_at_5":0.62885,"mrr_at_10":0.63806,"mrr_at_100":0.64273,"mrr_at_1000":0.64273}},"main_score":"ndcg_at_10"}