{"task_name":"Bornholm Parallel","task_description":"Danish Bornholmsk Parallel Corpus. Bornholmsk is a Danish dialect spoken on the island of Bornholm, Denmark. Historically it is a part of east Danish which was also spoken in Scania and Halland, Sweden.","task_version":"1.0.3.dev0","time_of_run":"2023-07-28T11:15:23.276666","scores":{"da":{"precision":0.03856726388344035,"recall":0.07,"f1":0.044201958647684864,"accuracy":0.07,"main_score":0.044201958647684864},"da-bornholm":{"precision":0.03856726388344035,"recall":0.07,"f1":0.044201958647684864,"accuracy":0.07,"main_score":0.044201958647684864}},"main_score":"f1"}