{"task_name":"DanFEVER","task_description":"A Danish dataset intended for misinformation research. It follows the same format as the English FEVER dataset.","task_version":"1.1.1","time_of_run":"2024-01-30T14:40:57.141715","scores":{"da":{"ndcg_at_1":0.0703,"ndcg_at_3":0.08028,"ndcg_at_5":0.08327,"ndcg_at_10":0.08691,"ndcg_at_100":0.09779,"ndcg_at_1000":0.11435,"map_at_1":0.0703,"map_at_3":0.07778,"map_at_5":0.0794,"map_at_10":0.0809,"map_at_100":0.08279,"map_at_1000":0.08319,"recall_at_1":0.0703,"recall_at_3":0.08756,"recall_at_5":0.09493,"recall_at_10":0.10623,"recall_at_100":0.16099,"recall_at_1000":0.30519,"precision_at_1":0.0703,"precision_at_3":0.02919,"precision_at_5":0.01899,"precision_at_10":0.01062,"precision_at_100":0.00161,"precision_at_1000":0.00031,"mrr_at_1":0.0703,"mrr_at_3":0.07778,"mrr_at_5":0.0794,"mrr_at_10":0.0809,"mrr_at_100":0.08279,"mrr_at_1000":0.08319}},"main_score":"ndcg_at_10"}