{"task_name":"Language Identification","task_description":"A dataset for Nordic language identification.","task_version":"1.0.3.dev0","time_of_run":"2023-07-28T11:30:56.58552","scores":{"da":{"accuracy":0.7939333333333333,"f1":0.794387036082508,"accuracy_stderr":0.007444311773278839,"f1_stderr":0.008042982825948577,"main_score":0.7939333333333333},"sv":{"accuracy":0.7939333333333333,"f1":0.794387036082508,"accuracy_stderr":0.007444311773278839,"f1_stderr":0.008042982825948577,"main_score":0.7939333333333333},"nb":{"accuracy":0.7939333333333333,"f1":0.794387036082508,"accuracy_stderr":0.007444311773278839,"f1_stderr":0.008042982825948577,"main_score":0.7939333333333333},"nn":{"accuracy":0.7939333333333333,"f1":0.794387036082508,"accuracy_stderr":0.007444311773278839,"f1_stderr":0.008042982825948577,"main_score":0.7939333333333333},"is":{"accuracy":0.7939333333333333,"f1":0.794387036082508,"accuracy_stderr":0.007444311773278839,"f1_stderr":0.008042982825948577,"main_score":0.7939333333333333},"fo":{"accuracy":0.7939333333333333,"f1":0.794387036082508,"accuracy_stderr":0.007444311773278839,"f1_stderr":0.008042982825948577,"main_score":0.7939333333333333}},"main_score":"accuracy"}