{"task_name":"Massive Scenario","task_description":"MASSIVE: A 1M-Example Multilingual Natural Language Understanding Dataset with 51 Typologically-Diverse Languages","task_version":"1.0.3.dev0","time_of_run":"2023-07-28T11:25:25.719702","scores":{"da":{"accuracy":0.43913920645595156,"f1":0.4224444767774179,"accuracy_stderr":0.02403781459559167,"f1_stderr":0.019128246487203907,"main_score":0.43913920645595156},"nb":{"accuracy":0.44828513786146607,"f1":0.4280187540493935,"accuracy_stderr":0.03030513291601151,"f1_stderr":0.02025670836250579,"main_score":0.44828513786146607},"sv":{"accuracy":0.4735036987222595,"f1":0.46097644872017873,"accuracy_stderr":0.03037481874129291,"f1_stderr":0.022149804025228082,"main_score":0.4735036987222595}},"main_score":"accuracy"}