{"task_name":"Massive Intent","task_description":"MASSIVE: A 1M-Example Multilingual Natural Language Understanding Dataset with 51 Typologically-Diverse Languages","task_version":"1.0.3.dev0","time_of_run":"2023-07-28T11:20:00.265468","scores":{"da":{"accuracy":0.4106254203093477,"f1":0.3795648689253743,"accuracy_stderr":0.015077840832839742,"f1_stderr":0.012582701200982243,"main_score":0.4106254203093477},"nb":{"accuracy":0.404640215198386,"f1":0.37341048610165817,"accuracy_stderr":0.014068009415622156,"f1_stderr":0.01144099071939448,"main_score":0.404640215198386},"sv":{"accuracy":0.45117686617350367,"f1":0.4202125805260968,"accuracy_stderr":0.014194901450353853,"f1_stderr":0.010769282318607538,"main_score":0.45117686617350367}},"main_score":"accuracy"}