{"task_name":"NorQuad","task_description":"Human-created question for Norwegian wikipedia passages.","task_version":"0.0.1","time_of_run":"2024-01-30T14:47:46.023828","scores":{"nb":{"ndcg_at_1":0.00684,"ndcg_at_3":0.00871,"ndcg_at_5":0.0099,"ndcg_at_10":0.01184,"ndcg_at_100":0.02793,"ndcg_at_1000":0.11685,"map_at_1":0.00342,"map_at_3":0.00618,"map_at_5":0.0067,"map_at_10":0.00735,"map_at_100":0.00939,"map_at_1000":0.01142,"recall_at_1":0.00342,"recall_at_3":0.00977,"recall_at_5":0.01221,"recall_at_10":0.01709,"recall_at_100":0.08643,"recall_at_1000":0.72803,"precision_at_1":0.00684,"precision_at_3":0.00651,"precision_at_5":0.00488,"precision_at_10":0.00342,"precision_at_100":0.00173,"precision_at_1000":0.00146,"mrr_at_1":0.00684,"mrr_at_3":0.01237,"mrr_at_5":0.0134,"mrr_at_10":0.01471,"mrr_at_100":0.01866,"mrr_at_1000":0.02097}},"main_score":"ndcg_at_10"}