{"task_name":"ScaLA","task_description":"A linguistic acceptability task for Danish, Norwegian Bokmål Norwegian Nynorsk and Swedish.","task_version":"1.1.1.dev0","time_of_run":"2023-09-13T15:51:24.271240","scores":{"da":{"accuracy":0.573095703125,"f1":0.5672374962367553,"ap":0.542176016030716,"accuracy_stderr":0.022787673191201296,"f1_stderr":0.02649911130479038,"ap_stderr":0.014713655172726818,"main_score":0.573095703125},"nb":{"accuracy":0.5833984375,"f1":0.5804317746794289,"ap":0.549269722172648,"accuracy_stderr":0.029797000718714203,"f1_stderr":0.029898785736251494,"ap_stderr":0.019317688439180285,"main_score":0.5833984375},"sv":{"accuracy":0.59990234375,"f1":0.5983969041239451,"ap":0.5607959074664981,"accuracy_stderr":0.025954525426921577,"f1_stderr":0.025959747531727584,"ap_stderr":0.017882408251096812,"main_score":0.59990234375},"nn":{"accuracy":0.551123046875,"f1":0.5479409186834777,"ap":0.5289897893476994,"accuracy_stderr":0.025671755306919123,"f1_stderr":0.02796589485461358,"ap_stderr":0.015404023155278153,"main_score":0.551123046875}},"main_score":"accuracy"}