{"task_name":"SNL Retrieval","task_description":"Webscrabed articles and ingresses from the Norwegian lexicon 'Det Store Norske Leksikon'.","task_version":"0.0.1","time_of_run":"2024-01-30T14:47:26.888110","scores":{"nb":{"ndcg_at_1":0.00308,"ndcg_at_3":0.00482,"ndcg_at_5":0.00515,"ndcg_at_10":0.00685,"ndcg_at_100":0.02654,"ndcg_at_1000":0.11095,"map_at_1":0.00308,"map_at_3":0.00436,"map_at_5":0.00455,"map_at_10":0.00523,"map_at_100":0.0081,"map_at_1000":0.01017,"recall_at_1":0.00308,"recall_at_3":0.00615,"recall_at_5":0.00692,"recall_at_10":0.01231,"recall_at_100":0.11846,"recall_at_1000":0.85,"precision_at_1":0.00308,"precision_at_3":0.00205,"precision_at_5":0.00138,"precision_at_10":0.00123,"precision_at_100":0.00118,"precision_at_1000":0.00085,"mrr_at_1":0.00308,"mrr_at_3":0.00436,"mrr_at_5":0.00455,"mrr_at_10":0.00523,"mrr_at_100":0.0081,"mrr_at_1000":0.01017}},"main_score":"ndcg_at_10"}