{"task_name":"SwednRetrieval","task_description":"News Article Summary Semantic Similarity Estimation.","task_version":"0.0.1","time_of_run":"2024-01-30T14:49:44.616144","scores":{"sv":{"ndcg_at_1":0.01074,"ndcg_at_3":0.009,"ndcg_at_5":0.01023,"ndcg_at_10":0.01467,"ndcg_at_100":0.03567,"ndcg_at_1000":0.1041,"map_at_1":0.00537,"map_at_3":0.00684,"map_at_5":0.0074,"map_at_10":0.00888,"map_at_100":0.01143,"map_at_1000":0.01286,"recall_at_1":0.00537,"recall_at_3":0.00879,"recall_at_5":0.01123,"recall_at_10":0.02246,"recall_at_100":0.11426,"recall_at_1000":0.60693,"precision_at_1":0.01074,"precision_at_3":0.00586,"precision_at_5":0.00449,"precision_at_10":0.00449,"precision_at_100":0.00229,"precision_at_1000":0.00121,"mrr_at_1":0.01074,"mrr_at_3":0.01367,"mrr_at_5":0.01479,"mrr_at_10":0.01776,"mrr_at_100":0.02285,"mrr_at_1000":0.025}},"main_score":"ndcg_at_10"}