{"task_name":"SweFAQ","task_description":"A Swedish QA dataset derived from FAQ","task_version":"0.0.1","time_of_run":"2023-09-04T19:38:48.821422","scores":{"sv":{"ndcg_at_1":0.06043,"ndcg_at_3":0.07319,"ndcg_at_5":0.0773,"ndcg_at_10":0.08612,"ndcg_at_100":0.13224,"ndcg_at_1000":0.21347,"map_at_1":0.06043,"map_at_3":0.07018,"map_at_5":0.07251,"map_at_10":0.07615,"map_at_100":0.083,"map_at_1000":0.086,"recall_at_1":0.06043,"recall_at_3":0.08187,"recall_at_5":0.09162,"recall_at_10":0.11891,"recall_at_100":0.36452,"recall_at_1000":1.0,"precision_at_1":0.06043,"precision_at_3":0.02729,"precision_at_5":0.01832,"precision_at_10":0.01189,"precision_at_100":0.00365,"precision_at_1000":0.001,"mrr_at_1":0.06043,"mrr_at_3":0.07018,"mrr_at_5":0.07251,"mrr_at_10":0.07615,"mrr_at_100":0.083,"mrr_at_1000":0.086}},"main_score":"ndcg_at_10"}