{"task_name":"TV2Nord Retrieval","task_description":"News Article and corresponding summaries extracted from the Danish newspaper TV2 Nord.","task_version":"1.1.1","time_of_run":"2024-01-30T14:43:17.604806","scores":{"da":{"ndcg_at_1":0.02881,"ndcg_at_3":0.04257,"ndcg_at_5":0.04575,"ndcg_at_10":0.05278,"ndcg_at_100":0.09493,"ndcg_at_1000":0.14943,"map_at_1":0.02881,"map_at_3":0.03923,"map_at_5":0.04096,"map_at_10":0.04382,"map_at_100":0.04965,"map_at_1000":0.05148,"recall_at_1":0.02881,"recall_at_3":0.05225,"recall_at_5":0.06006,"recall_at_10":0.08203,"recall_at_100":0.31299,"recall_at_1000":0.75537,"precision_at_1":0.02881,"precision_at_3":0.01742,"precision_at_5":0.01201,"precision_at_10":0.0082,"precision_at_100":0.00313,"precision_at_1000":0.00076,"mrr_at_1":0.02881,"mrr_at_3":0.03923,"mrr_at_5":0.04096,"mrr_at_10":0.04382,"mrr_at_100":0.04964,"mrr_at_1000":0.05147}},"main_score":"ndcg_at_10"}