{"task_name":"Twitterhjerne","task_description":"Danish question asked on Twitter with the Hashtag #Twitterhjerne ('Twitter brain') and their corresponding answer.","task_version":"1.1.1","time_of_run":"2024-01-30T14:43:23.969938","scores":{"da":{"ndcg_at_1":0.23077,"ndcg_at_3":0.16078,"ndcg_at_5":0.16189,"ndcg_at_10":0.18814,"ndcg_at_100":0.28303,"ndcg_at_1000":0.36695,"map_at_1":0.06517,"map_at_3":0.09441,"map_at_5":0.11102,"map_at_10":0.12424,"map_at_100":0.14386,"map_at_1000":0.15057,"recall_at_1":0.06517,"recall_at_3":0.11303,"recall_at_5":0.15235,"recall_at_10":0.20855,"recall_at_100":0.54936,"recall_at_1000":0.98718,"precision_at_1":0.23077,"precision_at_3":0.13248,"precision_at_5":0.10769,"precision_at_10":0.07564,"precision_at_100":0.0191,"precision_at_1000":0.00336,"mrr_at_1":0.23077,"mrr_at_3":0.26923,"mrr_at_5":0.27821,"mrr_at_10":0.28507,"mrr_at_100":0.29994,"mrr_at_1000":0.30094}},"main_score":"ndcg_at_10"}