{"task_name":"DanFEVER","task_description":"A Danish dataset intended for misinformation research. It follows the same format as the English FEVER dataset.","task_version":"1.1.1","time_of_run":"2024-01-30T16:39:07.554113","scores":{"da":{"ndcg_at_1":0.21528,"ndcg_at_3":0.26304,"ndcg_at_5":0.27489,"ndcg_at_10":0.28689,"ndcg_at_100":0.3059,"ndcg_at_1000":0.30986,"map_at_1":0.21528,"map_at_3":0.25148,"map_at_5":0.25808,"map_at_10":0.26305,"map_at_100":0.26689,"map_at_1000":0.26705,"recall_at_1":0.21528,"recall_at_3":0.29641,"recall_at_5":0.32504,"recall_at_10":0.36207,"recall_at_100":0.45175,"recall_at_1000":0.4825,"precision_at_1":0.21528,"precision_at_3":0.0988,"precision_at_5":0.06502,"precision_at_10":0.03622,"precision_at_100":0.00452,"precision_at_1000":0.00048,"mrr_at_1":0.21513,"mrr_at_3":0.25143,"mrr_at_5":0.25805,"mrr_at_10":0.26302,"mrr_at_100":0.26685,"mrr_at_1000":0.26701}},"main_score":"ndcg_at_10"}