{"task_name":"Language Identification","task_description":"A dataset for Nordic language identification.","task_version":"1.1.1.dev0","time_of_run":"2023-11-15T13:55:44.172167","scores":{"da":{"accuracy":0.4648333333333333,"f1":0.4616914360939985,"accuracy_stderr":0.017227400655157845,"f1_stderr":0.01515335772170534,"main_score":0.4648333333333333},"sv":{"accuracy":0.4648333333333333,"f1":0.4616914360939985,"accuracy_stderr":0.017227400655157845,"f1_stderr":0.01515335772170534,"main_score":0.4648333333333333},"nb":{"accuracy":0.4648333333333333,"f1":0.4616914360939985,"accuracy_stderr":0.017227400655157845,"f1_stderr":0.01515335772170534,"main_score":0.4648333333333333},"nn":{"accuracy":0.4648333333333333,"f1":0.4616914360939985,"accuracy_stderr":0.017227400655157845,"f1_stderr":0.01515335772170534,"main_score":0.4648333333333333},"is":{"accuracy":0.4648333333333333,"f1":0.4616914360939985,"accuracy_stderr":0.017227400655157845,"f1_stderr":0.01515335772170534,"main_score":0.4648333333333333},"fo":{"accuracy":0.4648333333333333,"f1":0.4616914360939985,"accuracy_stderr":0.017227400655157845,"f1_stderr":0.01515335772170534,"main_score":0.4648333333333333}},"main_score":"accuracy"}