{"task_name":"Massive Intent","task_description":"MASSIVE: A 1M-Example Multilingual Natural Language Understanding Dataset with 51 Typologically-Diverse Languages","task_version":"1.1.1.dev0","time_of_run":"2023-11-15T13:43:45.727572","scores":{"da":{"accuracy":0.640114324142569,"f1":0.6132115246966137,"accuracy_stderr":0.015953906425053222,"f1_stderr":0.015421148799563949,"main_score":0.640114324142569},"nb":{"accuracy":0.6327505043712173,"f1":0.6078005115673859,"accuracy_stderr":0.013136737563782178,"f1_stderr":0.011679160911823337,"main_score":0.6327505043712173},"sv":{"accuracy":0.572158708809684,"f1":0.5423765775066416,"accuracy_stderr":0.015276296903067412,"f1_stderr":0.008607902586583675,"main_score":0.572158708809684}},"main_score":"accuracy"}