{"task_name":"Massive Scenario","task_description":"MASSIVE: A 1M-Example Multilingual Natural Language Understanding Dataset with 51 Typologically-Diverse Languages","task_version":"1.1.1.dev0","time_of_run":"2023-11-15T13:47:45.089019","scores":{"da":{"accuracy":0.7010087424344318,"f1":0.6925077323613686,"accuracy_stderr":0.011455927400521915,"f1_stderr":0.011545746744515549,"main_score":0.7010087424344318},"nb":{"accuracy":0.7010087424344318,"f1":0.6944094609008696,"accuracy_stderr":0.01235250773779178,"f1_stderr":0.011367117350983278,"main_score":0.7010087424344318},"sv":{"accuracy":0.6205447209145931,"f1":0.613576531654512,"accuracy_stderr":0.011675343345736092,"f1_stderr":0.0101436666142386,"main_score":0.6205447209145931}},"main_score":"accuracy"}