{"task_name":"NorQuad","task_description":"Human-created question for Norwegian wikipedia passages.","task_version":"0.0.1","time_of_run":"2024-01-30T16:52:30.970079","scores":{"nb":{"ndcg_at_1":0.12207,"ndcg_at_3":0.10972,"ndcg_at_5":0.1248,"ndcg_at_10":0.14158,"ndcg_at_100":0.18483,"ndcg_at_1000":0.24108,"map_at_1":0.06104,"map_at_3":0.08488,"map_at_5":0.09291,"map_at_10":0.09961,"map_at_100":0.10642,"map_at_1000":0.10827,"recall_at_1":0.06104,"recall_at_3":0.10986,"recall_at_5":0.13965,"recall_at_10":0.18213,"recall_at_100":0.36426,"recall_at_1000":0.75,"precision_at_1":0.12207,"precision_at_3":0.07324,"precision_at_5":0.05586,"precision_at_10":0.03643,"precision_at_100":0.00729,"precision_at_1000":0.0015,"mrr_at_1":0.12207,"mrr_at_3":0.15999,"mrr_at_5":0.17127,"mrr_at_10":0.18033,"mrr_at_100":0.18984,"mrr_at_1000":0.19136}},"main_score":"ndcg_at_10"}