{"task_name":"Norwegian courts","task_description":"Nynorsk and Bokmål parallel corpus from Norwegian courts. Norway has two standardised written languages. Bokmål is a variant closer to Danish, while Nynorsk was created to resemble regional dialects of Norwegian.","task_version":"1.1.1","time_of_run":"2024-01-30T16:44:20.486118","scores":{"nb":{"precision":0.9239766081871346,"recall":0.9429824561403509,"f1":0.9298245614035088,"accuracy":0.9429824561403509,"main_score":0.9298245614035088},"nn":{"precision":0.9239766081871346,"recall":0.9429824561403509,"f1":0.9298245614035088,"accuracy":0.9429824561403509,"main_score":0.9298245614035088}},"main_score":"f1"}