{"task_name":"ScaLA","task_description":"A linguistic acceptability task for Danish, Norwegian Bokmål Norwegian Nynorsk and Swedish.","task_version":"1.1.1.dev0","time_of_run":"2023-11-15T13:52:53.261223","scores":{"da":{"accuracy":0.508837890625,"f1":0.5043736216956247,"ap":0.5046155216411,"accuracy_stderr":0.011822961927598985,"f1_stderr":0.011372955731495184,"ap_stderr":0.006083632107655575,"main_score":0.508837890625},"nb":{"accuracy":0.511767578125,"f1":0.5088198635934648,"ap":0.5060948273481344,"accuracy_stderr":0.007164435490307341,"f1_stderr":0.008204387465364784,"ap_stderr":0.003750344249701892,"main_score":0.511767578125},"sv":{"accuracy":0.502734375,"f1":0.49776322292447245,"ap":0.5014004881285211,"accuracy_stderr":0.004975679376116014,"f1_stderr":0.009584884832978447,"ap_stderr":0.0024993404404634705,"main_score":0.502734375},"nn":{"accuracy":0.50888671875,"f1":0.5072927816759232,"ap":0.504556743325273,"accuracy_stderr":0.006003278472384251,"f1_stderr":0.006024449005916439,"ap_stderr":0.0030937506147436433,"main_score":0.50888671875}},"main_score":"accuracy"}