{"task_name":"SNL Retrieval","task_description":"Webscrabed articles and ingresses from the Norwegian lexicon 'Det Store Norske Leksikon'.","task_version":"0.0.1","time_of_run":"2024-01-30T16:51:54.682708","scores":{"nb":{"ndcg_at_1":0.17846,"ndcg_at_3":0.23126,"ndcg_at_5":0.25473,"ndcg_at_10":0.27745,"ndcg_at_100":0.33147,"ndcg_at_1000":0.37156,"map_at_1":0.17846,"map_at_3":0.21769,"map_at_5":0.23073,"map_at_10":0.24,"map_at_100":0.24955,"map_at_1000":0.2509,"recall_at_1":0.17846,"recall_at_3":0.27077,"recall_at_5":0.32769,"recall_at_10":0.39846,"recall_at_100":0.66923,"recall_at_1000":0.99308,"precision_at_1":0.17846,"precision_at_3":0.09026,"precision_at_5":0.06554,"precision_at_10":0.03985,"precision_at_100":0.00669,"precision_at_1000":0.00099,"mrr_at_1":0.17846,"mrr_at_3":0.21769,"mrr_at_5":0.23073,"mrr_at_10":0.24,"mrr_at_100":0.24955,"mrr_at_1000":0.2509}},"main_score":"ndcg_at_10"}