{"task_name":"SwednRetrieval","task_description":"News Article Summary Semantic Similarity Estimation.","task_version":"0.0.1","time_of_run":"2024-01-30T16:56:01.674974","scores":{"sv":{"ndcg_at_1":0.35352,"ndcg_at_3":0.31157,"ndcg_at_5":0.34694,"ndcg_at_10":0.38152,"ndcg_at_100":0.45957,"ndcg_at_1000":0.49015,"map_at_1":0.17676,"map_at_3":0.25822,"map_at_5":0.28034,"map_at_10":0.29843,"map_at_100":0.31892,"map_at_1000":0.32039,"recall_at_1":0.17676,"recall_at_3":0.31055,"recall_at_5":0.38086,"recall_at_10":0.46729,"recall_at_100":0.77051,"recall_at_1000":0.97119,"precision_at_1":0.35352,"precision_at_3":0.20703,"precision_at_5":0.15234,"precision_at_10":0.09346,"precision_at_100":0.01541,"precision_at_1000":0.00194,"mrr_at_1":0.35352,"mrr_at_3":0.42204,"mrr_at_5":0.44157,"mrr_at_10":0.45252,"mrr_at_100":0.46211,"mrr_at_1000":0.46262}},"main_score":"ndcg_at_10"}