{"task_name":"SweFAQ","task_description":"A Swedish QA dataset derived from FAQ","task_version":"0.0.1","time_of_run":"2023-11-15T14:07:47.128684","scores":{"sv":{"ndcg_at_1":0.27875,"ndcg_at_3":0.37482,"ndcg_at_5":0.4208,"ndcg_at_10":0.45171,"ndcg_at_100":0.51532,"ndcg_at_1000":0.52261,"map_at_1":0.27875,"map_at_3":0.35023,"map_at_5":0.37586,"map_at_10":0.38826,"map_at_100":0.40194,"map_at_1000":0.40231,"recall_at_1":0.27875,"recall_at_3":0.44639,"recall_at_5":0.5575,"recall_at_10":0.65497,"recall_at_100":0.94737,"recall_at_1000":1.0,"precision_at_1":0.27875,"precision_at_3":0.1488,"precision_at_5":0.1115,"precision_at_10":0.0655,"precision_at_100":0.00947,"precision_at_1000":0.001,"mrr_at_1":0.2807,"mrr_at_3":0.3512,"mrr_at_5":0.37684,"mrr_at_10":0.38924,"mrr_at_100":0.40292,"mrr_at_1000":0.40329}},"main_score":"ndcg_at_10"}