{"task_name":"TV2Nord Retrieval","task_description":"News Article and corresponding summaries extracted from the Danish newspaper TV2 Nord.","task_version":"1.1.1","time_of_run":"2024-01-30T16:43:53.008359","scores":{"da":{"ndcg_at_1":0.5791,"ndcg_at_3":0.67002,"ndcg_at_5":0.69835,"ndcg_at_10":0.72056,"ndcg_at_100":0.74391,"ndcg_at_1000":0.74657,"map_at_1":0.5791,"map_at_3":0.64762,"map_at_5":0.66344,"map_at_10":0.67267,"map_at_100":0.67762,"map_at_1000":0.67773,"recall_at_1":0.5791,"recall_at_3":0.73486,"recall_at_5":0.80322,"recall_at_10":0.87158,"recall_at_100":0.979,"recall_at_1000":0.99902,"precision_at_1":0.5791,"precision_at_3":0.24495,"precision_at_5":0.16064,"precision_at_10":0.08716,"precision_at_100":0.00979,"precision_at_1000":0.001,"mrr_at_1":0.5791,"mrr_at_3":0.64762,"mrr_at_5":0.66344,"mrr_at_10":0.67267,"mrr_at_100":0.67762,"mrr_at_1000":0.67773}},"main_score":"ndcg_at_10"}