{"task_name":"Twitterhjerne","task_description":"Danish question asked on Twitter with the Hashtag #Twitterhjerne ('Twitter brain') and their corresponding answer.","task_version":"1.1.1","time_of_run":"2024-01-30T16:44:12.342167","scores":{"da":{"ndcg_at_1":0.37179,"ndcg_at_3":0.31213,"ndcg_at_5":0.31134,"ndcg_at_10":0.34737,"ndcg_at_100":0.46802,"ndcg_at_1000":0.50664,"map_at_1":0.11966,"map_at_3":0.20851,"map_at_5":0.23729,"map_at_10":0.25896,"map_at_100":0.29237,"map_at_1000":0.29628,"recall_at_1":0.11966,"recall_at_3":0.24722,"recall_at_5":0.30235,"recall_at_10":0.38162,"recall_at_100":0.79423,"recall_at_1000":0.98718,"precision_at_1":0.37179,"precision_at_3":0.26496,"precision_at_5":0.2,"precision_at_10":0.12821,"precision_at_100":0.02705,"precision_at_1000":0.00336,"mrr_at_1":0.37179,"mrr_at_3":0.45513,"mrr_at_5":0.46282,"mrr_at_10":0.47612,"mrr_at_100":0.48735,"mrr_at_1000":0.48772}},"main_score":"ndcg_at_10"}