{"task_name":"Bornholm Parallel","task_description":"Danish Bornholmsk Parallel Corpus. Bornholmsk is a Danish dialect spoken on the island of Bornholm, Denmark. Historically it is a part of east Danish which was also spoken in Scania and Halland, Sweden.","task_version":"1.1.1","time_of_run":"2024-02-28T11:43:53.311811","scores":{"da":{"precision":0.3169238095238095,"recall":0.404,"f1":0.33875974025974026,"accuracy":0.404,"main_score":0.33875974025974026},"da-bornholm":{"precision":0.3169238095238095,"recall":0.404,"f1":0.33875974025974026,"accuracy":0.404,"main_score":0.33875974025974026}},"main_score":"f1"}