{"task_name":"DanFEVER","task_description":"A Danish dataset intended for misinformation research. It follows the same format as the English FEVER dataset.","task_version":"1.1.1","time_of_run":"2024-02-28T15:59:25.300652","scores":{"da":{"ndcg_at_1":0.23066,"ndcg_at_3":0.27925,"ndcg_at_5":0.28948,"ndcg_at_10":0.30178,"ndcg_at_100":0.31832,"ndcg_at_1000":0.32206,"map_at_1":0.23066,"map_at_3":0.26753,"map_at_5":0.2732,"map_at_10":0.27829,"map_at_100":0.28164,"map_at_1000":0.28179,"recall_at_1":0.23066,"recall_at_3":0.31304,"recall_at_5":0.33791,"recall_at_10":0.37588,"recall_at_100":0.45371,"recall_at_1000":0.48266,"precision_at_1":0.23066,"precision_at_3":0.10435,"precision_at_5":0.0676,"precision_at_10":0.0376,"precision_at_100":0.00454,"precision_at_1000":0.00048,"mrr_at_1":0.23066,"mrr_at_3":0.26753,"mrr_at_5":0.27322,"mrr_at_10":0.2783,"mrr_at_100":0.28165,"mrr_at_1000":0.2818}},"main_score":"ndcg_at_10"}