{"task_name":"DanFEVER","task_description":"A Danish dataset intended for misinformation research. It follows the same format as the English FEVER dataset.","task_version":"1.1.1","time_of_run":"2024-02-28T20:46:56.180276","scores":{"da":{"ndcg_at_1":0.12804,"ndcg_at_3":0.17499,"ndcg_at_5":0.18892,"ndcg_at_10":0.20091,"ndcg_at_100":0.22469,"ndcg_at_1000":0.2338,"map_at_1":0.12804,"map_at_3":0.16345,"map_at_5":0.17114,"map_at_10":0.1761,"map_at_100":0.18042,"map_at_1000":0.18073,"recall_at_1":0.12804,"recall_at_3":0.20838,"recall_at_5":0.24235,"recall_at_10":0.27938,"recall_at_100":0.39683,"recall_at_1000":0.47011,"precision_at_1":0.12804,"precision_at_3":0.06946,"precision_at_5":0.04849,"precision_at_10":0.02795,"precision_at_100":0.00397,"precision_at_1000":0.00047,"mrr_at_1":0.12804,"mrr_at_3":0.16345,"mrr_at_5":0.17115,"mrr_at_10":0.17611,"mrr_at_100":0.18043,"mrr_at_1000":0.18074}},"main_score":"ndcg_at_10"}