{"task_name":"Language Identification","task_description":"A dataset for Nordic language identification.","task_version":"1.1.1","time_of_run":"2024-02-28T22:11:19.340084","scores":{"da":{"accuracy":0.7180333333333333,"f1":0.7111943609282769,"accuracy_stderr":0.008380466706706875,"f1_stderr":0.008324037350802971,"main_score":0.7180333333333333},"sv":{"accuracy":0.7180333333333333,"f1":0.7111943609282769,"accuracy_stderr":0.008380466706706875,"f1_stderr":0.008324037350802971,"main_score":0.7180333333333333},"nb":{"accuracy":0.7180333333333333,"f1":0.7111943609282769,"accuracy_stderr":0.008380466706706875,"f1_stderr":0.008324037350802971,"main_score":0.7180333333333333},"nn":{"accuracy":0.7180333333333333,"f1":0.7111943609282769,"accuracy_stderr":0.008380466706706875,"f1_stderr":0.008324037350802971,"main_score":0.7180333333333333},"is":{"accuracy":0.7180333333333333,"f1":0.7111943609282769,"accuracy_stderr":0.008380466706706875,"f1_stderr":0.008324037350802971,"main_score":0.7180333333333333},"fo":{"accuracy":0.7180333333333333,"f1":0.7111943609282769,"accuracy_stderr":0.008380466706706875,"f1_stderr":0.008324037350802971,"main_score":0.7180333333333333}},"main_score":"accuracy"}