{"task_name":"Language Identification","task_description":"A dataset for Nordic language identification.","task_version":"1.1.1","time_of_run":"2024-02-28T18:27:16.567904","scores":{"da":{"accuracy":0.7175333333333332,"f1":0.7107208768001971,"accuracy_stderr":0.010216761826636759,"f1_stderr":0.010366595907011573,"main_score":0.7175333333333332},"sv":{"accuracy":0.7175333333333332,"f1":0.7107208768001971,"accuracy_stderr":0.010216761826636759,"f1_stderr":0.010366595907011573,"main_score":0.7175333333333332},"nb":{"accuracy":0.7175333333333332,"f1":0.7107208768001971,"accuracy_stderr":0.010216761826636759,"f1_stderr":0.010366595907011573,"main_score":0.7175333333333332},"nn":{"accuracy":0.7175333333333332,"f1":0.7107208768001971,"accuracy_stderr":0.010216761826636759,"f1_stderr":0.010366595907011573,"main_score":0.7175333333333332},"is":{"accuracy":0.7175333333333332,"f1":0.7107208768001971,"accuracy_stderr":0.010216761826636759,"f1_stderr":0.010366595907011573,"main_score":0.7175333333333332},"fo":{"accuracy":0.7175333333333332,"f1":0.7107208768001971,"accuracy_stderr":0.010216761826636759,"f1_stderr":0.010366595907011573,"main_score":0.7175333333333332}},"main_score":"accuracy"}