{"task_name":"Massive Intent","task_description":"MASSIVE: A 1M-Example Multilingual Natural Language Understanding Dataset with 51 Typologically-Diverse Languages","task_version":"1.1.1","time_of_run":"2024-02-28T21:34:05.121167","scores":{"da":{"accuracy":0.6599865501008743,"f1":0.6274225122796464,"accuracy_stderr":0.012724912529754715,"f1_stderr":0.012552356367231185,"main_score":0.6599865501008743},"nb":{"accuracy":0.6253194351042367,"f1":0.6029337737097622,"accuracy_stderr":0.014990039290185907,"f1_stderr":0.011051809914968068,"main_score":0.6253194351042367},"sv":{"accuracy":0.6415601882985877,"f1":0.6099685592356484,"accuracy_stderr":0.011715703692121288,"f1_stderr":0.011344345426515827,"main_score":0.6415601882985877}},"main_score":"accuracy"}