{"task_name":"Massive Scenario","task_description":"MASSIVE: A 1M-Example Multilingual Natural Language Understanding Dataset with 51 Typologically-Diverse Languages","task_version":"1.1.1","time_of_run":"2024-02-28T21:48:10.763890","scores":{"da":{"accuracy":0.6882649630127774,"f1":0.6742162995993549,"accuracy_stderr":0.011664880090642094,"f1_stderr":0.011856962528058216,"main_score":0.6882649630127774},"nb":{"accuracy":0.6661735036987222,"f1":0.6535059184690641,"accuracy_stderr":0.016592918747095845,"f1_stderr":0.01597910953859864,"main_score":0.6661735036987222},"sv":{"accuracy":0.6780766644250169,"f1":0.6692099881664391,"accuracy_stderr":0.01926448635404295,"f1_stderr":0.020274157233342797,"main_score":0.6780766644250169}},"main_score":"accuracy"}