{"task_name":"Massive Intent","task_description":"MASSIVE: A 1M-Example Multilingual Natural Language Understanding Dataset with 51 Typologically-Diverse Languages","task_version":"1.1.1","time_of_run":"2024-02-28T17:53:44.070416","scores":{"da":{"accuracy":0.6526899798251513,"f1":0.6180872772189864,"accuracy_stderr":0.011836150040385933,"f1_stderr":0.007139881305977012,"main_score":0.6526899798251513},"nb":{"accuracy":0.6199394754539341,"f1":0.5890445389033044,"accuracy_stderr":0.01209280759501144,"f1_stderr":0.01157604422771529,"main_score":0.6199394754539341},"sv":{"accuracy":0.6451244115669132,"f1":0.6098316442673022,"accuracy_stderr":0.009729354335059375,"f1_stderr":0.006043008475997579,"main_score":0.6451244115669132}},"main_score":"accuracy"}