{"task_name":"Massive Scenario","task_description":"MASSIVE: A 1M-Example Multilingual Natural Language Understanding Dataset with 51 Typologically-Diverse Languages","task_version":"1.1.1","time_of_run":"2024-02-28T18:05:22.289853","scores":{"da":{"accuracy":0.6860457296570276,"f1":0.6746136154454521,"accuracy_stderr":0.013335975150682558,"f1_stderr":0.014671643025576327,"main_score":0.6860457296570276},"nb":{"accuracy":0.6516812373907196,"f1":0.6399528950045589,"accuracy_stderr":0.02217778353700428,"f1_stderr":0.020763283298767615,"main_score":0.6516812373907196},"sv":{"accuracy":0.678782784129119,"f1":0.6662929943499807,"accuracy_stderr":0.020890171207167768,"f1_stderr":0.020431620258509177,"main_score":0.678782784129119}},"main_score":"accuracy"}