{"task_name":"ScaLA","task_description":"A linguistic acceptability task for Danish, Norwegian Bokmål Norwegian Nynorsk and Swedish.","task_version":"1.1.1","time_of_run":"2024-02-28T18:20:59.254762","scores":{"da":{"accuracy":0.52802734375,"f1":0.5223420247099421,"ap":0.5149563190945107,"accuracy_stderr":0.013831724571226027,"f1_stderr":0.012713549241088015,"ap_stderr":0.007625436754074719,"main_score":0.52802734375},"nb":{"accuracy":0.522509765625,"f1":0.5197392036122387,"ap":0.511960270031983,"accuracy_stderr":0.012787842633531691,"f1_stderr":0.013252685595401433,"ap_stderr":0.0070441330062298154,"main_score":0.522509765625},"sv":{"accuracy":0.516015625,"f1":0.510867229921915,"ap":0.5083736281690475,"accuracy_stderr":0.010318342923337727,"f1_stderr":0.013170667412226906,"ap_stderr":0.005465648969817855,"main_score":0.516015625},"nn":{"accuracy":0.510693359375,"f1":0.5073111913528507,"ap":0.5056497235637467,"accuracy_stderr":0.011547516057824423,"f1_stderr":0.01003619808850773,"ap_stderr":0.006079871364901862,"main_score":0.510693359375}},"main_score":"accuracy"}