{"task_name":"ScaLA","task_description":"A linguistic acceptability task for Danish, Norwegian Bokmål Norwegian Nynorsk and Swedish.","task_version":"1.1.1","time_of_run":"2024-02-28T22:04:37.792464","scores":{"da":{"accuracy":0.5302734375,"f1":0.5249593592534674,"ap":0.516348918185155,"accuracy_stderr":0.013673618750405663,"f1_stderr":0.014463418346786184,"ap_stderr":0.007634861667569952,"main_score":0.5302734375},"nb":{"accuracy":0.519482421875,"f1":0.5166919720674534,"ap":0.5102573315500625,"accuracy_stderr":0.010932376206379942,"f1_stderr":0.010676405496674526,"ap_stderr":0.005912825353366184,"main_score":0.519482421875},"sv":{"accuracy":0.516357421875,"f1":0.5104994289283595,"ap":0.5085296449787396,"accuracy_stderr":0.008226488538737444,"f1_stderr":0.012184581330006713,"ap_stderr":0.00434631713254127,"main_score":0.516357421875},"nn":{"accuracy":0.50830078125,"f1":0.5042432066197444,"ap":0.5043529997416606,"accuracy_stderr":0.01220703125,"f1_stderr":0.01075980573526191,"ap_stderr":0.006270954851572117,"main_score":0.50830078125}},"main_score":"accuracy"}