{"task_name":"TV2Nord Retrieval","task_description":"News Article and corresponding summaries extracted from the Danish newspaper TV2 Nord.","task_version":"1.1.1","time_of_run":"2024-02-28T17:32:19.183974","scores":{"da":{"ndcg_at_1":0.66748,"ndcg_at_3":0.738,"ndcg_at_5":0.75574,"ndcg_at_10":0.77193,"ndcg_at_100":0.79031,"ndcg_at_1000":0.79392,"map_at_1":0.66748,"map_at_3":0.72054,"map_at_5":0.7304,"map_at_10":0.73713,"map_at_100":0.7408,"map_at_1000":0.74094,"recall_at_1":0.66748,"recall_at_3":0.78857,"recall_at_5":0.83154,"recall_at_10":0.88135,"recall_at_100":0.96826,"recall_at_1000":0.99658,"precision_at_1":0.66748,"precision_at_3":0.26286,"precision_at_5":0.16631,"precision_at_10":0.08813,"precision_at_100":0.00968,"precision_at_1000":0.001,"mrr_at_1":0.66748,"mrr_at_3":0.72054,"mrr_at_5":0.7304,"mrr_at_10":0.73713,"mrr_at_100":0.7408,"mrr_at_1000":0.74094}},"main_score":"ndcg_at_10"}