{"task_name":"TV2Nord Retrieval","task_description":"News Article and corresponding summaries extracted from the Danish newspaper TV2 Nord.","task_version":"1.1.1","time_of_run":"2024-02-28T21:08:57.266844","scores":{"da":{"ndcg_at_1":0.57959,"ndcg_at_3":0.6582,"ndcg_at_5":0.6774,"ndcg_at_10":0.69478,"ndcg_at_100":0.71908,"ndcg_at_1000":0.72661,"map_at_1":0.57959,"map_at_3":0.63924,"map_at_5":0.64996,"map_at_10":0.65713,"map_at_100":0.66173,"map_at_1000":0.66199,"recall_at_1":0.57959,"recall_at_3":0.71289,"recall_at_5":0.75928,"recall_at_10":0.81299,"recall_at_100":0.93115,"recall_at_1000":0.9917,"precision_at_1":0.57959,"precision_at_3":0.23763,"precision_at_5":0.15186,"precision_at_10":0.0813,"precision_at_100":0.00931,"precision_at_1000":0.00099,"mrr_at_1":0.57959,"mrr_at_3":0.63924,"mrr_at_5":0.64996,"mrr_at_10":0.65713,"mrr_at_100":0.66173,"mrr_at_1000":0.66199}},"main_score":"ndcg_at_10"}