{"task_name":"Twitterhjerne","task_description":"Danish question asked on Twitter with the Hashtag #Twitterhjerne ('Twitter brain') and their corresponding answer.","task_version":"1.1.1","time_of_run":"2024-02-28T17:32:52.415570","scores":{"da":{"ndcg_at_1":0.52564,"ndcg_at_3":0.42886,"ndcg_at_5":0.43914,"ndcg_at_10":0.47253,"ndcg_at_100":0.54251,"ndcg_at_1000":0.58817,"map_at_1":0.15299,"map_at_3":0.29071,"map_at_5":0.35196,"map_at_10":0.37527,"map_at_100":0.39602,"map_at_1000":0.39975,"recall_at_1":0.15299,"recall_at_3":0.32286,"recall_at_5":0.4265,"recall_at_10":0.5047,"recall_at_100":0.74295,"recall_at_1000":0.98718,"precision_at_1":0.52564,"precision_at_3":0.37179,"precision_at_5":0.30769,"precision_at_10":0.18205,"precision_at_100":0.02615,"precision_at_1000":0.00336,"mrr_at_1":0.52564,"mrr_at_3":0.57479,"mrr_at_5":0.59979,"mrr_at_10":0.60732,"mrr_at_100":0.614,"mrr_at_1000":0.61442}},"main_score":"ndcg_at_10"}