{"task_name":"Twitterhjerne","task_description":"Danish question asked on Twitter with the Hashtag #Twitterhjerne ('Twitter brain') and their corresponding answer.","task_version":"1.1.1","time_of_run":"2024-02-28T21:09:28.914741","scores":{"da":{"ndcg_at_1":0.11538,"ndcg_at_3":0.09199,"ndcg_at_5":0.09373,"ndcg_at_10":0.09935,"ndcg_at_100":0.1201,"ndcg_at_1000":0.12184,"map_at_1":0.03739,"map_at_3":0.06499,"map_at_5":0.07434,"map_at_10":0.07902,"map_at_100":0.09232,"map_at_1000":0.09692,"recall_at_1":0.03739,"recall_at_3":0.07479,"recall_at_5":0.09188,"recall_at_10":0.10363,"recall_at_100":0.55983,"recall_at_1000":1.0,"precision_at_1":0.11538,"precision_at_3":0.0812,"precision_at_5":0.06154,"precision_at_10":0.03462,"precision_at_100":0.005,"precision_at_1000":0.00062,"mrr_at_1":0.47436,"mrr_at_3":0.52991,"mrr_at_5":0.54338,"mrr_at_10":0.55121,"mrr_at_100":0.55867,"mrr_at_1000":0.55911}},"main_score":"ndcg_at_10"}