{"task_name":"Bornholm Parallel","task_description":"Danish Bornholmsk Parallel Corpus. Bornholmsk is a Danish dialect spoken on the island of Bornholm, Denmark. Historically it is a part of east Danish which was also spoken in Scania and Halland, Sweden.","task_version":"1.1.1.dev0","time_of_run":"2023-11-15T14:32:57.928189","scores":{"da":{"precision":0.38051666666666667,"recall":0.482,"f1":0.4082253968253968,"accuracy":0.482,"main_score":0.4082253968253968},"da-bornholm":{"precision":0.38051666666666667,"recall":0.482,"f1":0.4082253968253968,"accuracy":0.482,"main_score":0.4082253968253968}},"main_score":"f1"}