{"task_name":"DanFEVER","task_description":"A Danish dataset intended for misinformation research. It follows the same format as the English FEVER dataset.","task_version":"1.1.1","time_of_run":"2024-01-30T10:57:26.475971","scores":{"da":{"ndcg_at_1":0.12882,"ndcg_at_3":0.15321,"ndcg_at_5":0.16122,"ndcg_at_10":0.16994,"ndcg_at_100":0.19276,"ndcg_at_1000":0.20922,"map_at_1":0.12882,"map_at_3":0.14726,"map_at_5":0.1517,"map_at_10":0.15529,"map_at_100":0.15948,"map_at_1000":0.16002,"recall_at_1":0.12882,"recall_at_3":0.17041,"recall_at_5":0.18986,"recall_at_10":0.21685,"recall_at_100":0.3292,"recall_at_1000":0.4632,"precision_at_1":0.12882,"precision_at_3":0.0568,"precision_at_5":0.03797,"precision_at_10":0.02169,"precision_at_100":0.00329,"precision_at_1000":0.00046,"mrr_at_1":0.12882,"mrr_at_3":0.14726,"mrr_at_5":0.1517,"mrr_at_10":0.15529,"mrr_at_100":0.15948,"mrr_at_1000":0.16002}},"main_score":"ndcg_at_10"}