{"task_name":"Language Identification","task_description":"A dataset for Nordic language identification.","task_version":"1.1.1.dev0","time_of_run":"2023-11-15T14:36:09.076881","scores":{"da":{"accuracy":0.505,"f1":0.5010970951703367,"accuracy_stderr":0.01820317432635185,"f1_stderr":0.01838238234795185,"main_score":0.505},"sv":{"accuracy":0.505,"f1":0.5010970951703367,"accuracy_stderr":0.01820317432635185,"f1_stderr":0.01838238234795185,"main_score":0.505},"nb":{"accuracy":0.505,"f1":0.5010970951703367,"accuracy_stderr":0.01820317432635185,"f1_stderr":0.01838238234795185,"main_score":0.505},"nn":{"accuracy":0.505,"f1":0.5010970951703367,"accuracy_stderr":0.01820317432635185,"f1_stderr":0.01838238234795185,"main_score":0.505},"is":{"accuracy":0.505,"f1":0.5010970951703367,"accuracy_stderr":0.01820317432635185,"f1_stderr":0.01838238234795185,"main_score":0.505},"fo":{"accuracy":0.505,"f1":0.5010970951703367,"accuracy_stderr":0.01820317432635185,"f1_stderr":0.01838238234795185,"main_score":0.505}},"main_score":"accuracy"}