{"task_name":"Massive Intent","task_description":"MASSIVE: A 1M-Example Multilingual Natural Language Understanding Dataset with 51 Typologically-Diverse Languages","task_version":"1.1.1.dev0","time_of_run":"2023-11-15T14:34:18.888326","scores":{"da":{"accuracy":0.47921990585070606,"f1":0.4433799121272618,"accuracy_stderr":0.01299569315850024,"f1_stderr":0.009713059818510427,"main_score":0.47921990585070606},"nb":{"accuracy":0.4654337592468056,"f1":0.4367740153029044,"accuracy_stderr":0.01696154401725224,"f1_stderr":0.013125506633203768,"main_score":0.4654337592468056},"sv":{"accuracy":0.4917619367854741,"f1":0.4589453341490243,"accuracy_stderr":0.010569355291491143,"f1_stderr":0.011404353256540482,"main_score":0.4917619367854741}},"main_score":"accuracy"}