{"task_name":"Massive Scenario","task_description":"MASSIVE: A 1M-Example Multilingual Natural Language Understanding Dataset with 51 Typologically-Diverse Languages","task_version":"1.1.1.dev0","time_of_run":"2023-11-15T14:34:55.761982","scores":{"da":{"accuracy":0.5294889038332213,"f1":0.5103888060203308,"accuracy_stderr":0.022866831076512568,"f1_stderr":0.01899387062783642,"main_score":0.5294889038332213},"nb":{"accuracy":0.5093476798924007,"f1":0.49128580669338173,"accuracy_stderr":0.016608583306046667,"f1_stderr":0.016106935036285203,"main_score":0.5093476798924007},"sv":{"accuracy":0.5424008069939475,"f1":0.5210134602991238,"accuracy_stderr":0.015040789827084247,"f1_stderr":0.013810704711262651,"main_score":0.5424008069939475}},"main_score":"accuracy"}