{"task_name":"NorQuad","task_description":"Human-created question for Norwegian wikipedia passages.","task_version":"0.0.1","time_of_run":"2024-01-30T10:59:57.089688","scores":{"nb":{"ndcg_at_1":0.05273,"ndcg_at_3":0.05855,"ndcg_at_5":0.07136,"ndcg_at_10":0.09029,"ndcg_at_100":0.15354,"ndcg_at_1000":0.22893,"map_at_1":0.02637,"map_at_3":0.04321,"map_at_5":0.04976,"map_at_10":0.05673,"map_at_100":0.06644,"map_at_1000":0.06931,"recall_at_1":0.02637,"recall_at_3":0.06299,"recall_at_5":0.08838,"recall_at_10":0.13574,"recall_at_100":0.40088,"recall_at_1000":0.91406,"precision_at_1":0.05273,"precision_at_3":0.04199,"precision_at_5":0.03535,"precision_at_10":0.02715,"precision_at_100":0.00802,"precision_at_1000":0.00183,"mrr_at_1":0.05273,"mrr_at_3":0.0835,"mrr_at_5":0.09355,"mrr_at_10":0.10539,"mrr_at_100":0.11996,"mrr_at_1000":0.12152}},"main_score":"ndcg_at_10"}