{"task_name":"Norwegian courts","task_description":"Nynorsk and Bokmål parallel corpus from Norwegian courts. Norway has two standardised written languages. Bokmål is a variant closer to Danish, while Nynorsk was created to resemble regional dialects of Norwegian.","task_version":"1.1.1","time_of_run":"2024-01-30T10:58:21.569203","scores":{"nb":{"precision":0.8918128654970761,"recall":0.9166666666666666,"f1":0.8998538011695906,"accuracy":0.9166666666666666,"main_score":0.8998538011695906},"nn":{"precision":0.8918128654970761,"recall":0.9166666666666666,"f1":0.8998538011695906,"accuracy":0.9166666666666666,"main_score":0.8998538011695906}},"main_score":"f1"}