{"task_name":"ScaLA","task_description":"A linguistic acceptability task for Danish, Norwegian Bokmål Norwegian Nynorsk and Swedish.","task_version":"1.1.1.dev0","time_of_run":"2023-11-15T14:35:48.418422","scores":{"da":{"accuracy":0.51357421875,"f1":0.5105653567181552,"ap":0.5072806484419583,"accuracy_stderr":0.01425212589936558,"f1_stderr":0.013073141018719283,"ap_stderr":0.007738063416857466,"main_score":0.51357421875},"nb":{"accuracy":0.50947265625,"f1":0.5073328212188307,"ap":0.5048819626581496,"accuracy_stderr":0.007727195412968104,"f1_stderr":0.008073511669183759,"ap_stderr":0.004022142466037445,"main_score":0.50947265625},"sv":{"accuracy":0.510546875,"f1":0.5060922966569086,"ap":0.5054898590217124,"accuracy_stderr":0.010879362086500277,"f1_stderr":0.014482042069988042,"ap_stderr":0.005541867643015626,"main_score":0.510546875},"nn":{"accuracy":0.51328125,"f1":0.511953080357905,"ap":0.5069194924023904,"accuracy_stderr":0.009126549994106309,"f1_stderr":0.008926499356323798,"ap_stderr":0.004804528202522355,"main_score":0.51328125}},"main_score":"accuracy"}