{"task_name":"SNL Retrieval","task_description":"Webscrabed articles and ingresses from the Norwegian lexicon 'Det Store Norske Leksikon'.","task_version":"0.0.1","time_of_run":"2024-01-30T10:59:39.11075","scores":{"nb":{"ndcg_at_1":0.00769,"ndcg_at_3":0.01542,"ndcg_at_5":0.01857,"ndcg_at_10":0.0258,"ndcg_at_100":0.07548,"ndcg_at_1000":0.15287,"map_at_1":0.00769,"map_at_3":0.01333,"map_at_5":0.01506,"map_at_10":0.01806,"map_at_100":0.02546,"map_at_1000":0.02778,"recall_at_1":0.00769,"recall_at_3":0.02154,"recall_at_5":0.02923,"recall_at_10":0.05154,"recall_at_100":0.31692,"recall_at_1000":0.95923,"precision_at_1":0.00769,"precision_at_3":0.00718,"precision_at_5":0.00585,"precision_at_10":0.00515,"precision_at_100":0.00317,"precision_at_1000":0.00096,"mrr_at_1":0.00769,"mrr_at_3":0.01333,"mrr_at_5":0.01506,"mrr_at_10":0.01806,"mrr_at_100":0.02546,"mrr_at_1000":0.02778}},"main_score":"ndcg_at_10"}