{"task_name":"SwednRetrieval","task_description":"News Article Summary Semantic Similarity Estimation.","task_version":"0.0.1","time_of_run":"2024-01-30T11:00:30.864594","scores":{"sv":{"ndcg_at_1":0.17871,"ndcg_at_3":0.16334,"ndcg_at_5":0.18366,"ndcg_at_10":0.20854,"ndcg_at_100":0.29225,"ndcg_at_1000":0.34409,"map_at_1":0.08936,"map_at_3":0.12826,"map_at_5":0.14036,"map_at_10":0.15126,"map_at_100":0.16856,"map_at_1000":0.17104,"recall_at_1":0.08936,"recall_at_3":0.16553,"recall_at_5":0.20605,"recall_at_10":0.26904,"recall_at_100":0.61035,"recall_at_1000":0.9502,"precision_at_1":0.17871,"precision_at_3":0.11035,"precision_at_5":0.08242,"precision_at_10":0.05381,"precision_at_100":0.01221,"precision_at_1000":0.0019,"mrr_at_1":0.17871,"mrr_at_3":0.23177,"mrr_at_5":0.24408,"mrr_at_10":0.25558,"mrr_at_100":0.26936,"mrr_at_1000":0.27024}},"main_score":"ndcg_at_10"}