{"task_name":"SweFAQ","task_description":"A Swedish QA dataset derived from FAQ","task_version":"0.0.1","time_of_run":"2023-11-15T14:37:39.198535","scores":{"sv":{"ndcg_at_1":0.16764,"ndcg_at_3":0.24178,"ndcg_at_5":0.27676,"ndcg_at_10":0.31399,"ndcg_at_100":0.38971,"ndcg_at_1000":0.40677,"map_at_1":0.16764,"map_at_3":0.22125,"map_at_5":0.24045,"map_at_10":0.25584,"map_at_100":0.26995,"map_at_1000":0.27072,"recall_at_1":0.16764,"recall_at_3":0.30214,"recall_at_5":0.38791,"recall_at_10":0.50292,"recall_at_100":0.87329,"recall_at_1000":1.0,"precision_at_1":0.16764,"precision_at_3":0.10071,"precision_at_5":0.07758,"precision_at_10":0.05029,"precision_at_100":0.00873,"precision_at_1000":0.001,"mrr_at_1":0.16764,"mrr_at_3":0.22125,"mrr_at_5":0.24045,"mrr_at_10":0.25584,"mrr_at_100":0.26995,"mrr_at_1000":0.27072}},"main_score":"ndcg_at_10"}