{"task_name":"TV2Nord Retrieval","task_description":"News Article and corresponding summaries extracted from the Danish newspaper TV2 Nord.","task_version":"1.1.1","time_of_run":"2024-01-30T10:58:12.536018","scores":{"da":{"ndcg_at_1":0.11084,"ndcg_at_3":0.16578,"ndcg_at_5":0.19168,"ndcg_at_10":0.22284,"ndcg_at_100":0.30715,"ndcg_at_1000":0.33436,"map_at_1":0.11084,"map_at_3":0.15161,"map_at_5":0.16597,"map_at_10":0.17876,"map_at_100":0.19417,"map_at_1000":0.19528,"recall_at_1":0.11084,"recall_at_3":0.20703,"recall_at_5":0.27002,"recall_at_10":0.3667,"recall_at_100":0.78271,"recall_at_1000":0.99219,"precision_at_1":0.11084,"precision_at_3":0.06901,"precision_at_5":0.054,"precision_at_10":0.03667,"precision_at_100":0.00783,"precision_at_1000":0.00099,"mrr_at_1":0.11084,"mrr_at_3":0.15161,"mrr_at_5":0.16597,"mrr_at_10":0.17876,"mrr_at_100":0.19417,"mrr_at_1000":0.19528}},"main_score":"ndcg_at_10"}