{"task_name":"Twitterhjerne","task_description":"Danish question asked on Twitter with the Hashtag #Twitterhjerne ('Twitter brain') and their corresponding answer.","task_version":"1.1.1","time_of_run":"2024-01-30T10:58:18.113989","scores":{"da":{"ndcg_at_1":0.17949,"ndcg_at_3":0.13124,"ndcg_at_5":0.13445,"ndcg_at_10":0.20016,"ndcg_at_100":0.32556,"ndcg_at_1000":0.37827,"map_at_1":0.05107,"map_at_3":0.075,"map_at_5":0.08634,"map_at_10":0.11923,"map_at_100":0.14569,"map_at_1000":0.15092,"recall_at_1":0.05107,"recall_at_3":0.09081,"recall_at_5":0.12564,"recall_at_10":0.2688,"recall_at_100":0.72073,"recall_at_1000":0.98718,"precision_at_1":0.17949,"precision_at_3":0.11111,"precision_at_5":0.09487,"precision_at_10":0.09231,"precision_at_100":0.02487,"precision_at_1000":0.00336,"mrr_at_1":0.17949,"mrr_at_3":0.21795,"mrr_at_5":0.2391,"mrr_at_10":0.26536,"mrr_at_100":0.28109,"mrr_at_1000":0.28143}},"main_score":"ndcg_at_10"}