{"task_name":"Bornholm Parallel","task_description":"Danish Bornholmsk Parallel Corpus. Bornholmsk is a Danish dialect spoken on the island of Bornholm, Denmark. Historically it is a part of east Danish which was also spoken in Scania and Halland, Sweden.","task_version":"1.1.1","time_of_run":"2024-01-30T11:19:04.241564","scores":{"da":{"precision":0.4298214285714286,"recall":0.532,"f1":0.45625569985569986,"accuracy":0.532,"main_score":0.45625569985569986},"da-bornholm":{"precision":0.4298214285714286,"recall":0.532,"f1":0.45625569985569986,"accuracy":0.532,"main_score":0.45625569985569986}},"main_score":"f1"}