{"task_name":"DanFEVER","task_description":"A Danish dataset intended for misinformation research. It follows the same format as the English FEVER dataset.","task_version":"1.1.1","time_of_run":"2024-01-30T11:22:14.858378","scores":{"da":{"ndcg_at_1":0.26079,"ndcg_at_3":0.32076,"ndcg_at_5":0.33149,"ndcg_at_10":0.34207,"ndcg_at_100":0.35285,"ndcg_at_1000":0.35443,"map_at_1":0.26071,"map_at_3":0.30637,"map_at_5":0.31232,"map_at_10":0.31671,"map_at_100":0.31896,"map_at_1000":0.31902,"recall_at_1":0.26071,"recall_at_3":0.36215,"recall_at_5":0.3882,"recall_at_10":0.42084,"recall_at_100":0.47089,"recall_at_1000":0.48313,"precision_at_1":0.26079,"precision_at_3":0.12077,"precision_at_5":0.07767,"precision_at_10":0.0421,"precision_at_100":0.00471,"precision_at_1000":0.00048,"mrr_at_1":0.26079,"mrr_at_3":0.30648,"mrr_at_5":0.31242,"mrr_at_10":0.31681,"mrr_at_100":0.31905,"mrr_at_1000":0.31912}},"main_score":"ndcg_at_10"}