{"task_name":"Language Identification","task_description":"A dataset for Nordic language identification.","task_version":"1.1.1","time_of_run":"2024-01-30T11:38:50.076536","scores":{"da":{"accuracy":0.35386666666666666,"f1":0.3474983063027639,"accuracy_stderr":0.010635579700023675,"f1_stderr":0.010205430817885597,"main_score":0.35386666666666666},"sv":{"accuracy":0.35386666666666666,"f1":0.3474983063027639,"accuracy_stderr":0.010635579700023675,"f1_stderr":0.010205430817885597,"main_score":0.35386666666666666},"nb":{"accuracy":0.35386666666666666,"f1":0.3474983063027639,"accuracy_stderr":0.010635579700023675,"f1_stderr":0.010205430817885597,"main_score":0.35386666666666666},"nn":{"accuracy":0.35386666666666666,"f1":0.3474983063027639,"accuracy_stderr":0.010635579700023675,"f1_stderr":0.010205430817885597,"main_score":0.35386666666666666},"is":{"accuracy":0.35386666666666666,"f1":0.3474983063027639,"accuracy_stderr":0.010635579700023675,"f1_stderr":0.010205430817885597,"main_score":0.35386666666666666},"fo":{"accuracy":0.35386666666666666,"f1":0.3474983063027639,"accuracy_stderr":0.010635579700023675,"f1_stderr":0.010205430817885597,"main_score":0.35386666666666666}},"main_score":"accuracy"}