{"task_name":"Massive Scenario","task_description":"MASSIVE: A 1M-Example Multilingual Natural Language Understanding Dataset with 51 Typologically-Diverse Languages","task_version":"1.1.1","time_of_run":"2024-01-30T11:28:53.890525","scores":{"da":{"accuracy":0.6523873570948219,"f1":0.6330101816140603,"accuracy_stderr":0.017971350361487184,"f1_stderr":0.017387997719007987,"main_score":0.6523873570948219},"nb":{"accuracy":0.642871553463349,"f1":0.6240202970047466,"accuracy_stderr":0.02334460927972955,"f1_stderr":0.023415024180900877,"main_score":0.642871553463349},"sv":{"accuracy":0.6600874243443174,"f1":0.6386055303219663,"accuracy_stderr":0.017692785073748635,"f1_stderr":0.017498030932514213,"main_score":0.6600874243443174}},"main_score":"accuracy"}