{"task_name":"Massive Intent","task_description":"MASSIVE: A 1M-Example Multilingual Natural Language Understanding Dataset with 51 Typologically-Diverse Languages","task_version":"1.1.1","time_of_run":"2024-01-30T11:27:38.056681","scores":{"da":{"accuracy":0.5824815063887021,"f1":0.5522587192541039,"accuracy_stderr":0.01329436805671309,"f1_stderr":0.015025445398245869,"main_score":0.5824815063887021},"nb":{"accuracy":0.5790517821116341,"f1":0.5530143553035799,"accuracy_stderr":0.013544096836515878,"f1_stderr":0.010954019815373053,"main_score":0.5790517821116341},"sv":{"accuracy":0.5966039004707465,"f1":0.5657088621093,"accuracy_stderr":0.011471953857008974,"f1_stderr":0.015056395109668616,"main_score":0.5966039004707465}},"main_score":"accuracy"}