{"task_name":"NorQuad","task_description":"Human-created question for Norwegian wikipedia passages.","task_version":"0.0.1","time_of_run":"2024-01-30T11:46:04.085813","scores":{"nb":{"ndcg_at_1":0.32812,"ndcg_at_3":0.26082,"ndcg_at_5":0.28314,"ndcg_at_10":0.30487,"ndcg_at_100":0.35674,"ndcg_at_1000":0.40736,"map_at_1":0.16406,"map_at_3":0.20711,"map_at_5":0.22003,"map_at_10":0.22938,"map_at_100":0.23959,"map_at_1000":0.24172,"recall_at_1":0.16406,"recall_at_3":0.24854,"recall_at_5":0.29297,"recall_at_10":0.34717,"recall_at_100":0.55811,"recall_at_1000":0.90186,"precision_at_1":0.32812,"precision_at_3":0.16569,"precision_at_5":0.11719,"precision_at_10":0.06943,"precision_at_100":0.01116,"precision_at_1000":0.0018,"mrr_at_1":0.32812,"mrr_at_3":0.38721,"mrr_at_5":0.40151,"mrr_at_10":0.41252,"mrr_at_100":0.4226,"mrr_at_1000":0.42332}},"main_score":"ndcg_at_10"}