{"task_name":"ScaLA","task_description":"A linguistic acceptability task for Danish, Norwegian Bokmål Norwegian Nynorsk and Swedish.","task_version":"1.1.1","time_of_run":"2024-01-30T11:30:47.24274","scores":{"da":{"accuracy":0.505224609375,"f1":0.5005374681292547,"ap":0.5026614198556448,"accuracy_stderr":0.005627110403260142,"f1_stderr":0.005933743719658914,"ap_stderr":0.002854242435161259,"main_score":0.505224609375},"nb":{"accuracy":0.505029296875,"f1":0.501423026755272,"ap":0.5025706716162868,"accuracy_stderr":0.005227346683627371,"f1_stderr":0.006623963134889719,"ap_stderr":0.0026875320957752613,"main_score":0.505029296875},"sv":{"accuracy":0.505126953125,"f1":0.5027734052695901,"ap":0.5026196646716076,"accuracy_stderr":0.005264613928917926,"f1_stderr":0.006166412426510387,"ap_stderr":0.0027080709887267007,"main_score":0.505126953125},"nn":{"accuracy":0.501904296875,"f1":0.4984555038583812,"ap":0.5009890420656065,"accuracy_stderr":0.006185773820631479,"f1_stderr":0.005666321299343631,"ap_stderr":0.003103539853877571,"main_score":0.501904296875}},"main_score":"accuracy"}