{"task_name":"SNL Retrieval","task_description":"Webscrabed articles and ingresses from the Norwegian lexicon 'Det Store Norske Leksikon'.","task_version":"0.0.1","time_of_run":"2024-01-30T11:45:06.445902","scores":{"nb":{"ndcg_at_1":0.46769,"ndcg_at_3":0.54579,"ndcg_at_5":0.57029,"ndcg_at_10":0.59321,"ndcg_at_100":0.62842,"ndcg_at_1000":0.63993,"map_at_1":0.46769,"map_at_3":0.52654,"map_at_5":0.54019,"map_at_10":0.54981,"map_at_100":0.55641,"map_at_1000":0.55682,"recall_at_1":0.46769,"recall_at_3":0.60154,"recall_at_5":0.66077,"recall_at_10":0.73077,"recall_at_100":0.90231,"recall_at_1000":0.99385,"precision_at_1":0.46769,"precision_at_3":0.20051,"precision_at_5":0.13215,"precision_at_10":0.07308,"precision_at_100":0.00902,"precision_at_1000":0.00099,"mrr_at_1":0.46769,"mrr_at_3":0.52654,"mrr_at_5":0.54019,"mrr_at_10":0.54981,"mrr_at_100":0.55641,"mrr_at_1000":0.55682}},"main_score":"ndcg_at_10"}