{"task_name":"SwednRetrieval","task_description":"News Article Summary Semantic Similarity Estimation.","task_version":"0.0.1","time_of_run":"2024-01-30T11:49:49.478376","scores":{"sv":{"ndcg_at_1":0.49414,"ndcg_at_3":0.43534,"ndcg_at_5":0.47125,"ndcg_at_10":0.50415,"ndcg_at_100":0.5637,"ndcg_at_1000":0.58686,"map_at_1":0.24707,"map_at_3":0.37671,"map_at_5":0.40247,"map_at_10":0.42052,"map_at_100":0.43568,"map_at_1000":0.4368,"recall_at_1":0.24707,"recall_at_3":0.42969,"recall_at_5":0.50098,"recall_at_10":0.58398,"recall_at_100":0.8208,"recall_at_1000":0.97266,"precision_at_1":0.49414,"precision_at_3":0.28646,"precision_at_5":0.20039,"precision_at_10":0.1168,"precision_at_100":0.01642,"precision_at_1000":0.00195,"mrr_at_1":0.49414,"mrr_at_3":0.56283,"mrr_at_5":0.57616,"mrr_at_10":0.58427,"mrr_at_100":0.59046,"mrr_at_1000":0.59084}},"main_score":"ndcg_at_10"}