{"task_name":"SweFAQ","task_description":"A Swedish QA dataset derived from FAQ","task_version":"0.0.1","time_of_run":"2024-01-30T11:47:58.351372","scores":{"sv":{"ndcg_at_1":0.31384,"ndcg_at_3":0.43404,"ndcg_at_5":0.46323,"ndcg_at_10":0.50059,"ndcg_at_100":0.55105,"ndcg_at_1000":0.55856,"map_at_1":0.31384,"map_at_3":0.40481,"map_at_5":0.4207,"map_at_10":0.43621,"map_at_100":0.44649,"map_at_1000":0.44682,"recall_at_1":0.31384,"recall_at_3":0.51852,"recall_at_5":0.59064,"recall_at_10":0.70565,"recall_at_100":0.94347,"recall_at_1000":1.0,"precision_at_1":0.31384,"precision_at_3":0.17284,"precision_at_5":0.11813,"precision_at_10":0.07057,"precision_at_100":0.00943,"precision_at_1000":0.001,"mrr_at_1":0.31384,"mrr_at_3":0.40481,"mrr_at_5":0.4207,"mrr_at_10":0.43621,"mrr_at_100":0.44649,"mrr_at_1000":0.44682}},"main_score":"ndcg_at_10"}