{"task_name":"TV2Nord Retrieval","task_description":"News Article and corresponding summaries extracted from the Danish newspaper TV2 Nord.","task_version":"1.1.1","time_of_run":"2024-01-30T11:24:51.300016","scores":{"da":{"ndcg_at_1":0.6543,"ndcg_at_3":0.7294,"ndcg_at_5":0.74709,"ndcg_at_10":0.76295,"ndcg_at_100":0.78496,"ndcg_at_1000":0.78778,"map_at_1":0.6543,"map_at_3":0.71126,"map_at_5":0.72108,"map_at_10":0.72748,"map_at_100":0.73215,"map_at_1000":0.73225,"recall_at_1":0.6543,"recall_at_3":0.78174,"recall_at_5":0.82471,"recall_at_10":0.87451,"recall_at_100":0.97607,"recall_at_1000":0.99854,"precision_at_1":0.6543,"precision_at_3":0.26058,"precision_at_5":0.16494,"precision_at_10":0.08745,"precision_at_100":0.00976,"precision_at_1000":0.001,"mrr_at_1":0.6543,"mrr_at_3":0.71126,"mrr_at_5":0.72108,"mrr_at_10":0.72748,"mrr_at_100":0.73215,"mrr_at_1000":0.73225}},"main_score":"ndcg_at_10"}