{"task_name":"Twitterhjerne","task_description":"Danish question asked on Twitter with the Hashtag #Twitterhjerne ('Twitter brain') and their corresponding answer.","task_version":"1.1.1","time_of_run":"2024-01-30T11:25:01.9322","scores":{"da":{"ndcg_at_1":0.37179,"ndcg_at_3":0.34078,"ndcg_at_5":0.35752,"ndcg_at_10":0.4168,"ndcg_at_100":0.50572,"ndcg_at_1000":0.54214,"map_at_1":0.1062,"map_at_3":0.21574,"map_at_5":0.26731,"map_at_10":0.3056,"map_at_100":0.33255,"map_at_1000":0.33604,"recall_at_1":0.1062,"recall_at_3":0.2688,"recall_at_5":0.37051,"recall_at_10":0.50385,"recall_at_100":0.7985,"recall_at_1000":0.98718,"precision_at_1":0.37179,"precision_at_3":0.31197,"precision_at_5":0.25641,"precision_at_10":0.17308,"precision_at_100":0.02769,"precision_at_1000":0.00336,"mrr_at_1":0.37179,"mrr_at_3":0.47436,"mrr_at_5":0.49038,"mrr_at_10":0.50728,"mrr_at_100":0.51776,"mrr_at_1000":0.51793}},"main_score":"ndcg_at_10"}