{"task_name":"Bornholm Parallel","task_description":"Danish Bornholmsk Parallel Corpus. Bornholmsk is a Danish dialect spoken on the island of Bornholm, Denmark. Historically it is a part of east Danish which was also spoken in Scania and Halland, Sweden.","task_version":"1.0.3.dev0","time_of_run":"2023-07-27T20:32:58.712297","scores":{"da":{"precision":0.01242835966922654,"recall":0.028,"f1":0.01438003170260352,"accuracy":0.028,"main_score":0.01438003170260352},"da-bornholm":{"precision":0.01242835966922654,"recall":0.028,"f1":0.01438003170260352,"accuracy":0.028,"main_score":0.01438003170260352}},"main_score":"f1"}