{"task_name":"DanFEVER","task_description":"A Danish dataset intended for misinformation research. It follows the same format as the English FEVER dataset.","task_version":"1.1.1","time_of_run":"2024-01-30T11:06:00.255961","scores":{"da":{"ndcg_at_1":0.03264,"ndcg_at_3":0.04129,"ndcg_at_5":0.04465,"ndcg_at_10":0.04759,"ndcg_at_100":0.05883,"ndcg_at_1000":0.08485,"map_at_1":0.03264,"map_at_3":0.03918,"map_at_5":0.04104,"map_at_10":0.04226,"map_at_100":0.04411,"map_at_1000":0.04473,"recall_at_1":0.03264,"recall_at_3":0.04739,"recall_at_5":0.05555,"recall_at_10":0.06465,"recall_at_100":0.12255,"recall_at_1000":0.34984,"precision_at_1":0.03264,"precision_at_3":0.0158,"precision_at_5":0.01111,"precision_at_10":0.00646,"precision_at_100":0.00123,"precision_at_1000":0.00035,"mrr_at_1":0.03264,"mrr_at_3":0.03918,"mrr_at_5":0.04104,"mrr_at_10":0.04226,"mrr_at_100":0.04411,"mrr_at_1000":0.04473}},"main_score":"ndcg_at_10"}