{"task_name":"Language Identification","task_description":"A dataset for Nordic language identification.","task_version":"1.0.3.dev0","time_of_run":"2023-07-27T20:36:16.178463","scores":{"da":{"accuracy":0.5781999999999999,"f1":0.5741478053962179,"accuracy_stderr":0.017301380805524676,"f1_stderr":0.01943559028700142,"main_score":0.5781999999999999},"sv":{"accuracy":0.5781999999999999,"f1":0.5741478053962179,"accuracy_stderr":0.017301380805524676,"f1_stderr":0.01943559028700142,"main_score":0.5781999999999999},"nb":{"accuracy":0.5781999999999999,"f1":0.5741478053962179,"accuracy_stderr":0.017301380805524676,"f1_stderr":0.01943559028700142,"main_score":0.5781999999999999},"nn":{"accuracy":0.5781999999999999,"f1":0.5741478053962179,"accuracy_stderr":0.017301380805524676,"f1_stderr":0.01943559028700142,"main_score":0.5781999999999999},"is":{"accuracy":0.5781999999999999,"f1":0.5741478053962179,"accuracy_stderr":0.017301380805524676,"f1_stderr":0.01943559028700142,"main_score":0.5781999999999999},"fo":{"accuracy":0.5781999999999999,"f1":0.5741478053962179,"accuracy_stderr":0.017301380805524676,"f1_stderr":0.01943559028700142,"main_score":0.5781999999999999}},"main_score":"accuracy"}