{"task_name":"Massive Scenario","task_description":"MASSIVE: A 1M-Example Multilingual Natural Language Understanding Dataset with 51 Typologically-Diverse Languages","task_version":"1.0.3.dev0","time_of_run":"2023-07-27T20:35:04.712217","scores":{"da":{"accuracy":0.28934095494283796,"f1":0.2721739007115139,"accuracy_stderr":0.012764345785374599,"f1_stderr":0.010201933258922631,"main_score":0.28934095494283796},"nb":{"accuracy":0.2729657027572293,"f1":0.2550361435799058,"accuracy_stderr":0.012971310319977877,"f1_stderr":0.008997820373006915,"main_score":0.2729657027572293},"sv":{"accuracy":0.2992938802958978,"f1":0.28544183384003097,"accuracy_stderr":0.018575017991964805,"f1_stderr":0.017308765160599954,"main_score":0.2992938802958978}},"main_score":"accuracy"}