{"task_name":"Massive Intent","task_description":"MASSIVE: A 1M-Example Multilingual Natural Language Understanding Dataset with 51 Typologically-Diverse Languages","task_version":"1.0.3.dev0","time_of_run":"2023-07-27T20:34:20.033507","scores":{"da":{"accuracy":0.2629791526563551,"f1":0.22980369734119951,"accuracy_stderr":0.008387942541855315,"f1_stderr":0.007579204651192388,"main_score":0.2629791526563551},"nb":{"accuracy":0.24603227975790182,"f1":0.21966728945303612,"accuracy_stderr":0.011219838214051958,"f1_stderr":0.011543763578443968,"main_score":0.24603227975790182},"sv":{"accuracy":0.27575655682582384,"f1":0.24809328854347754,"accuracy_stderr":0.015714273262737038,"f1_stderr":0.014263974098066344,"main_score":0.27575655682582384}},"main_score":"accuracy"}