{"task_name":"NorQuad","task_description":"Human-created question for Norwegian wikipedia passages.","task_version":"0.0.1","time_of_run":"2024-01-30T11:07:20.976112","scores":{"nb":{"ndcg_at_1":0.00488,"ndcg_at_3":0.00443,"ndcg_at_5":0.00492,"ndcg_at_10":0.00712,"ndcg_at_100":0.02969,"ndcg_at_1000":0.11398,"map_at_1":0.00244,"map_at_3":0.00334,"map_at_5":0.00356,"map_at_10":0.00424,"map_at_100":0.00706,"map_at_1000":0.00921,"recall_at_1":0.00244,"recall_at_3":0.00439,"recall_at_5":0.00537,"recall_at_10":0.01123,"recall_at_100":0.10938,"recall_at_1000":0.70215,"precision_at_1":0.00488,"precision_at_3":0.00293,"precision_at_5":0.00215,"precision_at_10":0.00225,"precision_at_100":0.00219,"precision_at_1000":0.0014,"mrr_at_1":0.00488,"mrr_at_3":0.00667,"mrr_at_5":0.00711,"mrr_at_10":0.00848,"mrr_at_100":0.014,"mrr_at_1000":0.01664}},"main_score":"ndcg_at_10"}