{"task_name":"Norwegian courts","task_description":"Nynorsk and Bokmål parallel corpus from Norwegian courts. Norway has two standardised written languages. Bokmål is a variant closer to Danish, while Nynorsk was created to resemble regional dialects of Norwegian.","task_version":"1.1.1","time_of_run":"2024-01-30T11:06:27.683153","scores":{"nb":{"precision":0.6518031189083819,"recall":0.7368421052631579,"f1":0.676169590643275,"accuracy":0.7368421052631579,"main_score":0.676169590643275},"nn":{"precision":0.6518031189083819,"recall":0.7368421052631579,"f1":0.676169590643275,"accuracy":0.7368421052631579,"main_score":0.676169590643275}},"main_score":"f1"}