{"task_name":"SNL Retrieval","task_description":"Webscrabed articles and ingresses from the Norwegian lexicon 'Det Store Norske Leksikon'.","task_version":"0.0.1","time_of_run":"2024-01-30T11:07:11.88276","scores":{"nb":{"ndcg_at_1":0.00154,"ndcg_at_3":0.00522,"ndcg_at_5":0.00552,"ndcg_at_10":0.00726,"ndcg_at_100":0.02785,"ndcg_at_1000":0.10959,"map_at_1":0.00154,"map_at_3":0.00436,"map_at_5":0.00451,"map_at_10":0.00524,"map_at_100":0.00814,"map_at_1000":0.01018,"recall_at_1":0.00154,"recall_at_3":0.00769,"recall_at_5":0.00846,"recall_at_10":0.01385,"recall_at_100":0.12615,"recall_at_1000":0.83154,"precision_at_1":0.00154,"precision_at_3":0.00256,"precision_at_5":0.00169,"precision_at_10":0.00138,"precision_at_100":0.00126,"precision_at_1000":0.00083,"mrr_at_1":0.00154,"mrr_at_3":0.00436,"mrr_at_5":0.00451,"mrr_at_10":0.00524,"mrr_at_100":0.00814,"mrr_at_1000":0.01018}},"main_score":"ndcg_at_10"}