{"task_name":"SwednRetrieval","task_description":"News Article Summary Semantic Similarity Estimation.","task_version":"0.0.1","time_of_run":"2024-01-30T11:07:39.133287","scores":{"sv":{"ndcg_at_1":0.01172,"ndcg_at_3":0.00892,"ndcg_at_5":0.01064,"ndcg_at_10":0.01343,"ndcg_at_100":0.03194,"ndcg_at_1000":0.1048,"map_at_1":0.00586,"map_at_3":0.00692,"map_at_5":0.0077,"map_at_10":0.00867,"map_at_100":0.01096,"map_at_1000":0.01285,"recall_at_1":0.00586,"recall_at_3":0.0083,"recall_at_5":0.01172,"recall_at_10":0.01855,"recall_at_100":0.09961,"recall_at_1000":0.61182,"precision_at_1":0.01172,"precision_at_3":0.00553,"precision_at_5":0.00469,"precision_at_10":0.00371,"precision_at_100":0.00199,"precision_at_1000":0.00122,"mrr_at_1":0.01172,"mrr_at_3":0.01383,"mrr_at_5":0.0154,"mrr_at_10":0.01734,"mrr_at_100":0.0217,"mrr_at_1000":0.02395}},"main_score":"ndcg_at_10"}