{"task_name":"SweFAQ","task_description":"A Swedish QA dataset derived from FAQ","task_version":"0.0.1","time_of_run":"2023-09-04T19:24:27.873872","scores":{"sv":{"ndcg_at_1":0.03314,"ndcg_at_3":0.04344,"ndcg_at_5":0.04999,"ndcg_at_10":0.05488,"ndcg_at_100":0.10303,"ndcg_at_1000":0.18607,"map_at_1":0.03314,"map_at_3":0.04094,"map_at_5":0.04464,"map_at_10":0.04657,"map_at_100":0.0538,"map_at_1000":0.05661,"recall_at_1":0.03314,"recall_at_3":0.05068,"recall_at_5":0.06628,"recall_at_10":0.08187,"recall_at_100":0.33723,"recall_at_1000":1.0,"precision_at_1":0.03314,"precision_at_3":0.01689,"precision_at_5":0.01326,"precision_at_10":0.00819,"precision_at_100":0.00337,"precision_at_1000":0.001,"mrr_at_1":0.03314,"mrr_at_3":0.04094,"mrr_at_5":0.04464,"mrr_at_10":0.04657,"mrr_at_100":0.0538,"mrr_at_1000":0.05661}},"main_score":"ndcg_at_10"}