{"task_name":"TV2Nord Retrieval","task_description":"News Article and corresponding summaries extracted from the Danish newspaper TV2 Nord.","task_version":"1.1.1","time_of_run":"2024-01-30T11:06:24.545922","scores":{"da":{"ndcg_at_1":0.00928,"ndcg_at_3":0.0183,"ndcg_at_5":0.0236,"ndcg_at_10":0.02993,"ndcg_at_100":0.06896,"ndcg_at_1000":0.12846,"map_at_1":0.00928,"map_at_3":0.01603,"map_at_5":0.01889,"map_at_10":0.02151,"map_at_100":0.02783,"map_at_1000":0.02956,"recall_at_1":0.00928,"recall_at_3":0.0249,"recall_at_5":0.03809,"recall_at_10":0.05762,"recall_at_100":0.25977,"recall_at_1000":0.7583,"precision_at_1":0.00928,"precision_at_3":0.0083,"precision_at_5":0.00762,"precision_at_10":0.00576,"precision_at_100":0.0026,"precision_at_1000":0.00076,"mrr_at_1":0.00928,"mrr_at_3":0.01603,"mrr_at_5":0.01889,"mrr_at_10":0.02151,"mrr_at_100":0.02783,"mrr_at_1000":0.02956}},"main_score":"ndcg_at_10"}