{"task_name":"Twitterhjerne","task_description":"Danish question asked on Twitter with the Hashtag #Twitterhjerne ('Twitter brain') and their corresponding answer.","task_version":"1.1.1","time_of_run":"2024-01-30T11:06:26.397955","scores":{"da":{"ndcg_at_1":0.05128,"ndcg_at_3":0.04632,"ndcg_at_5":0.04738,"ndcg_at_10":0.06241,"ndcg_at_100":0.16052,"ndcg_at_1000":0.26794,"map_at_1":0.01581,"map_at_3":0.02439,"map_at_5":0.02726,"map_at_10":0.03217,"map_at_100":0.04921,"map_at_1000":0.0578,"recall_at_1":0.01581,"recall_at_3":0.0344,"recall_at_5":0.04765,"recall_at_10":0.07778,"recall_at_100":0.42457,"recall_at_1000":0.98718,"precision_at_1":0.05128,"precision_at_3":0.04274,"precision_at_5":0.0359,"precision_at_10":0.03077,"precision_at_100":0.01564,"precision_at_1000":0.00336,"mrr_at_1":0.05128,"mrr_at_3":0.07906,"mrr_at_5":0.08996,"mrr_at_10":0.10165,"mrr_at_100":0.11733,"mrr_at_1000":0.11869}},"main_score":"ndcg_at_10"}