{"task_name":"Bornholm Parallel","task_description":"Danish Bornholmsk Parallel Corpus. Bornholmsk is a Danish dialect spoken on the island of Bornholm, Denmark. Historically it is a part of east Danish which was also spoken in Scania and Halland, Sweden.","task_version":"1.1.1","time_of_run":"2024-02-28T11:56:15.890770","scores":{"da":{"precision":0.29654073508191153,"recall":0.374,"f1":0.3145393384393384,"accuracy":0.374,"main_score":0.3145393384393384},"da-bornholm":{"precision":0.29654073508191153,"recall":0.374,"f1":0.3145393384393384,"accuracy":0.374,"main_score":0.3145393384393384}},"main_score":"f1"}