{"task_name":"Language Identification","task_description":"A dataset for Nordic language identification.","task_version":"1.1.1","time_of_run":"2024-02-28T13:59:46.671331","scores":{"da":{"accuracy":0.7327999999999999,"f1":0.7260552919853419,"accuracy_stderr":0.00841057535355208,"f1_stderr":0.008459681788141396,"main_score":0.7327999999999999},"sv":{"accuracy":0.7327999999999999,"f1":0.7260552919853419,"accuracy_stderr":0.00841057535355208,"f1_stderr":0.008459681788141396,"main_score":0.7327999999999999},"nb":{"accuracy":0.7327999999999999,"f1":0.7260552919853419,"accuracy_stderr":0.00841057535355208,"f1_stderr":0.008459681788141396,"main_score":0.7327999999999999},"nn":{"accuracy":0.7327999999999999,"f1":0.7260552919853419,"accuracy_stderr":0.00841057535355208,"f1_stderr":0.008459681788141396,"main_score":0.7327999999999999},"is":{"accuracy":0.7327999999999999,"f1":0.7260552919853419,"accuracy_stderr":0.00841057535355208,"f1_stderr":0.008459681788141396,"main_score":0.7327999999999999},"fo":{"accuracy":0.7327999999999999,"f1":0.7260552919853419,"accuracy_stderr":0.00841057535355208,"f1_stderr":0.008459681788141396,"main_score":0.7327999999999999}},"main_score":"accuracy"}