{"task_name":"Massive Intent","task_description":"MASSIVE: A 1M-Example Multilingual Natural Language Understanding Dataset with 51 Typologically-Diverse Languages","task_version":"1.1.1","time_of_run":"2024-02-28T13:26:02.136031","scores":{"da":{"accuracy":0.6616005379959651,"f1":0.6276736692937303,"accuracy_stderr":0.011015582339797575,"f1_stderr":0.007459565049141209,"main_score":0.6616005379959651},"nb":{"accuracy":0.6167114996637526,"f1":0.5897983293491609,"accuracy_stderr":0.015494005043539805,"f1_stderr":0.012633629074973401,"main_score":0.6167114996637526},"sv":{"accuracy":0.6309011432414258,"f1":0.593340814913099,"accuracy_stderr":0.009405377516014739,"f1_stderr":0.00845282710282545,"main_score":0.6309011432414258}},"main_score":"accuracy"}