{"task_name":"Massive Scenario","task_description":"MASSIVE: A 1M-Example Multilingual Natural Language Understanding Dataset with 51 Typologically-Diverse Languages","task_version":"1.1.1","time_of_run":"2024-02-28T13:37:44.506173","scores":{"da":{"accuracy":0.6985877605917955,"f1":0.6887505219592648,"accuracy_stderr":0.0157521805520112,"f1_stderr":0.016462274802523904,"main_score":0.6985877605917955},"nb":{"accuracy":0.6587088096839274,"f1":0.6455713230498253,"accuracy_stderr":0.014207003089307576,"f1_stderr":0.014931931262988491,"main_score":0.6587088096839274},"sv":{"accuracy":0.6673167451244115,"f1":0.6548203534773233,"accuracy_stderr":0.018813159085285757,"f1_stderr":0.019288831425495888,"main_score":0.6673167451244115}},"main_score":"accuracy"}