{"task_name":"ScaLA","task_description":"A linguistic acceptability task for Danish, Norwegian Bokmål Norwegian Nynorsk and Swedish.","task_version":"1.1.1","time_of_run":"2024-02-28T13:53:26.783436","scores":{"da":{"accuracy":0.537255859375,"f1":0.5319553240123991,"ap":0.5204128002389032,"accuracy_stderr":0.011563196934496414,"f1_stderr":0.011038112495502045,"ap_stderr":0.00693142958102221,"main_score":0.537255859375},"nb":{"accuracy":0.52197265625,"f1":0.5188728771173404,"ap":0.5115349304418402,"accuracy_stderr":0.009349024071989162,"f1_stderr":0.010148504767520819,"ap_stderr":0.004994579220545466,"main_score":0.52197265625},"sv":{"accuracy":0.50869140625,"f1":0.5042978667347144,"ap":0.5044900568892218,"accuracy_stderr":0.008604840145277612,"f1_stderr":0.0124577933698347,"ap_stderr":0.004421507279289928,"main_score":0.50869140625},"nn":{"accuracy":0.51025390625,"f1":0.5067493298967657,"ap":0.5053129410224184,"accuracy_stderr":0.010228297634981377,"f1_stderr":0.008860874761495304,"ap_stderr":0.005303596439191231,"main_score":0.51025390625}},"main_score":"accuracy"}