{"task_name":"TV2Nord Retrieval","task_description":"News Article and corresponding summaries extracted from the Danish newspaper TV2 Nord.","task_version":"1.1.1","time_of_run":"2024-02-28T12:34:58.522329","scores":{"da":{"ndcg_at_1":0.64551,"ndcg_at_3":0.72357,"ndcg_at_5":0.74108,"ndcg_at_10":0.75992,"ndcg_at_100":0.78031,"ndcg_at_1000":0.78386,"map_at_1":0.64551,"map_at_3":0.70492,"map_at_5":0.71463,"map_at_10":0.72245,"map_at_100":0.7268,"map_at_1000":0.72695,"recall_at_1":0.64551,"recall_at_3":0.77734,"recall_at_5":0.81982,"recall_at_10":0.87793,"recall_at_100":0.97119,"recall_at_1000":0.99854,"precision_at_1":0.64551,"precision_at_3":0.25911,"precision_at_5":0.16396,"precision_at_10":0.08779,"precision_at_100":0.00971,"precision_at_1000":0.001,"mrr_at_1":0.64551,"mrr_at_3":0.70492,"mrr_at_5":0.71463,"mrr_at_10":0.72245,"mrr_at_100":0.7268,"mrr_at_1000":0.72695}},"main_score":"ndcg_at_10"}