{"task_name":"Twitterhjerne","task_description":"Danish question asked on Twitter with the Hashtag #Twitterhjerne ('Twitter brain') and their corresponding answer.","task_version":"1.1.1","time_of_run":"2024-02-28T12:35:31.521578","scores":{"da":{"ndcg_at_1":0.14103,"ndcg_at_3":0.1124,"ndcg_at_5":0.11106,"ndcg_at_10":0.11608,"ndcg_at_100":0.2905,"ndcg_at_1000":0.40589,"map_at_1":0.04487,"map_at_3":0.08511,"map_at_5":0.09484,"map_at_10":0.09809,"map_at_100":0.11505,"map_at_1000":0.12076,"recall_at_1":0.04487,"recall_at_3":0.09081,"recall_at_5":0.1047,"recall_at_10":0.11538,"recall_at_100":0.57692,"recall_at_1000":1.0,"precision_at_1":0.14103,"precision_at_3":0.09829,"precision_at_5":0.06923,"precision_at_10":0.03846,"precision_at_100":0.00551,"precision_at_1000":0.00062,"mrr_at_1":0.60256,"mrr_at_3":0.66239,"mrr_at_5":0.6688,"mrr_at_10":0.68118,"mrr_at_100":0.68596,"mrr_at_1000":0.68612}},"main_score":"ndcg_at_10"}