{"task_name":"Bornholm Parallel","task_description":"Danish Bornholmsk Parallel Corpus. Bornholmsk is a Danish dialect spoken on the island of Bornholm, Denmark. Historically it is a part of east Danish which was also spoken in Scania and Halland, Sweden.","task_version":"1.0.3.dev0","time_of_run":"2023-07-27T23:30:37.205614","scores":{"da":{"precision":0.0603645764405845,"recall":0.092,"f1":0.06602699130934425,"accuracy":0.092,"main_score":0.06602699130934425},"da-bornholm":{"precision":0.0603645764405845,"recall":0.092,"f1":0.06602699130934425,"accuracy":0.092,"main_score":0.06602699130934425}},"main_score":"f1"}