{"task_name":"DanFEVER","task_description":"A Danish dataset intended for misinformation research. It follows the same format as the English FEVER dataset.","task_version":"1.1.1","time_of_run":"2024-01-30T14:24:56.556398","scores":{"da":{"ndcg_at_1":0.12882,"ndcg_at_3":0.14792,"ndcg_at_5":0.1542,"ndcg_at_10":0.16006,"ndcg_at_100":0.17874,"ndcg_at_1000":0.19716,"map_at_1":0.12882,"map_at_3":0.14329,"map_at_5":0.14678,"map_at_10":0.14918,"map_at_100":0.15255,"map_at_1000":0.15309,"recall_at_1":0.12882,"recall_at_3":0.16131,"recall_at_5":0.17653,"recall_at_10":0.19473,"recall_at_100":0.28762,"recall_at_1000":0.44124,"precision_at_1":0.12882,"precision_at_3":0.05377,"precision_at_5":0.03531,"precision_at_10":0.01947,"precision_at_100":0.00288,"precision_at_1000":0.00044,"mrr_at_1":0.12882,"mrr_at_3":0.14329,"mrr_at_5":0.14678,"mrr_at_10":0.14918,"mrr_at_100":0.15255,"mrr_at_1000":0.15309}},"main_score":"ndcg_at_10"}