{"task_name":"Language Identification","task_description":"A dataset for Nordic language identification.","task_version":"1.0.3.dev0","time_of_run":"2023-07-27T23:41:03.343376","scores":{"da":{"accuracy":0.6245,"f1":0.621903954791346,"accuracy_stderr":0.01292306293243035,"f1_stderr":0.012823268129236837,"main_score":0.6245},"sv":{"accuracy":0.6245,"f1":0.621903954791346,"accuracy_stderr":0.01292306293243035,"f1_stderr":0.012823268129236837,"main_score":0.6245},"nb":{"accuracy":0.6245,"f1":0.621903954791346,"accuracy_stderr":0.01292306293243035,"f1_stderr":0.012823268129236837,"main_score":0.6245},"nn":{"accuracy":0.6245,"f1":0.621903954791346,"accuracy_stderr":0.01292306293243035,"f1_stderr":0.012823268129236837,"main_score":0.6245},"is":{"accuracy":0.6245,"f1":0.621903954791346,"accuracy_stderr":0.01292306293243035,"f1_stderr":0.012823268129236837,"main_score":0.6245},"fo":{"accuracy":0.6245,"f1":0.621903954791346,"accuracy_stderr":0.01292306293243035,"f1_stderr":0.012823268129236837,"main_score":0.6245}},"main_score":"accuracy"}