{"task_name":"Massive Scenario","task_description":"MASSIVE: A 1M-Example Multilingual Natural Language Understanding Dataset with 51 Typologically-Diverse Languages","task_version":"1.0.3.dev0","time_of_run":"2023-07-27T23:37:28.577205","scores":{"da":{"accuracy":0.40437121721587077,"f1":0.3723288747252761,"accuracy_stderr":0.0217415653668484,"f1_stderr":0.019283422341780296,"main_score":0.40437121721587077},"nb":{"accuracy":0.35763281775386685,"f1":0.3412599346756071,"accuracy_stderr":0.02580146772548029,"f1_stderr":0.0237566412933957,"main_score":0.35763281775386685},"sv":{"accuracy":0.5609280430396772,"f1":0.547979935150986,"accuracy_stderr":0.024760603110657826,"f1_stderr":0.02207147319053608,"main_score":0.5609280430396772}},"main_score":"accuracy"}