{"task_name":"Massive Intent","task_description":"MASSIVE: A 1M-Example Multilingual Natural Language Understanding Dataset with 51 Typologically-Diverse Languages","task_version":"1.0.3.dev0","time_of_run":"2023-07-27T23:35:38.694124","scores":{"da":{"accuracy":0.37982515131136513,"f1":0.3448174943380284,"accuracy_stderr":0.011440520880727738,"f1_stderr":0.009748846860402905,"main_score":0.37982515131136513},"nb":{"accuracy":0.3574983187626093,"f1":0.3338735327824476,"accuracy_stderr":0.01486943985314982,"f1_stderr":0.011441579699662988,"main_score":0.3574983187626093},"sv":{"accuracy":0.5275386684599865,"f1":0.4917374109552649,"accuracy_stderr":0.00907799693547891,"f1_stderr":0.007623106603827818,"main_score":0.5275386684599865}},"main_score":"accuracy"}