{"task_name":"NorQuad","task_description":"Human-created question for Norwegian wikipedia passages.","task_version":"0.0.1","time_of_run":"2024-01-30T14:32:22.046709","scores":{"nb":{"ndcg_at_1":0.00488,"ndcg_at_3":0.00548,"ndcg_at_5":0.00695,"ndcg_at_10":0.00998,"ndcg_at_100":0.02714,"ndcg_at_1000":0.11725,"map_at_1":0.00244,"map_at_3":0.00399,"map_at_5":0.00465,"map_at_10":0.00563,"map_at_100":0.00792,"map_at_1000":0.01024,"recall_at_1":0.00244,"recall_at_3":0.00586,"recall_at_5":0.00879,"recall_at_10":0.0166,"recall_at_100":0.09033,"recall_at_1000":0.72705,"precision_at_1":0.00488,"precision_at_3":0.00391,"precision_at_5":0.00352,"precision_at_10":0.00332,"precision_at_100":0.00181,"precision_at_1000":0.00145,"mrr_at_1":0.00488,"mrr_at_3":0.00798,"mrr_at_5":0.00929,"mrr_at_10":0.01127,"mrr_at_100":0.01549,"mrr_at_1000":0.01809}},"main_score":"ndcg_at_10"}