{"task_name":"Norwegian courts","task_description":"Nynorsk and Bokmål parallel corpus from Norwegian courts. Norway has two standardised written languages. Bokmål is a variant closer to Danish, while Nynorsk was created to resemble regional dialects of Norwegian.","task_version":"1.1.1","time_of_run":"2024-01-30T14:27:47.653215","scores":{"nb":{"precision":0.6949561403508772,"recall":0.7631578947368421,"f1":0.7152046783625731,"accuracy":0.7631578947368421,"main_score":0.7152046783625731},"nn":{"precision":0.6949561403508772,"recall":0.7631578947368421,"f1":0.7152046783625731,"accuracy":0.7631578947368421,"main_score":0.7152046783625731}},"main_score":"f1"}