{"task_name":"SNL Retrieval","task_description":"Webscrabed articles and ingresses from the Norwegian lexicon 'Det Store Norske Leksikon'.","task_version":"0.0.1","time_of_run":"2024-01-30T14:32:02.735552","scores":{"nb":{"ndcg_at_1":0.01692,"ndcg_at_3":0.02843,"ndcg_at_5":0.03578,"ndcg_at_10":0.04235,"ndcg_at_100":0.07651,"ndcg_at_1000":0.15661,"map_at_1":0.01692,"map_at_3":0.02551,"map_at_5":0.02963,"map_at_10":0.0324,"map_at_100":0.03784,"map_at_1000":0.04,"recall_at_1":0.01692,"recall_at_3":0.03692,"recall_at_5":0.05462,"recall_at_10":0.07462,"recall_at_100":0.25308,"recall_at_1000":0.93538,"precision_at_1":0.01692,"precision_at_3":0.01231,"precision_at_5":0.01092,"precision_at_10":0.00746,"precision_at_100":0.00253,"precision_at_1000":0.00094,"mrr_at_1":0.01692,"mrr_at_3":0.02551,"mrr_at_5":0.02963,"mrr_at_10":0.0324,"mrr_at_100":0.03784,"mrr_at_1000":0.04}},"main_score":"ndcg_at_10"}