{"task_name":"SwednRetrieval","task_description":"News Article Summary Semantic Similarity Estimation.","task_version":"0.0.1","time_of_run":"2024-01-30T14:34:15.204874","scores":{"sv":{"ndcg_at_1":0.22559,"ndcg_at_3":0.20387,"ndcg_at_5":0.22577,"ndcg_at_10":0.24987,"ndcg_at_100":0.31282,"ndcg_at_1000":0.36998,"map_at_1":0.11279,"map_at_3":0.16463,"map_at_5":0.17804,"map_at_10":0.18839,"map_at_100":0.20197,"map_at_1000":0.20438,"recall_at_1":0.11279,"recall_at_3":0.2041,"recall_at_5":0.24707,"recall_at_10":0.30811,"recall_at_100":0.56055,"recall_at_1000":0.94385,"precision_at_1":0.22559,"precision_at_3":0.13607,"precision_at_5":0.09883,"precision_at_10":0.06162,"precision_at_100":0.01121,"precision_at_1000":0.00189,"mrr_at_1":0.22559,"mrr_at_3":0.28353,"mrr_at_5":0.29676,"mrr_at_10":0.30831,"mrr_at_100":0.31918,"mrr_at_1000":0.32021}},"main_score":"ndcg_at_10"}