{"task_name":"SweFAQ","task_description":"A Swedish QA dataset derived from FAQ","task_version":"0.0.1","time_of_run":"2023-09-04T19:37:50.677888","scores":{"sv":{"ndcg_at_1":0.20468,"ndcg_at_3":0.28536,"ndcg_at_5":0.32001,"ndcg_at_10":0.34008,"ndcg_at_100":0.41087,"ndcg_at_1000":0.43315,"map_at_1":0.20468,"map_at_3":0.26543,"map_at_5":0.28473,"map_at_10":0.29295,"map_at_100":0.30656,"map_at_1000":0.30753,"recall_at_1":0.20468,"recall_at_3":0.34308,"recall_at_5":0.4269,"recall_at_10":0.48928,"recall_at_100":0.83236,"recall_at_1000":1.0,"precision_at_1":0.20468,"precision_at_3":0.11436,"precision_at_5":0.08538,"precision_at_10":0.04893,"precision_at_100":0.00832,"precision_at_1000":0.001,"mrr_at_1":0.20468,"mrr_at_3":0.26543,"mrr_at_5":0.28473,"mrr_at_10":0.29295,"mrr_at_100":0.30656,"mrr_at_1000":0.30753}},"main_score":"ndcg_at_10"}