{"task_name":"TV2Nord Retrieval","task_description":"News Article and corresponding summaries extracted from the Danish newspaper TV2 Nord.","task_version":"1.1.1","time_of_run":"2024-01-30T14:27:36.760156","scores":{"da":{"ndcg_at_1":0.05664,"ndcg_at_3":0.07746,"ndcg_at_5":0.08693,"ndcg_at_10":0.0974,"ndcg_at_100":0.12969,"ndcg_at_1000":0.18129,"map_at_1":0.05664,"map_at_3":0.07218,"map_at_5":0.07734,"map_at_10":0.08159,"map_at_100":0.08702,"map_at_1000":0.08836,"recall_at_1":0.05664,"recall_at_3":0.09277,"recall_at_5":0.11621,"recall_at_10":0.14893,"recall_at_100":0.31396,"recall_at_1000":0.75781,"precision_at_1":0.05664,"precision_at_3":0.03092,"precision_at_5":0.02324,"precision_at_10":0.01489,"precision_at_100":0.00314,"precision_at_1000":0.00076,"mrr_at_1":0.05664,"mrr_at_3":0.07218,"mrr_at_5":0.07734,"mrr_at_10":0.08159,"mrr_at_100":0.08702,"mrr_at_1000":0.08836}},"main_score":"ndcg_at_10"}