{"task_name":"Twitterhjerne","task_description":"Danish question asked on Twitter with the Hashtag #Twitterhjerne ('Twitter brain') and their corresponding answer.","task_version":"1.1.1","time_of_run":"2024-01-30T14:27:44.552689","scores":{"da":{"ndcg_at_1":0.03846,"ndcg_at_3":0.02485,"ndcg_at_5":0.02617,"ndcg_at_10":0.02617,"ndcg_at_100":0.05266,"ndcg_at_1000":0.06732,"map_at_1":0.01068,"map_at_3":0.01496,"map_at_5":0.01747,"map_at_10":0.01747,"map_at_100":0.02232,"map_at_1000":0.03009,"recall_at_1":0.01068,"recall_at_3":0.01709,"recall_at_5":0.02457,"recall_at_10":0.02457,"recall_at_100":0.12179,"recall_at_1000":1.0,"precision_at_1":0.03846,"precision_at_3":0.02137,"precision_at_5":0.01795,"precision_at_10":0.00897,"precision_at_100":0.0041,"precision_at_1000":0.00062,"mrr_at_1":0.08974,"mrr_at_3":0.13889,"mrr_at_5":0.14466,"mrr_at_10":0.14937,"mrr_at_100":0.16735,"mrr_at_1000":0.16864}},"main_score":"ndcg_at_10"}