{"task_name":"DanFEVER","task_description":"A Danish dataset intended for misinformation research. It follows the same format as the English FEVER dataset.","task_version":"1.1.1","time_of_run":"2024-01-30T12:07:22.219884","scores":{"da":{"ndcg_at_1":0.2247,"ndcg_at_3":0.27638,"ndcg_at_5":0.28634,"ndcg_at_10":0.29585,"ndcg_at_100":0.31075,"ndcg_at_1000":0.31603,"map_at_1":0.2247,"map_at_3":0.26385,"map_at_5":0.26934,"map_at_10":0.27332,"map_at_100":0.27623,"map_at_1000":0.2764,"recall_at_1":0.2247,"recall_at_3":0.31257,"recall_at_5":0.33689,"recall_at_10":0.366,"recall_at_100":0.43739,"recall_at_1000":0.48031,"precision_at_1":0.2247,"precision_at_3":0.10419,"precision_at_5":0.06738,"precision_at_10":0.03661,"precision_at_100":0.00438,"precision_at_1000":0.00048,"mrr_at_1":0.2247,"mrr_at_3":0.26385,"mrr_at_5":0.26934,"mrr_at_10":0.27334,"mrr_at_100":0.27624,"mrr_at_1000":0.27641}},"main_score":"ndcg_at_10"}