{"task_name":"Language Identification","task_description":"A dataset for Nordic language identification.","task_version":"1.1.1","time_of_run":"2024-01-30T12:18:39.698536","scores":{"da":{"accuracy":0.42153333333333337,"f1":0.41215110089767276,"accuracy_stderr":0.015862044144574955,"f1_stderr":0.0187901989851525,"main_score":0.42153333333333337},"sv":{"accuracy":0.42153333333333337,"f1":0.41215110089767276,"accuracy_stderr":0.015862044144574955,"f1_stderr":0.0187901989851525,"main_score":0.42153333333333337},"nb":{"accuracy":0.42153333333333337,"f1":0.41215110089767276,"accuracy_stderr":0.015862044144574955,"f1_stderr":0.0187901989851525,"main_score":0.42153333333333337},"nn":{"accuracy":0.42153333333333337,"f1":0.41215110089767276,"accuracy_stderr":0.015862044144574955,"f1_stderr":0.0187901989851525,"main_score":0.42153333333333337},"is":{"accuracy":0.42153333333333337,"f1":0.41215110089767276,"accuracy_stderr":0.015862044144574955,"f1_stderr":0.0187901989851525,"main_score":0.42153333333333337},"fo":{"accuracy":0.42153333333333337,"f1":0.41215110089767276,"accuracy_stderr":0.015862044144574955,"f1_stderr":0.0187901989851525,"main_score":0.42153333333333337}},"main_score":"accuracy"}