{"task_name":"Massive Intent","task_description":"MASSIVE: A 1M-Example Multilingual Natural Language Understanding Dataset with 51 Typologically-Diverse Languages","task_version":"1.1.1","time_of_run":"2024-01-30T12:13:27.754872","scores":{"da":{"accuracy":0.41738399462004033,"f1":0.4130200176420171,"accuracy_stderr":0.010977385886509289,"f1_stderr":0.00937096117236812,"main_score":0.41738399462004033},"nb":{"accuracy":0.3921990585070612,"f1":0.3824750341830507,"accuracy_stderr":0.012185155815943186,"f1_stderr":0.010638217281027776,"main_score":0.3921990585070612},"sv":{"accuracy":0.3761600537995965,"f1":0.35897120494853885,"accuracy_stderr":0.013949245982139244,"f1_stderr":0.011202522456271582,"main_score":0.3761600537995965}},"main_score":"accuracy"}