{"task_name":"Massive Scenario","task_description":"MASSIVE: A 1M-Example Multilingual Natural Language Understanding Dataset with 51 Typologically-Diverse Languages","task_version":"1.1.1","time_of_run":"2024-01-30T12:14:58.879815","scores":{"da":{"accuracy":0.4718560860793544,"f1":0.45331652366658864,"accuracy_stderr":0.015118465889686199,"f1_stderr":0.014836944468028152,"main_score":0.4718560860793544},"nb":{"accuracy":0.45655682582380636,"f1":0.4289372082853878,"accuracy_stderr":0.022002407109995712,"f1_stderr":0.017226666084096467,"main_score":0.45655682582380636},"sv":{"accuracy":0.4146940147948891,"f1":0.389843172396094,"accuracy_stderr":0.019926202586106265,"f1_stderr":0.01567873841448405,"main_score":0.4146940147948891}},"main_score":"accuracy"}