{"task_name":"NorQuad","task_description":"Human-created question for Norwegian wikipedia passages.","task_version":"0.0.1","time_of_run":"2024-01-30T12:27:31.657911","scores":{"nb":{"ndcg_at_1":0.06934,"ndcg_at_3":0.05636,"ndcg_at_5":0.06177,"ndcg_at_10":0.06837,"ndcg_at_100":0.09447,"ndcg_at_1000":0.17066,"map_at_1":0.03467,"map_at_3":0.04354,"map_at_5":0.04635,"map_at_10":0.04859,"map_at_100":0.05228,"map_at_1000":0.05426,"recall_at_1":0.03467,"recall_at_3":0.05469,"recall_at_5":0.06543,"recall_at_10":0.08252,"recall_at_100":0.1958,"recall_at_1000":0.73779,"precision_at_1":0.06934,"precision_at_3":0.03646,"precision_at_5":0.02617,"precision_at_10":0.0165,"precision_at_100":0.00392,"precision_at_1000":0.00148,"mrr_at_1":0.06934,"mrr_at_3":0.0848,"mrr_at_5":0.08895,"mrr_at_10":0.09302,"mrr_at_100":0.09852,"mrr_at_1000":0.10046}},"main_score":"ndcg_at_10"}