{"task_name":"Norwegian courts","task_description":"Nynorsk and Bokmål parallel corpus from Norwegian courts. Norway has two standardised written languages. Bokmål is a variant closer to Danish, while Nynorsk was created to resemble regional dialects of Norwegian.","task_version":"1.1.1","time_of_run":"2024-01-30T12:21:41.614486","scores":{"nb":{"precision":0.8307748538011697,"recall":0.868421052631579,"f1":0.8423976608187135,"accuracy":0.868421052631579,"main_score":0.8423976608187135},"nn":{"precision":0.8307748538011697,"recall":0.868421052631579,"f1":0.8423976608187135,"accuracy":0.868421052631579,"main_score":0.8423976608187135}},"main_score":"f1"}