{"task_name":"ScaLA","task_description":"A linguistic acceptability task for Danish, Norwegian Bokmål Norwegian Nynorsk and Swedish.","task_version":"1.1.1","time_of_run":"2024-01-30T12:17:38.894650","scores":{"da":{"accuracy":0.497705078125,"f1":0.48642909139129886,"ap":0.49896450810184695,"accuracy_stderr":0.009445560676084597,"f1_stderr":0.011046158971177656,"ap_stderr":0.004757822422006117,"main_score":0.497705078125},"nb":{"accuracy":0.500634765625,"f1":0.4897344500747766,"ap":0.5003882534151977,"accuracy_stderr":0.008100319571136747,"f1_stderr":0.015850637337182075,"ap_stderr":0.004094153614134558,"main_score":0.500634765625},"sv":{"accuracy":0.500048828125,"f1":0.49439745199837076,"ap":0.5001065103871974,"accuracy_stderr":0.008631536467133025,"f1_stderr":0.012819448180268051,"ap_stderr":0.0043617850383235995,"main_score":0.500048828125},"nn":{"accuracy":0.498388671875,"f1":0.4888089329296985,"ap":0.4992292230825828,"accuracy_stderr":0.00544625150227433,"f1_stderr":0.01118717664931488,"ap_stderr":0.0026967757205509065,"main_score":0.498388671875}},"main_score":"accuracy"}