{"task_name":"SNL Retrieval","task_description":"Webscrabed articles and ingresses from the Norwegian lexicon 'Det Store Norske Leksikon'.","task_version":"0.0.1","time_of_run":"2024-01-30T12:27:09.062266","scores":{"nb":{"ndcg_at_1":0.50923,"ndcg_at_3":0.57677,"ndcg_at_5":0.59396,"ndcg_at_10":0.6119,"ndcg_at_100":0.64681,"ndcg_at_1000":0.65975,"map_at_1":0.50923,"map_at_3":0.56,"map_at_5":0.56958,"map_at_10":0.57699,"map_at_100":0.58353,"map_at_1000":0.58399,"recall_at_1":0.50923,"recall_at_3":0.62538,"recall_at_5":0.66692,"recall_at_10":0.72231,"recall_at_100":0.89308,"recall_at_1000":0.99615,"precision_at_1":0.50923,"precision_at_3":0.20846,"precision_at_5":0.13338,"precision_at_10":0.07223,"precision_at_100":0.00893,"precision_at_1000":0.001,"mrr_at_1":0.50923,"mrr_at_3":0.56,"mrr_at_5":0.56958,"mrr_at_10":0.57699,"mrr_at_100":0.58353,"mrr_at_1000":0.58399}},"main_score":"ndcg_at_10"}