{"task_name":"SwednRetrieval","task_description":"News Article Summary Semantic Similarity Estimation.","task_version":"0.0.1","time_of_run":"2024-01-30T12:32:40.832258","scores":{"sv":{"ndcg_at_1":0.2207,"ndcg_at_3":0.2066,"ndcg_at_5":0.22977,"ndcg_at_10":0.25321,"ndcg_at_100":0.30481,"ndcg_at_1000":0.35394,"map_at_1":0.11035,"map_at_3":0.17716,"map_at_5":0.19215,"map_at_10":0.20356,"map_at_100":0.21415,"map_at_1000":0.21603,"recall_at_1":0.11035,"recall_at_3":0.20947,"recall_at_5":0.25488,"recall_at_10":0.31396,"recall_at_100":0.52588,"recall_at_1000":0.85938,"precision_at_1":0.2207,"precision_at_3":0.13965,"precision_at_5":0.10195,"precision_at_10":0.06279,"precision_at_100":0.01052,"precision_at_1000":0.00172,"mrr_at_1":0.2207,"mrr_at_3":0.26286,"mrr_at_5":0.27526,"mrr_at_10":0.28402,"mrr_at_100":0.29214,"mrr_at_1000":0.29317}},"main_score":"ndcg_at_10"}