{"task_name":"SweFAQ","task_description":"A Swedish QA dataset derived from FAQ","task_version":"0.0.1","time_of_run":"2024-01-30T12:30:10.572528","scores":{"sv":{"ndcg_at_1":0.20273,"ndcg_at_3":0.2584,"ndcg_at_5":0.28097,"ndcg_at_10":0.30855,"ndcg_at_100":0.37549,"ndcg_at_1000":0.405,"map_at_1":0.20273,"map_at_3":0.24464,"map_at_5":0.25721,"map_at_10":0.2685,"map_at_100":0.28074,"map_at_1000":0.28185,"recall_at_1":0.20273,"recall_at_3":0.29825,"recall_at_5":0.35283,"recall_at_10":0.4386,"recall_at_100":0.76998,"recall_at_1000":1.0,"precision_at_1":0.20273,"precision_at_3":0.09942,"precision_at_5":0.07057,"precision_at_10":0.04386,"precision_at_100":0.0077,"precision_at_1000":0.001,"mrr_at_1":0.20273,"mrr_at_3":0.24464,"mrr_at_5":0.25721,"mrr_at_10":0.2685,"mrr_at_100":0.28074,"mrr_at_1000":0.28185}},"main_score":"ndcg_at_10"}