{"task_name":"TV2Nord Retrieval","task_description":"News Article and corresponding summaries extracted from the Danish newspaper TV2 Nord.","task_version":"1.1.1","time_of_run":"2024-01-30T12:10:45.315948","scores":{"da":{"ndcg_at_1":0.38623,"ndcg_at_3":0.45322,"ndcg_at_5":0.47049,"ndcg_at_10":0.48892,"ndcg_at_100":0.52671,"ndcg_at_1000":0.54759,"map_at_1":0.38623,"map_at_3":0.43701,"map_at_5":0.4467,"map_at_10":0.45429,"map_at_100":0.46115,"map_at_1000":0.46183,"recall_at_1":0.38623,"recall_at_3":0.5,"recall_at_5":0.5415,"recall_at_10":0.59863,"recall_at_100":0.78564,"recall_at_1000":0.95605,"precision_at_1":0.38623,"precision_at_3":0.16667,"precision_at_5":0.1083,"precision_at_10":0.05986,"precision_at_100":0.00786,"precision_at_1000":0.00096,"mrr_at_1":0.38623,"mrr_at_3":0.43701,"mrr_at_5":0.4467,"mrr_at_10":0.45429,"mrr_at_100":0.46115,"mrr_at_1000":0.46183}},"main_score":"ndcg_at_10"}