{"task_name":"Twitterhjerne","task_description":"Danish question asked on Twitter with the Hashtag #Twitterhjerne ('Twitter brain') and their corresponding answer.","task_version":"1.1.1","time_of_run":"2024-01-30T12:10:56.200982","scores":{"da":{"ndcg_at_1":0.26923,"ndcg_at_3":0.20586,"ndcg_at_5":0.20708,"ndcg_at_10":0.22585,"ndcg_at_100":0.34041,"ndcg_at_1000":0.40863,"map_at_1":0.08953,"map_at_3":0.13113,"map_at_5":0.14724,"map_at_10":0.15629,"map_at_100":0.1797,"map_at_1000":0.18634,"recall_at_1":0.08953,"recall_at_3":0.15064,"recall_at_5":0.19359,"recall_at_10":0.23611,"recall_at_100":0.64551,"recall_at_1000":0.98718,"precision_at_1":0.26923,"precision_at_3":0.17094,"precision_at_5":0.13077,"precision_at_10":0.07949,"precision_at_100":0.02218,"precision_at_1000":0.00336,"mrr_at_1":0.26923,"mrr_at_3":0.32051,"mrr_at_5":0.34167,"mrr_at_10":0.352,"mrr_at_100":0.36693,"mrr_at_1000":0.36726}},"main_score":"ndcg_at_10"}