{"task_name":"DanFEVER","task_description":"A Danish dataset intended for misinformation research. It follows the same format as the English FEVER dataset.","task_version":"1.1.1","time_of_run":"2024-02-04T18:59:18.675773","scores":{"da":{"ndcg_at_1":0.19237,"ndcg_at_3":0.24786,"ndcg_at_5":0.25923,"ndcg_at_10":0.27019,"ndcg_at_100":0.28929,"ndcg_at_1000":0.29465,"map_at_1":0.19237,"map_at_3":0.23481,"map_at_5":0.24115,"map_at_10":0.24567,"map_at_100":0.24937,"map_at_1000":0.24957,"recall_at_1":0.19237,"recall_at_3":0.28534,"recall_at_5":0.3128,"recall_at_10":0.3467,"recall_at_100":0.43849,"recall_at_1000":0.48062,"precision_at_1":0.19237,"precision_at_3":0.09514,"precision_at_5":0.06258,"precision_at_10":0.03468,"precision_at_100":0.00439,"precision_at_1000":0.00048,"mrr_at_1":0.19222,"mrr_at_3":0.23477,"mrr_at_5":0.24111,"mrr_at_10":0.24563,"mrr_at_100":0.24933,"mrr_at_1000":0.24953}},"main_score":"ndcg_at_10"}