{"task_name":"Language Identification","task_description":"A dataset for Nordic language identification.","task_version":"1.1.1","time_of_run":"2024-01-22T14:16:19.513596","scores":{"da":{"accuracy":0.7158333333333333,"f1":0.6995468288107176,"accuracy_stderr":0.022288138350053163,"f1_stderr":0.027995407519098344,"main_score":0.7158333333333333},"sv":{"accuracy":0.7158333333333333,"f1":0.6995468288107176,"accuracy_stderr":0.022288138350053163,"f1_stderr":0.027995407519098344,"main_score":0.7158333333333333},"nb":{"accuracy":0.7158333333333333,"f1":0.6995468288107176,"accuracy_stderr":0.022288138350053163,"f1_stderr":0.027995407519098344,"main_score":0.7158333333333333},"nn":{"accuracy":0.7158333333333333,"f1":0.6995468288107176,"accuracy_stderr":0.022288138350053163,"f1_stderr":0.027995407519098344,"main_score":0.7158333333333333},"is":{"accuracy":0.7158333333333333,"f1":0.6995468288107176,"accuracy_stderr":0.022288138350053163,"f1_stderr":0.027995407519098344,"main_score":0.7158333333333333},"fo":{"accuracy":0.7158333333333333,"f1":0.6995468288107176,"accuracy_stderr":0.022288138350053163,"f1_stderr":0.027995407519098344,"main_score":0.7158333333333333}},"main_score":"accuracy"}