{"task_name":"Massive Intent","task_description":"MASSIVE: A 1M-Example Multilingual Natural Language Understanding Dataset with 51 Typologically-Diverse Languages","task_version":"1.1.1","time_of_run":"2024-01-22T14:05:21.987251","scores":{"da":{"accuracy":0.39542703429724274,"f1":0.38565913989890205,"accuracy_stderr":0.014594844932219709,"f1_stderr":0.013221416655187392,"main_score":0.39542703429724274},"nb":{"accuracy":0.33981170141223943,"f1":0.3363035292944865,"accuracy_stderr":0.015023302520352338,"f1_stderr":0.010563886035808042,"main_score":0.33981170141223943},"sv":{"accuracy":0.294418291862811,"f1":0.2886579547849863,"accuracy_stderr":0.012926255753089689,"f1_stderr":0.010317152664588687,"main_score":0.294418291862811}},"main_score":"accuracy"}