{"task_name":"Massive Scenario","task_description":"MASSIVE: A 1M-Example Multilingual Natural Language Understanding Dataset with 51 Typologically-Diverse Languages","task_version":"1.1.1","time_of_run":"2024-01-22T14:09:26.546655","scores":{"da":{"accuracy":0.49310692669804973,"f1":0.4686987654079055,"accuracy_stderr":0.027717991383832515,"f1_stderr":0.02852073889591238,"main_score":0.49310692669804973},"nb":{"accuracy":0.41230665770006725,"f1":0.39558526382168846,"accuracy_stderr":0.022543531559722076,"f1_stderr":0.022378767587984207,"main_score":0.41230665770006725},"sv":{"accuracy":0.36385339609952927,"f1":0.34003733882190945,"accuracy_stderr":0.029715774572305495,"f1_stderr":0.02862134599014169,"main_score":0.36385339609952927}},"main_score":"accuracy"}