{"task_name":"NorQuad","task_description":"Human-created question for Norwegian wikipedia passages.","task_version":"0.0.1","time_of_run":"2024-02-04T19:00:34.913307","scores":{"nb":{"ndcg_at_1":0.07422,"ndcg_at_3":0.05741,"ndcg_at_5":0.06081,"ndcg_at_10":0.06583,"ndcg_at_100":0.08146,"ndcg_at_1000":0.16604,"map_at_1":0.03711,"map_at_3":0.04468,"map_at_5":0.04619,"map_at_10":0.04792,"map_at_100":0.05013,"map_at_1000":0.05234,"recall_at_1":0.03711,"recall_at_3":0.05371,"recall_at_5":0.06055,"recall_at_10":0.07324,"recall_at_100":0.13965,"recall_at_1000":0.73779,"precision_at_1":0.07422,"precision_at_3":0.03581,"precision_at_5":0.02422,"precision_at_10":0.01465,"precision_at_100":0.00279,"precision_at_1000":0.00148,"mrr_at_1":0.07422,"mrr_at_3":0.08838,"mrr_at_5":0.09141,"mrr_at_10":0.09468,"mrr_at_100":0.09853,"mrr_at_1000":0.10076}},"main_score":"ndcg_at_10"}