{"task_name":"Norwegian courts","task_description":"Nynorsk and Bokmål parallel corpus from Norwegian courts. Norway has two standardised written languages. Bokmål is a variant closer to Danish, while Nynorsk was created to resemble regional dialects of Norwegian.","task_version":"1.1.1","time_of_run":"2024-02-04T18:59:41.825856","scores":{"nb":{"precision":0.7611111111111111,"recall":0.8157894736842105,"f1":0.7769005847953218,"accuracy":0.8157894736842105,"main_score":0.7769005847953218},"nn":{"precision":0.7611111111111111,"recall":0.8157894736842105,"f1":0.7769005847953218,"accuracy":0.8157894736842105,"main_score":0.7769005847953218}},"main_score":"f1"}