{"task_name":"ScaLA","task_description":"A linguistic acceptability task for Danish, Norwegian Bokmål Norwegian Nynorsk and Swedish.","task_version":"1.1.1","time_of_run":"2024-01-22T14:14:58.624882","scores":{"da":{"accuracy":0.500390625,"f1":0.49272118691619954,"ap":0.5002059748554709,"accuracy_stderr":0.0029035290522106457,"f1_stderr":0.010723889303968398,"ap_stderr":0.0014573008838288605,"main_score":0.500390625},"nb":{"accuracy":0.499365234375,"f1":0.49286796820681433,"ap":0.499706498925289,"accuracy_stderr":0.004897682435949497,"f1_stderr":0.008725267457421703,"ap_stderr":0.0024573268663638966,"main_score":0.499365234375},"sv":{"accuracy":0.50224609375,"f1":0.49978915194307827,"ap":0.5011508484440647,"accuracy_stderr":0.00471993983343538,"f1_stderr":0.006314740252262844,"ap_stderr":0.00239868007043217,"main_score":0.50224609375},"nn":{"accuracy":0.50068359375,"f1":0.49937258447199256,"ap":0.5003489082810625,"accuracy_stderr":0.002548435224746072,"f1_stderr":0.003331135819932398,"ap_stderr":0.0012749469566071688,"main_score":0.50068359375}},"main_score":"accuracy"}