{"task_name":"SNL Retrieval","task_description":"Webscrabed articles and ingresses from the Norwegian lexicon 'Det Store Norske Leksikon'.","task_version":"0.0.1","time_of_run":"2024-02-04T19:00:25.141484","scores":{"nb":{"ndcg_at_1":0.23462,"ndcg_at_3":0.30176,"ndcg_at_5":0.32218,"ndcg_at_10":0.3469,"ndcg_at_100":0.41049,"ndcg_at_1000":0.43743,"map_at_1":0.23462,"map_at_3":0.28487,"map_at_5":0.2961,"map_at_10":0.30621,"map_at_100":0.31829,"map_at_1000":0.31937,"recall_at_1":0.23462,"recall_at_3":0.35077,"recall_at_5":0.40077,"recall_at_10":0.47769,"recall_at_100":0.78692,"recall_at_1000":0.99538,"precision_at_1":0.23462,"precision_at_3":0.11692,"precision_at_5":0.08015,"precision_at_10":0.04777,"precision_at_100":0.00787,"precision_at_1000":0.001,"mrr_at_1":0.23462,"mrr_at_3":0.28487,"mrr_at_5":0.2961,"mrr_at_10":0.30621,"mrr_at_100":0.31829,"mrr_at_1000":0.31937}},"main_score":"ndcg_at_10"}