{"task_name":"SwednRetrieval","task_description":"News Article Summary Semantic Similarity Estimation.","task_version":"0.0.1","time_of_run":"2024-02-04T19:00:44.458051","scores":{"sv":{"ndcg_at_1":0.15234,"ndcg_at_3":0.1352,"ndcg_at_5":0.15146,"ndcg_at_10":0.17108,"ndcg_at_100":0.22977,"ndcg_at_1000":0.28544,"map_at_1":0.07617,"map_at_3":0.10767,"map_at_5":0.11672,"map_at_10":0.12503,"map_at_100":0.13667,"map_at_1000":0.13879,"recall_at_1":0.07617,"recall_at_3":0.13525,"recall_at_5":0.16748,"recall_at_10":0.2168,"recall_at_100":0.45654,"recall_at_1000":0.8335,"precision_at_1":0.15234,"precision_at_3":0.09017,"precision_at_5":0.06699,"precision_at_10":0.04336,"precision_at_100":0.00913,"precision_at_1000":0.00167,"mrr_at_1":0.15234,"mrr_at_3":0.19124,"mrr_at_5":0.20252,"mrr_at_10":0.21247,"mrr_at_100":0.22304,"mrr_at_1000":0.22432}},"main_score":"ndcg_at_10"}