{"task_name":"SweFAQ","task_description":"A Swedish QA dataset derived from FAQ","task_version":"0.0.1","time_of_run":"2024-01-22T14:21:58.254669","scores":{"sv":{"ndcg_at_1":0.11501,"ndcg_at_3":0.15766,"ndcg_at_5":0.17762,"ndcg_at_10":0.19938,"ndcg_at_100":0.26278,"ndcg_at_1000":0.31008,"map_at_1":0.11501,"map_at_3":0.14685,"map_at_5":0.15786,"map_at_10":0.16666,"map_at_100":0.17772,"map_at_1000":0.17941,"recall_at_1":0.11501,"recall_at_3":0.18908,"recall_at_5":0.23782,"recall_at_10":0.30604,"recall_at_100":0.62573,"recall_at_1000":1.0,"precision_at_1":0.11501,"precision_at_3":0.06303,"precision_at_5":0.04756,"precision_at_10":0.0306,"precision_at_100":0.00626,"precision_at_1000":0.001,"mrr_at_1":0.11501,"mrr_at_3":0.14685,"mrr_at_5":0.15786,"mrr_at_10":0.16666,"mrr_at_100":0.17772,"mrr_at_1000":0.17941}},"main_score":"ndcg_at_10"}