{"task_name":"TV2Nord Retrieval","task_description":"News Article and corresponding summaries extracted from the Danish newspaper TV2 Nord.","task_version":"1.1.1","time_of_run":"2024-02-04T18:59:33.077073","scores":{"da":{"ndcg_at_1":0.30713,"ndcg_at_3":0.38104,"ndcg_at_5":0.40315,"ndcg_at_10":0.43039,"ndcg_at_100":0.48259,"ndcg_at_1000":0.50145,"map_at_1":0.30713,"map_at_3":0.36214,"map_at_5":0.37452,"map_at_10":0.3859,"map_at_100":0.39579,"map_at_1000":0.39648,"recall_at_1":0.30713,"recall_at_3":0.43604,"recall_at_5":0.48926,"recall_at_10":0.57275,"recall_at_100":0.82666,"recall_at_1000":0.97559,"precision_at_1":0.30713,"precision_at_3":0.14535,"precision_at_5":0.09785,"precision_at_10":0.05728,"precision_at_100":0.00827,"precision_at_1000":0.00098,"mrr_at_1":0.30713,"mrr_at_3":0.36214,"mrr_at_5":0.37452,"mrr_at_10":0.3859,"mrr_at_100":0.39579,"mrr_at_1000":0.39648}},"main_score":"ndcg_at_10"}