{"task_name":"Twitterhjerne","task_description":"Danish question asked on Twitter with the Hashtag #Twitterhjerne ('Twitter brain') and their corresponding answer.","task_version":"1.1.1","time_of_run":"2024-02-04T18:59:36.954891","scores":{"da":{"ndcg_at_1":0.07692,"ndcg_at_3":0.07747,"ndcg_at_5":0.07957,"ndcg_at_10":0.10413,"ndcg_at_100":0.20884,"ndcg_at_1000":0.29994,"map_at_1":0.02286,"map_at_3":0.04348,"map_at_5":0.04872,"map_at_10":0.05865,"map_at_100":0.07834,"map_at_1000":0.08561,"recall_at_1":0.02286,"recall_at_3":0.06154,"recall_at_5":0.08077,"recall_at_10":0.1344,"recall_at_100":0.51261,"recall_at_1000":0.98718,"precision_at_1":0.07692,"precision_at_3":0.07265,"precision_at_5":0.05897,"precision_at_10":0.04872,"precision_at_100":0.01821,"precision_at_1000":0.00336,"mrr_at_1":0.07692,"mrr_at_3":0.12179,"mrr_at_5":0.13654,"mrr_at_10":0.15065,"mrr_at_100":0.16552,"mrr_at_1000":0.16653}},"main_score":"ndcg_at_10"}