{"task_name":"Bornholm Parallel","task_description":"Danish Bornholmsk Parallel Corpus. Bornholmsk is a Danish dialect spoken on the island of Bornholm, Denmark. Historically it is a part of east Danish which was also spoken in Scania and Halland, Sweden.","task_version":"1.1.1","time_of_run":"2024-08-23T17:30:04.436851","scores":{"da":{"precision":0.08275121615121615,"recall":0.134,"f1":0.09121240445503603,"accuracy":0.134,"main_score":0.09121240445503603},"da-bornholm":{"precision":0.08275121615121615,"recall":0.134,"f1":0.09121240445503603,"accuracy":0.134,"main_score":0.09121240445503603}},"main_score":"f1"}