{"task_name":"DanFEVER","task_description":"A Danish dataset intended for misinformation research. It follows the same format as the English FEVER dataset.","task_version":"1.1.1","time_of_run":"2024-08-23T17:33:03.407919","scores":{"da":{"ndcg_at_1":0.13745,"ndcg_at_3":0.17096,"ndcg_at_5":0.18028,"ndcg_at_10":0.19061,"ndcg_at_100":0.21453,"ndcg_at_1000":0.22706,"map_at_1":0.13745,"map_at_3":0.1628,"map_at_5":0.16797,"map_at_10":0.17223,"map_at_100":0.1767,"map_at_1000":0.17713,"recall_at_1":0.13745,"recall_at_3":0.19457,"recall_at_5":0.21717,"recall_at_10":0.24918,"recall_at_100":0.36592,"recall_at_1000":0.46697,"precision_at_1":0.13745,"precision_at_3":0.06486,"precision_at_5":0.04343,"precision_at_10":0.02492,"precision_at_100":0.00366,"precision_at_1000":0.00047,"mrr_at_1":0.13745,"mrr_at_3":0.1628,"mrr_at_5":0.16797,"mrr_at_10":0.17223,"mrr_at_100":0.1767,"mrr_at_1000":0.17713}},"main_score":"ndcg_at_10"}