{"task_name":"Language Identification","task_description":"A dataset for Nordic language identification.","task_version":"1.1.1","time_of_run":"2024-08-23T17:44:38.246378","scores":{"da":{"accuracy":0.7286999999999999,"f1":0.7246814742453054,"accuracy_stderr":0.013830280787701541,"f1_stderr":0.0135527377933128,"main_score":0.7286999999999999},"sv":{"accuracy":0.7286999999999999,"f1":0.7246814742453054,"accuracy_stderr":0.013830280787701541,"f1_stderr":0.0135527377933128,"main_score":0.7286999999999999},"nb":{"accuracy":0.7286999999999999,"f1":0.7246814742453054,"accuracy_stderr":0.013830280787701541,"f1_stderr":0.0135527377933128,"main_score":0.7286999999999999},"nn":{"accuracy":0.7286999999999999,"f1":0.7246814742453054,"accuracy_stderr":0.013830280787701541,"f1_stderr":0.0135527377933128,"main_score":0.7286999999999999},"is":{"accuracy":0.7286999999999999,"f1":0.7246814742453054,"accuracy_stderr":0.013830280787701541,"f1_stderr":0.0135527377933128,"main_score":0.7286999999999999},"fo":{"accuracy":0.7286999999999999,"f1":0.7246814742453054,"accuracy_stderr":0.013830280787701541,"f1_stderr":0.0135527377933128,"main_score":0.7286999999999999}},"main_score":"accuracy"}