{"task_name":"Massive Intent","task_description":"MASSIVE: A 1M-Example Multilingual Natural Language Understanding Dataset with 51 Typologically-Diverse Languages","task_version":"1.1.1","time_of_run":"2024-08-23T17:41:08.294789","scores":{"da":{"accuracy":0.566745124411567,"f1":0.520338644748457,"accuracy_stderr":0.01665443636869052,"f1_stderr":0.014504983932081163,"main_score":0.566745124411567},"nb":{"accuracy":0.48106926698049773,"f1":0.4495912837382541,"accuracy_stderr":0.01745513093690638,"f1_stderr":0.012640675716012168,"main_score":0.48106926698049773},"sv":{"accuracy":0.4318762609280431,"f1":0.4040250126479787,"accuracy_stderr":0.0091681560738234,"f1_stderr":0.009551856008242997,"main_score":0.4318762609280431}},"main_score":"accuracy"}