{"task_name":"Massive Scenario","task_description":"MASSIVE: A 1M-Example Multilingual Natural Language Understanding Dataset with 51 Typologically-Diverse Languages","task_version":"1.1.1","time_of_run":"2024-08-23T17:42:26.313219","scores":{"da":{"accuracy":0.6100874243443175,"f1":0.5907160089227749,"accuracy_stderr":0.015803059126266856,"f1_stderr":0.01420162987329252,"main_score":0.6100874243443175},"nb":{"accuracy":0.5095830531271014,"f1":0.48449268383672656,"accuracy_stderr":0.013838738728457468,"f1_stderr":0.011680712717213753,"main_score":0.5095830531271014},"sv":{"accuracy":0.43009414929388023,"f1":0.4048450049326101,"accuracy_stderr":0.022595455251951342,"f1_stderr":0.018695802127140948,"main_score":0.43009414929388023}},"main_score":"accuracy"}