{"task_name":"NorQuad","task_description":"Human-created question for Norwegian wikipedia passages.","task_version":"0.0.1","time_of_run":"2024-08-23T17:50:48.101435","scores":{"nb":{"ndcg_at_1":0.00977,"ndcg_at_3":0.01186,"ndcg_at_5":0.01457,"ndcg_at_10":0.01877,"ndcg_at_100":0.04344,"ndcg_at_1000":0.12795,"map_at_1":0.00488,"map_at_3":0.00846,"map_at_5":0.00968,"map_at_10":0.01107,"map_at_100":0.01396,"map_at_1000":0.01615,"recall_at_1":0.00488,"recall_at_3":0.01318,"recall_at_5":0.01855,"recall_at_10":0.0293,"recall_at_100":0.13965,"recall_at_1000":0.73828,"precision_at_1":0.00977,"precision_at_3":0.00879,"precision_at_5":0.00742,"precision_at_10":0.00586,"precision_at_100":0.00279,"precision_at_1000":0.00148,"mrr_at_1":0.00977,"mrr_at_3":0.01693,"mrr_at_5":0.01937,"mrr_at_10":0.02214,"mrr_at_100":0.02747,"mrr_at_1000":0.02973}},"main_score":"ndcg_at_10"}