{"task_name":"Norwegian courts","task_description":"Nynorsk and Bokmål parallel corpus from Norwegian courts. Norway has two standardised written languages. Bokmål is a variant closer to Danish, while Nynorsk was created to resemble regional dialects of Norwegian.","task_version":"1.1.1","time_of_run":"2024-08-23T17:46:31.220854","scores":{"nb":{"precision":0.6962719298245614,"recall":0.7763157894736842,"f1":0.7201754385964911,"accuracy":0.7763157894736842,"main_score":0.7201754385964911},"nn":{"precision":0.6962719298245614,"recall":0.7763157894736842,"f1":0.7201754385964911,"accuracy":0.7763157894736842,"main_score":0.7201754385964911}},"main_score":"f1"}