{"task_name":"ScaLA","task_description":"A linguistic acceptability task for Danish, Norwegian Bokmål Norwegian Nynorsk and Swedish.","task_version":"1.1.1","time_of_run":"2024-08-23T17:43:57.578803","scores":{"da":{"accuracy":0.553515625,"f1":0.5486583211407948,"ap":0.5298284757384789,"accuracy_stderr":0.016611899355441342,"f1_stderr":0.01652663054411126,"ap_stderr":0.01008659382099004,"main_score":0.553515625},"nb":{"accuracy":0.5373046875,"f1":0.5345548891365622,"ap":0.5203310483836289,"accuracy_stderr":0.017779338821115244,"f1_stderr":0.0184112860944409,"ap_stderr":0.009871477924995301,"main_score":0.5373046875},"sv":{"accuracy":0.5083984375,"f1":0.5046241246724877,"ap":0.5045126991059183,"accuracy_stderr":0.014459721889749687,"f1_stderr":0.014642969467875343,"ap_stderr":0.007620886417072087,"main_score":0.5083984375},"nn":{"accuracy":0.518896484375,"f1":0.5172523386339736,"ap":0.5099436373017026,"accuracy_stderr":0.012610613642742895,"f1_stderr":0.01253031336248173,"ap_stderr":0.006638163456631613,"main_score":0.518896484375}},"main_score":"accuracy"}