{"task_name":"SNL Retrieval","task_description":"Webscrabed articles and ingresses from the Norwegian lexicon 'Det Store Norske Leksikon'.","task_version":"0.0.1","time_of_run":"2024-08-23T17:50:27.437204","scores":{"nb":{"ndcg_at_1":0.02308,"ndcg_at_3":0.03875,"ndcg_at_5":0.04405,"ndcg_at_10":0.05262,"ndcg_at_100":0.09114,"ndcg_at_1000":0.16435,"map_at_1":0.02308,"map_at_3":0.03487,"map_at_5":0.03776,"map_at_10":0.04136,"map_at_100":0.04759,"map_at_1000":0.0496,"recall_at_1":0.02308,"recall_at_3":0.05,"recall_at_5":0.06308,"recall_at_10":0.08923,"recall_at_100":0.28923,"recall_at_1000":0.90923,"precision_at_1":0.02308,"precision_at_3":0.01667,"precision_at_5":0.01262,"precision_at_10":0.00892,"precision_at_100":0.00289,"precision_at_1000":0.00091,"mrr_at_1":0.02308,"mrr_at_3":0.03487,"mrr_at_5":0.03776,"mrr_at_10":0.04136,"mrr_at_100":0.04759,"mrr_at_1000":0.0496}},"main_score":"ndcg_at_10"}