{"task_name":"SwednRetrieval","task_description":"News Article Summary Semantic Similarity Estimation.","task_version":"0.0.1","time_of_run":"2024-08-23T18:00:58.291373","scores":{"sv":{"ndcg_at_1":0.04004,"ndcg_at_3":0.03118,"ndcg_at_5":0.03484,"ndcg_at_10":0.04066,"ndcg_at_100":0.06843,"ndcg_at_1000":0.12816,"map_at_1":0.02002,"map_at_3":0.02409,"map_at_5":0.02572,"map_at_10":0.0276,"map_at_100":0.03114,"map_at_1000":0.03252,"recall_at_1":0.02002,"recall_at_3":0.0293,"recall_at_5":0.03662,"recall_at_10":0.05176,"recall_at_100":0.1709,"recall_at_1000":0.59375,"precision_at_1":0.04004,"precision_at_3":0.01953,"precision_at_5":0.01465,"precision_at_10":0.01035,"precision_at_100":0.00342,"precision_at_1000":0.00119,"mrr_at_1":0.04004,"mrr_at_3":0.04818,"mrr_at_5":0.05145,"mrr_at_10":0.0552,"mrr_at_100":0.06228,"mrr_at_1000":0.06431}},"main_score":"ndcg_at_10"}