{"task_name":"SweFAQ","task_description":"A Swedish QA dataset derived from FAQ","task_version":"0.0.1","time_of_run":"2024-08-23T17:59:02.880704","scores":{"sv":{"ndcg_at_1":0.06433,"ndcg_at_3":0.08078,"ndcg_at_5":0.09026,"ndcg_at_10":0.09947,"ndcg_at_100":0.15664,"ndcg_at_1000":0.22797,"map_at_1":0.06433,"map_at_3":0.077,"map_at_5":0.08216,"map_at_10":0.08582,"map_at_100":0.09504,"map_at_1000":0.0977,"recall_at_1":0.06433,"recall_at_3":0.09162,"recall_at_5":0.11501,"recall_at_10":0.14425,"recall_at_100":0.4425,"recall_at_1000":1.0,"precision_at_1":0.06433,"precision_at_3":0.03054,"precision_at_5":0.023,"precision_at_10":0.01442,"precision_at_100":0.00442,"precision_at_1000":0.001,"mrr_at_1":0.06433,"mrr_at_3":0.077,"mrr_at_5":0.08216,"mrr_at_10":0.08582,"mrr_at_100":0.09504,"mrr_at_1000":0.0977}},"main_score":"ndcg_at_10"}