{"task_name":"TV2Nord Retrieval","task_description":"News Article and corresponding summaries extracted from the Danish newspaper TV2 Nord.","task_version":"1.1.1","time_of_run":"2024-08-23T17:34:46.803886","scores":{"da":{"ndcg_at_1":0.22949,"ndcg_at_3":0.29237,"ndcg_at_5":0.31841,"ndcg_at_10":0.34711,"ndcg_at_100":0.41269,"ndcg_at_1000":0.43432,"map_at_1":0.22949,"map_at_3":0.27653,"map_at_5":0.29103,"map_at_10":0.30286,"map_at_100":0.31512,"map_at_1000":0.31593,"recall_at_1":0.22949,"recall_at_3":0.33838,"recall_at_5":0.40137,"recall_at_10":0.49023,"recall_at_100":0.81104,"recall_at_1000":0.98145,"precision_at_1":0.22949,"precision_at_3":0.11279,"precision_at_5":0.08027,"precision_at_10":0.04902,"precision_at_100":0.00811,"precision_at_1000":0.00098,"mrr_at_1":0.22949,"mrr_at_3":0.27653,"mrr_at_5":0.29103,"mrr_at_10":0.30286,"mrr_at_100":0.31512,"mrr_at_1000":0.31593}},"main_score":"ndcg_at_10"}