{"task_name":"Twitterhjerne","task_description":"Danish question asked on Twitter with the Hashtag #Twitterhjerne ('Twitter brain') and their corresponding answer.","task_version":"1.1.1","time_of_run":"2024-08-23T17:34:54.224317","scores":{"da":{"ndcg_at_1":0.23077,"ndcg_at_3":0.17726,"ndcg_at_5":0.18583,"ndcg_at_10":0.21578,"ndcg_at_100":0.32266,"ndcg_at_1000":0.39274,"map_at_1":0.06709,"map_at_3":0.11161,"map_at_5":0.13113,"map_at_10":0.14627,"map_at_100":0.17087,"map_at_1000":0.17643,"recall_at_1":0.06709,"recall_at_3":0.13077,"recall_at_5":0.18504,"recall_at_10":0.24915,"recall_at_100":0.61645,"recall_at_1000":0.98718,"precision_at_1":0.23077,"precision_at_3":0.15385,"precision_at_5":0.12821,"precision_at_10":0.08718,"precision_at_100":0.02192,"precision_at_1000":0.00336,"mrr_at_1":0.23077,"mrr_at_3":0.27137,"mrr_at_5":0.29444,"mrr_at_10":0.30774,"mrr_at_100":0.32201,"mrr_at_1000":0.32294}},"main_score":"ndcg_at_10"}