{"task_name":"DanFEVER","task_description":"A Danish dataset intended for misinformation research. It follows the same format as the English FEVER dataset.","task_version":"1.1.1","time_of_run":"2024-07-23T10:04:12.602028","scores":{"da":{"ndcg_at_1":0.26393,"ndcg_at_3":0.33639,"ndcg_at_5":0.34657,"ndcg_at_10":0.35341,"ndcg_at_100":0.36251,"ndcg_at_1000":0.3637,"map_at_1":0.26385,"map_at_3":0.31921,"map_at_5":0.32487,"map_at_10":0.32772,"map_at_100":0.3296,"map_at_1000":0.32964,"recall_at_1":0.26385,"recall_at_3":0.38577,"recall_at_5":0.4104,"recall_at_10":0.43143,"recall_at_100":0.47387,"recall_at_1000":0.48313,"precision_at_1":0.26393,"precision_at_3":0.12862,"precision_at_5":0.08213,"precision_at_10":0.04318,"precision_at_100":0.00474,"precision_at_1000":0.00048,"mrr_at_1":0.26408,"mrr_at_3":0.31945,"mrr_at_5":0.32495,"mrr_at_10":0.32782,"mrr_at_100":0.32968,"mrr_at_1000":0.32973}},"main_score":"ndcg_at_10"}