{"task_name":"Language Identification","task_description":"A dataset for Nordic language identification.","task_version":"1.1.1","time_of_run":"2024-07-23T10:08:38.314723","scores":{"da":{"accuracy":0.4439666666666667,"f1":0.43556871451898854,"accuracy_stderr":0.012129349162717316,"f1_stderr":0.012935486134660352,"main_score":0.4439666666666667},"sv":{"accuracy":0.4439666666666667,"f1":0.43556871451898854,"accuracy_stderr":0.012129349162717316,"f1_stderr":0.012935486134660352,"main_score":0.4439666666666667},"nb":{"accuracy":0.4439666666666667,"f1":0.43556871451898854,"accuracy_stderr":0.012129349162717316,"f1_stderr":0.012935486134660352,"main_score":0.4439666666666667},"nn":{"accuracy":0.4439666666666667,"f1":0.43556871451898854,"accuracy_stderr":0.012129349162717316,"f1_stderr":0.012935486134660352,"main_score":0.4439666666666667},"is":{"accuracy":0.4439666666666667,"f1":0.43556871451898854,"accuracy_stderr":0.012129349162717316,"f1_stderr":0.012935486134660352,"main_score":0.4439666666666667},"fo":{"accuracy":0.4439666666666667,"f1":0.43556871451898854,"accuracy_stderr":0.012129349162717316,"f1_stderr":0.012935486134660352,"main_score":0.4439666666666667}},"main_score":"accuracy"}