{"task_name":"Massive Scenario","task_description":"MASSIVE: A 1M-Example Multilingual Natural Language Understanding Dataset with 51 Typologically-Diverse Languages","task_version":"1.1.1","time_of_run":"2024-07-23T10:07:12.092229","scores":{"da":{"accuracy":0.7209818426361803,"f1":0.7155194285579244,"accuracy_stderr":0.014063668851411125,"f1_stderr":0.013429299264078941,"main_score":0.7209818426361803},"nb":{"accuracy":0.7204438466711499,"f1":0.715204611088703,"accuracy_stderr":0.009555819678448218,"f1_stderr":0.00833514977055992,"main_score":0.7204438466711499},"sv":{"accuracy":0.7226294552790854,"f1":0.7177572586405019,"accuracy_stderr":0.015527535736927873,"f1_stderr":0.012509815617808165,"main_score":0.7226294552790854}},"main_score":"accuracy"}