{"task_name":"Massive Intent","task_description":"MASSIVE: A 1M-Example Multilingual Natural Language Understanding Dataset with 51 Typologically-Diverse Languages","task_version":"1.1.1","time_of_run":"2024-07-23T10:06:39.023944","scores":{"da":{"accuracy":0.6566577000672497,"f1":0.6272501481997879,"accuracy_stderr":0.012111865669066996,"f1_stderr":0.01248838330974943,"main_score":0.6566577000672497},"nb":{"accuracy":0.6483860121049092,"f1":0.6237599826196387,"accuracy_stderr":0.014920486934971227,"f1_stderr":0.015054996561497567,"main_score":0.6483860121049092},"sv":{"accuracy":0.6603227975790181,"f1":0.6314842093381182,"accuracy_stderr":0.010695418644862181,"f1_stderr":0.009016772357284856,"main_score":0.6603227975790181}},"main_score":"accuracy"}