{"task_name":"NorQuad","task_description":"Human-created question for Norwegian wikipedia passages.","task_version":"0.0.1","time_of_run":"2024-07-23T10:10:38.837795","scores":{"nb":{"ndcg_at_1":0.14355,"ndcg_at_3":0.12727,"ndcg_at_5":0.13804,"ndcg_at_10":0.15643,"ndcg_at_100":0.20391,"ndcg_at_1000":0.25697,"map_at_1":0.07178,"map_at_3":0.10002,"map_at_5":0.10585,"map_at_10":0.11285,"map_at_100":0.1205,"map_at_1000":0.12238,"recall_at_1":0.07178,"recall_at_3":0.12646,"recall_at_5":0.14795,"recall_at_10":0.19434,"recall_at_100":0.39355,"recall_at_1000":0.75293,"precision_at_1":0.14355,"precision_at_3":0.08431,"precision_at_5":0.05918,"precision_at_10":0.03887,"precision_at_100":0.00787,"precision_at_1000":0.00151,"mrr_at_1":0.14355,"mrr_at_3":0.18376,"mrr_at_5":0.19142,"mrr_at_10":0.20217,"mrr_at_100":0.21242,"mrr_at_1000":0.21392}},"main_score":"ndcg_at_10"}