{"task_name":"ScaLA","task_description":"A linguistic acceptability task for Danish, Norwegian Bokmål Norwegian Nynorsk and Swedish.","task_version":"1.1.1","time_of_run":"2024-07-23T10:08:08.876792","scores":{"da":{"accuracy":0.501416015625,"f1":0.49547866239433735,"ap":0.5007366356908136,"accuracy_stderr":0.004700959274118829,"f1_stderr":0.006189599190965461,"ap_stderr":0.00238121064069974,"main_score":0.501416015625},"nb":{"accuracy":0.501416015625,"f1":0.4995700328916611,"ap":0.5007140670452171,"accuracy_stderr":0.00195861046095035,"f1_stderr":0.002115157513075162,"ap_stderr":0.0009846490011517644,"main_score":0.501416015625},"sv":{"accuracy":0.500634765625,"f1":0.49759477033117144,"ap":0.5003410753463585,"accuracy_stderr":0.004979750637567459,"f1_stderr":0.0075061304893926034,"ap_stderr":0.0024995183421366797,"main_score":0.500634765625},"nn":{"accuracy":0.500048828125,"f1":0.49819307121171014,"ap":0.5000341517674238,"accuracy_stderr":0.003212653154217965,"f1_stderr":0.0034999901638432403,"ap_stderr":0.0016062964909553774,"main_score":0.500048828125}},"main_score":"accuracy"}