{"task_name":"SNL Retrieval","task_description":"Webscrabed articles and ingresses from the Norwegian lexicon 'Det Store Norske Leksikon'.","task_version":"0.0.1","time_of_run":"2024-07-23T10:10:28.159248","scores":{"nb":{"ndcg_at_1":0.41923,"ndcg_at_3":0.51234,"ndcg_at_5":0.54177,"ndcg_at_10":0.55884,"ndcg_at_100":0.60212,"ndcg_at_1000":0.61323,"map_at_1":0.41923,"map_at_3":0.48949,"map_at_5":0.50579,"map_at_10":0.51293,"map_at_100":0.52137,"map_at_1000":0.52178,"recall_at_1":0.41923,"recall_at_3":0.57846,"recall_at_5":0.65,"recall_at_10":0.70231,"recall_at_100":0.91,"recall_at_1000":0.99846,"precision_at_1":0.41923,"precision_at_3":0.19282,"precision_at_5":0.13,"precision_at_10":0.07023,"precision_at_100":0.0091,"precision_at_1000":0.001,"mrr_at_1":0.41923,"mrr_at_3":0.48949,"mrr_at_5":0.50579,"mrr_at_10":0.51293,"mrr_at_100":0.52137,"mrr_at_1000":0.52178}},"main_score":"ndcg_at_10"}