{"task_name":"SwednRetrieval","task_description":"News Article Summary Semantic Similarity Estimation.","task_version":"0.0.1","time_of_run":"2024-07-23T10:11:47.549413","scores":{"sv":{"ndcg_at_1":0.59473,"ndcg_at_3":0.52905,"ndcg_at_5":0.57046,"ndcg_at_10":0.60471,"ndcg_at_100":0.65243,"ndcg_at_1000":0.66792,"map_at_1":0.29736,"map_at_3":0.4707,"map_at_5":0.50144,"map_at_10":0.52115,"map_at_100":0.53438,"map_at_1000":0.53516,"recall_at_1":0.29736,"recall_at_3":0.52393,"recall_at_5":0.60596,"recall_at_10":0.69189,"recall_at_100":0.87842,"recall_at_1000":0.97949,"precision_at_1":0.59473,"precision_at_3":0.34928,"precision_at_5":0.24238,"precision_at_10":0.13838,"precision_at_100":0.01757,"precision_at_1000":0.00196,"mrr_at_1":0.59375,"mrr_at_3":0.65544,"mrr_at_5":0.66886,"mrr_at_10":0.67587,"mrr_at_100":0.6799,"mrr_at_1000":0.68011}},"main_score":"ndcg_at_10"}