{"task_name":"SweFAQ","task_description":"A Swedish QA dataset derived from FAQ","task_version":"0.0.1","time_of_run":"2024-07-23T10:11:20.526457","scores":{"sv":{"ndcg_at_1":0.39766,"ndcg_at_3":0.52766,"ndcg_at_5":0.56894,"ndcg_at_10":0.60349,"ndcg_at_100":0.63418,"ndcg_at_1000":0.63809,"map_at_1":0.39766,"map_at_3":0.49578,"map_at_5":0.51888,"map_at_10":0.53306,"map_at_100":0.53939,"map_at_1000":0.53957,"recall_at_1":0.39766,"recall_at_3":0.61988,"recall_at_5":0.7193,"recall_at_10":0.82651,"recall_at_100":0.97076,"recall_at_1000":1.0,"precision_at_1":0.39766,"precision_at_3":0.20663,"precision_at_5":0.14386,"precision_at_10":0.08265,"precision_at_100":0.00971,"precision_at_1000":0.001,"mrr_at_1":0.39766,"mrr_at_3":0.49578,"mrr_at_5":0.51888,"mrr_at_10":0.53306,"mrr_at_100":0.53939,"mrr_at_1000":0.53957}},"main_score":"ndcg_at_10"}