{"task_name":"TV2Nord Retrieval","task_description":"News Article and corresponding summaries extracted from the Danish newspaper TV2 Nord.","task_version":"1.1.1","time_of_run":"2024-07-23T10:04:47.953538","scores":{"da":{"ndcg_at_1":0.65674,"ndcg_at_3":0.7338,"ndcg_at_5":0.75414,"ndcg_at_10":0.77052,"ndcg_at_100":0.79077,"ndcg_at_1000":0.7934,"map_at_1":0.65674,"map_at_3":0.7159,"map_at_5":0.72721,"map_at_10":0.73394,"map_at_100":0.73818,"map_at_1000":0.73828,"recall_at_1":0.65674,"recall_at_3":0.78516,"recall_at_5":0.83447,"recall_at_10":0.88525,"recall_at_100":0.979,"recall_at_1000":0.99951,"precision_at_1":0.65674,"precision_at_3":0.26172,"precision_at_5":0.16689,"precision_at_10":0.08853,"precision_at_100":0.00979,"precision_at_1000":0.001,"mrr_at_1":0.65674,"mrr_at_3":0.7159,"mrr_at_5":0.72721,"mrr_at_10":0.73394,"mrr_at_100":0.73818,"mrr_at_1000":0.73828}},"main_score":"ndcg_at_10"}