{"task_name":"Twitterhjerne","task_description":"Danish question asked on Twitter with the Hashtag #Twitterhjerne ('Twitter brain') and their corresponding answer.","task_version":"1.1.1","time_of_run":"2024-07-23T10:04:55.923716","scores":{"da":{"ndcg_at_1":0.5641,"ndcg_at_3":0.51981,"ndcg_at_5":0.54255,"ndcg_at_10":0.60529,"ndcg_at_100":0.67912,"ndcg_at_1000":0.68983,"map_at_1":0.18462,"map_at_3":0.36645,"map_at_5":0.44269,"map_at_10":0.49014,"map_at_100":0.52026,"map_at_1000":0.52148,"recall_at_1":0.18462,"recall_at_3":0.42051,"recall_at_5":0.54808,"recall_at_10":0.69017,"recall_at_100":0.93184,"recall_at_1000":0.98718,"precision_at_1":0.5641,"precision_at_3":0.46154,"precision_at_5":0.37692,"precision_at_10":0.23718,"precision_at_100":0.03205,"precision_at_1000":0.00336,"mrr_at_1":0.5641,"mrr_at_3":0.65598,"mrr_at_5":0.68034,"mrr_at_10":0.68981,"mrr_at_100":0.69038,"mrr_at_1000":0.69038}},"main_score":"ndcg_at_10"}