{"task_name":"Bornholm Parallel","task_description":"Danish Bornholmsk Parallel Corpus. Bornholmsk is a Danish dialect spoken on the island of Bornholm, Denmark. Historically it is a part of east Danish which was also spoken in Scania and Halland, Sweden.","task_version":"1.1.1","time_of_run":"2024-01-29T17:29:11.986512","scores":{"da":{"precision":0.38145992063492057,"recall":0.492,"f1":0.40950037348272644,"accuracy":0.492,"main_score":0.40950037348272644},"da-bornholm":{"precision":0.38145992063492057,"recall":0.492,"f1":0.40950037348272644,"accuracy":0.492,"main_score":0.40950037348272644}},"main_score":"f1"}