{"task_name":"DanFEVER","task_description":"A Danish dataset intended for misinformation research. It follows the same format as the English FEVER dataset.","task_version":"1.1.1","time_of_run":"2024-01-29T17:33:31.89145","scores":{"da":{"ndcg_at_1":0.29735,"ndcg_at_3":0.37738,"ndcg_at_5":0.38502,"ndcg_at_10":0.3906,"ndcg_at_100":0.39386,"ndcg_at_1000":0.39412,"map_at_1":0.29727,"map_at_3":0.35847,"map_at_5":0.36275,"map_at_10":0.36508,"map_at_100":0.36585,"map_at_1000":0.36586,"recall_at_1":0.29727,"recall_at_3":0.43174,"recall_at_5":0.4501,"recall_at_10":0.46721,"recall_at_100":0.48141,"recall_at_1000":0.48345,"precision_at_1":0.29735,"precision_at_3":0.14399,"precision_at_5":0.09007,"precision_at_10":0.04676,"precision_at_100":0.00482,"precision_at_1000":0.00048,"mrr_at_1":0.29735,"mrr_at_3":0.35852,"mrr_at_5":0.3628,"mrr_at_10":0.36513,"mrr_at_100":0.36588,"mrr_at_1000":0.36589}},"main_score":"ndcg_at_10"}