{"task_name":"Language Identification","task_description":"A dataset for Nordic language identification.","task_version":"1.1.1","time_of_run":"2024-01-29T17:53:00.519792","scores":{"da":{"accuracy":0.6789333333333334,"f1":0.6645473520157714,"accuracy_stderr":0.011789637634616061,"f1_stderr":0.015092516737570732,"main_score":0.6789333333333334},"sv":{"accuracy":0.6789333333333334,"f1":0.6645473520157714,"accuracy_stderr":0.011789637634616061,"f1_stderr":0.015092516737570732,"main_score":0.6789333333333334},"nb":{"accuracy":0.6789333333333334,"f1":0.6645473520157714,"accuracy_stderr":0.011789637634616061,"f1_stderr":0.015092516737570732,"main_score":0.6789333333333334},"nn":{"accuracy":0.6789333333333334,"f1":0.6645473520157714,"accuracy_stderr":0.011789637634616061,"f1_stderr":0.015092516737570732,"main_score":0.6789333333333334},"is":{"accuracy":0.6789333333333334,"f1":0.6645473520157714,"accuracy_stderr":0.011789637634616061,"f1_stderr":0.015092516737570732,"main_score":0.6789333333333334},"fo":{"accuracy":0.6789333333333334,"f1":0.6645473520157714,"accuracy_stderr":0.011789637634616061,"f1_stderr":0.015092516737570732,"main_score":0.6789333333333334}},"main_score":"accuracy"}