{"task_name":"Massive Intent","task_description":"MASSIVE: A 1M-Example Multilingual Natural Language Understanding Dataset with 51 Typologically-Diverse Languages","task_version":"1.1.1","time_of_run":"2024-01-29T17:42:13.408344","scores":{"da":{"accuracy":0.6361802286482852,"f1":0.6054460226348812,"accuracy_stderr":0.013050561251654469,"f1_stderr":0.007420387667225833,"main_score":0.6361802286482852},"nb":{"accuracy":0.6338937457969066,"f1":0.5957113901383904,"accuracy_stderr":0.017205097082779425,"f1_stderr":0.014157554204416833,"main_score":0.6338937457969066},"sv":{"accuracy":0.6464021519838601,"f1":0.6110695709174041,"accuracy_stderr":0.018426975382359257,"f1_stderr":0.014604828994199551,"main_score":0.6464021519838601}},"main_score":"accuracy"}