{"task_name":"Massive Scenario","task_description":"MASSIVE: A 1M-Example Multilingual Natural Language Understanding Dataset with 51 Typologically-Diverse Languages","task_version":"1.1.1","time_of_run":"2024-01-29T17:47:30.258692","scores":{"da":{"accuracy":0.7131472763954271,"f1":0.7028682553925554,"accuracy_stderr":0.009639752509814303,"f1_stderr":0.010498562805564894,"main_score":0.7131472763954271},"nb":{"accuracy":0.7157027572293208,"f1":0.70281779500904,"accuracy_stderr":0.00840921263637623,"f1_stderr":0.009095224726204457,"main_score":0.7157027572293208},"sv":{"accuracy":0.72817753866846,"f1":0.712690905981809,"accuracy_stderr":0.010531794912938604,"f1_stderr":0.009845517691204748,"main_score":0.72817753866846}},"main_score":"accuracy"}