{"task_name":"NorQuad","task_description":"Human-created question for Norwegian wikipedia passages.","task_version":"0.0.1","time_of_run":"2024-01-28T16:44:25.563028","scores":{"nb":{"ndcg_at_1":0.70312,"ndcg_at_3":0.5303,"ndcg_at_5":0.55545,"ndcg_at_10":0.57574,"ndcg_at_100":0.62014,"ndcg_at_1000":0.64568,"map_at_1":0.35156,"map_at_3":0.44523,"map_at_5":0.46318,"map_at_10":0.47436,"map_at_100":0.48588,"map_at_1000":0.48715,"recall_at_1":0.35156,"recall_at_3":0.48877,"recall_at_5":0.53857,"recall_at_10":0.58984,"recall_at_100":0.76904,"recall_at_1000":0.94043,"precision_at_1":0.70312,"precision_at_3":0.32585,"precision_at_5":0.21543,"precision_at_10":0.11797,"precision_at_100":0.01538,"precision_at_1000":0.00188,"mrr_at_1":0.70312,"mrr_at_3":0.76123,"mrr_at_5":0.77085,"mrr_at_10":0.77574,"mrr_at_100":0.7791,"mrr_at_1000":0.77919}},"main_score":"ndcg_at_10"}