{"task_name":"Norwegian courts","task_description":"Nynorsk and Bokmål parallel corpus from Norwegian courts. Norway has two standardised written languages. Bokmål is a variant closer to Danish, while Nynorsk was created to resemble regional dialects of Norwegian.","task_version":"1.1.1","time_of_run":"2024-01-29T18:02:12.506802","scores":{"nb":{"precision":0.9177631578947368,"recall":0.9385964912280702,"f1":0.9242690058479532,"accuracy":0.9385964912280702,"main_score":0.9242690058479532},"nn":{"precision":0.9177631578947368,"recall":0.9385964912280702,"f1":0.9242690058479532,"accuracy":0.9385964912280702,"main_score":0.9242690058479532}},"main_score":"f1"}