{"task_name":"ScaLA","task_description":"A linguistic acceptability task for Danish, Norwegian Bokmål Norwegian Nynorsk and Swedish.","task_version":"1.1.1","time_of_run":"2024-01-29T17:51:06.420854","scores":{"da":{"accuracy":0.50546875,"f1":0.5004448923023648,"ap":0.5027854013458597,"accuracy_stderr":0.00546264307458867,"f1_stderr":0.007075663283379148,"ap_stderr":0.0027924091088208725,"main_score":0.50546875},"nb":{"accuracy":0.5029296875,"f1":0.49867519441331465,"ap":0.5015007995532312,"accuracy_stderr":0.005027163154778809,"f1_stderr":0.0047564150771651015,"ap_stderr":0.0025324572542191988,"main_score":0.5029296875},"sv":{"accuracy":0.5029296875,"f1":0.5002339724925785,"ap":0.5014882178177285,"accuracy_stderr":0.003686442595347046,"f1_stderr":0.005443132075675716,"ap_stderr":0.0018744017070235627,"main_score":0.5029296875},"nn":{"accuracy":0.50234375,"f1":0.5014426813854692,"ap":0.5012154537226169,"accuracy_stderr":0.006078268093591967,"f1_stderr":0.005507213122542232,"ap_stderr":0.0030448352344987113,"main_score":0.50234375}},"main_score":"accuracy"}