{"task_name":"SNL Retrieval","task_description":"Webscrabed articles and ingresses from the Norwegian lexicon 'Det Store Norske Leksikon'.","task_version":"0.0.1","time_of_run":"2024-01-28T13:48:42.048541","scores":{"sv":{"ndcg_at_1":0.9834,"ndcg_at_3":0.94763,"ndcg_at_5":0.95683,"ndcg_at_10":0.96073,"ndcg_at_100":0.96699,"ndcg_at_1000":0.96803,"map_at_1":0.4917,"map_at_3":0.93245,"map_at_5":0.94076,"map_at_10":0.94326,"map_at_100":0.94539,"map_at_1000":0.94545,"recall_at_1":0.4917,"recall_at_3":0.94092,"recall_at_5":0.95898,"recall_at_10":0.96875,"recall_at_100":0.99219,"recall_at_1000":0.99902,"precision_at_1":0.9834,"precision_at_3":0.62728,"precision_at_5":0.38359,"precision_at_10":0.19375,"precision_at_100":0.01984,"precision_at_1000":0.002,"mrr_at_1":0.9834,"mrr_at_3":0.98828,"mrr_at_5":0.98848,"mrr_at_10":0.98875,"mrr_at_100":0.98893,"mrr_at_1000":0.98893}},"main_score":"ndcg_at_10"}