{"task_name":"SNL Retrieval","task_description":"Webscrabed articles and ingresses from the Norwegian lexicon 'Det Store Norske Leksikon'.","task_version":"0.0.1","time_of_run":"2024-01-28T14:02:29.093561","scores":{"nb":{"ndcg_at_1":0.88672,"ndcg_at_3":0.91563,"ndcg_at_5":0.92131,"ndcg_at_10":0.9271,"ndcg_at_100":0.93219,"ndcg_at_1000":0.93347,"map_at_1":0.88672,"map_at_3":0.90902,"map_at_5":0.91219,"map_at_10":0.91465,"map_at_100":0.91562,"map_at_1000":0.91567,"recall_at_1":0.88672,"recall_at_3":0.93457,"recall_at_5":0.94824,"recall_at_10":0.96582,"recall_at_100":0.99023,"recall_at_1000":1.0,"precision_at_1":0.88672,"precision_at_3":0.31152,"precision_at_5":0.18965,"precision_at_10":0.09658,"precision_at_100":0.0099,"precision_at_1000":0.001,"mrr_at_1":0.88672,"mrr_at_3":0.90902,"mrr_at_5":0.91219,"mrr_at_10":0.91465,"mrr_at_100":0.91562,"mrr_at_1000":0.91567}},"main_score":"ndcg_at_10"}