{"task_name":"SwednRetrieval","task_description":"News Article Summary Semantic Similarity Estimation.","task_version":"0.0.1","time_of_run":"2024-01-29T18:06:17.361724","scores":{"sv":{"ndcg_at_1":0.7002,"ndcg_at_3":0.67856,"ndcg_at_5":0.71369,"ndcg_at_10":0.73523,"ndcg_at_100":0.76676,"ndcg_at_1000":0.7755,"map_at_1":0.3501,"map_at_3":0.639,"map_at_5":0.667,"map_at_10":0.67941,"map_at_100":0.68805,"map_at_1000":0.68846,"recall_at_1":0.3501,"recall_at_3":0.68652,"recall_at_5":0.75537,"recall_at_10":0.80908,"recall_at_100":0.93018,"recall_at_1000":0.98779,"precision_at_1":0.7002,"precision_at_3":0.45768,"precision_at_5":0.30215,"precision_at_10":0.16182,"precision_at_100":0.0186,"precision_at_1000":0.00198,"mrr_at_1":0.7002,"mrr_at_3":0.74935,"mrr_at_5":0.7576,"mrr_at_10":0.76221,"mrr_at_100":0.76585,"mrr_at_1000":0.76599}},"main_score":"ndcg_at_10"}