{"task_name":"SweFAQ","task_description":"A Swedish QA dataset derived from FAQ","task_version":"0.0.1","time_of_run":"2024-01-28T10:50:53.668451","scores":{"sv":{"ndcg_at_1":0.57505,"ndcg_at_3":0.68924,"ndcg_at_5":0.71952,"ndcg_at_10":0.73898,"ndcg_at_100":0.7592,"ndcg_at_1000":0.7613,"map_at_1":0.57505,"map_at_3":0.66309,"map_at_5":0.67976,"map_at_10":0.6881,"map_at_100":0.69291,"map_at_1000":0.69301,"recall_at_1":0.57505,"recall_at_3":0.76413,"recall_at_5":0.83821,"recall_at_10":0.89669,"recall_at_100":0.98441,"recall_at_1000":1.0,"precision_at_1":0.57505,"precision_at_3":0.25471,"precision_at_5":0.16764,"precision_at_10":0.08967,"precision_at_100":0.00984,"precision_at_1000":0.001,"mrr_at_1":0.57505,"mrr_at_3":0.66309,"mrr_at_5":0.67976,"mrr_at_10":0.6881,"mrr_at_100":0.69291,"mrr_at_1000":0.69301}},"main_score":"ndcg_at_10"}