{"task_name":"TV2Nord Retrieval","task_description":"News Article and corresponding summaries extracted from the Danish newspaper TV2 Nord.","task_version":"1.1.1","time_of_run":"2024-01-28T16:16:36.156505","scores":{"da":{"ndcg_at_1":0.86475,"ndcg_at_3":0.90507,"ndcg_at_5":0.91428,"ndcg_at_10":0.92011,"ndcg_at_100":0.9249,"ndcg_at_1000":0.9256,"map_at_1":0.86475,"map_at_3":0.89551,"map_at_5":0.90059,"map_at_10":0.90299,"map_at_100":0.90405,"map_at_1000":0.90408,"recall_at_1":0.86475,"recall_at_3":0.93262,"recall_at_5":0.95508,"recall_at_10":0.97314,"recall_at_100":0.99463,"recall_at_1000":1.0,"precision_at_1":0.86475,"precision_at_3":0.31087,"precision_at_5":0.19102,"precision_at_10":0.09731,"precision_at_100":0.00995,"precision_at_1000":0.001,"mrr_at_1":0.86475,"mrr_at_3":0.89551,"mrr_at_5":0.90059,"mrr_at_10":0.90299,"mrr_at_100":0.90405,"mrr_at_1000":0.90408}},"main_score":"ndcg_at_10"}