{"task_name":"Twitterhjerne","task_description":"Danish question asked on Twitter with the Hashtag #Twitterhjerne ('Twitter brain') and their corresponding answer.","task_version":"1.1.1","time_of_run":"2024-01-28T14:56:59.113652","scores":{"da":{"ndcg_at_1":0.74359,"ndcg_at_3":0.66772,"ndcg_at_5":0.66325,"ndcg_at_10":0.70323,"ndcg_at_100":0.76036,"ndcg_at_1000":0.77112,"map_at_1":0.24017,"map_at_3":0.49623,"map_at_5":0.57301,"map_at_10":0.61414,"map_at_100":0.63321,"map_at_1000":0.63413,"recall_at_1":0.24017,"recall_at_3":0.52949,"recall_at_5":0.64252,"recall_at_10":0.73291,"recall_at_100":0.92692,"recall_at_1000":0.98718,"precision_at_1":0.74359,"precision_at_3":0.58974,"precision_at_5":0.43846,"precision_at_10":0.25513,"precision_at_100":0.03192,"precision_at_1000":0.00336,"mrr_at_1":0.74359,"mrr_at_3":0.81838,"mrr_at_5":0.81838,"mrr_at_10":0.81966,"mrr_at_100":0.82337,"mrr_at_1000":0.82342}},"main_score":"ndcg_at_10"}