{"task_name":"DanFEVER","task_description":"A Danish dataset intended for misinformation research. It follows the same format as the English FEVER dataset.","task_version":"1.1.1","time_of_run":"2024-11-13T21:36:36.608562","scores":{"da":{"ndcg_at_1":0.25859,"ndcg_at_3":0.34764,"ndcg_at_5":0.35958,"ndcg_at_10":0.36608,"ndcg_at_100":0.37129,"ndcg_at_1000":0.37169,"map_at_1":0.25851,"map_at_3":0.32666,"map_at_5":0.33333,"map_at_10":0.33608,"map_at_100":0.33722,"map_at_1000":0.33724,"recall_at_1":0.25851,"recall_at_3":0.40797,"recall_at_5":0.43676,"recall_at_10":0.45646,"recall_at_100":0.48015,"recall_at_1000":0.48313,"precision_at_1":0.25859,"precision_at_3":0.13604,"precision_at_5":0.0874,"precision_at_10":0.04568,"precision_at_100":0.00481,"precision_at_1000":0.00048,"mrr_at_1":0.25875,"mrr_at_3":0.32674,"mrr_at_5":0.33343,"mrr_at_10":0.33619,"mrr_at_100":0.3373,"mrr_at_1000":0.33732}},"main_score":"ndcg_at_10"}