{"task_name":"DanFEVER","task_description":"A Danish dataset intended for misinformation research. It follows the same format as the English FEVER dataset.","task_version":"1.1.1","time_of_run":"2024-12-11T22:32:46.470067","scores":{"da":{"ndcg_at_1":0.31492,"ndcg_at_3":0.3914,"ndcg_at_5":0.39856,"ndcg_at_10":0.40282,"ndcg_at_100":0.40509,"ndcg_at_1000":0.40526,"map_at_1":0.31484,"map_at_3":0.37371,"map_at_5":0.37773,"map_at_10":0.37955,"map_at_100":0.38008,"map_at_1000":0.38009,"recall_at_1":0.31484,"recall_at_3":0.4421,"recall_at_5":0.45928,"recall_at_10":0.47215,"recall_at_100":0.48203,"recall_at_1000":0.48329,"precision_at_1":0.31492,"precision_at_3":0.14744,"precision_at_5":0.09192,"precision_at_10":0.04726,"precision_at_100":0.00483,"precision_at_1000":0.00048,"mrr_at_1":0.31492,"mrr_at_3":0.37374,"mrr_at_5":0.37777,"mrr_at_10":0.37956,"mrr_at_100":0.38009,"mrr_at_1000":0.3801}},"main_score":"ndcg_at_10"}