{"task_name":"Language Identification","task_description":"A dataset for Nordic language identification.","task_version":"1.1.1","time_of_run":"2024-11-13T21:50:33.466847","scores":{"da":{"accuracy":0.48129999999999995,"f1":0.4716944543998669,"accuracy_stderr":0.012093570376214148,"f1_stderr":0.013172338407872259,"main_score":0.48129999999999995},"sv":{"accuracy":0.48129999999999995,"f1":0.4716944543998669,"accuracy_stderr":0.012093570376214148,"f1_stderr":0.013172338407872259,"main_score":0.48129999999999995},"nb":{"accuracy":0.48129999999999995,"f1":0.4716944543998669,"accuracy_stderr":0.012093570376214148,"f1_stderr":0.013172338407872259,"main_score":0.48129999999999995},"nn":{"accuracy":0.48129999999999995,"f1":0.4716944543998669,"accuracy_stderr":0.012093570376214148,"f1_stderr":0.013172338407872259,"main_score":0.48129999999999995},"is":{"accuracy":0.48129999999999995,"f1":0.4716944543998669,"accuracy_stderr":0.012093570376214148,"f1_stderr":0.013172338407872259,"main_score":0.48129999999999995},"fo":{"accuracy":0.48129999999999995,"f1":0.4716944543998669,"accuracy_stderr":0.012093570376214148,"f1_stderr":0.013172338407872259,"main_score":0.48129999999999995}},"main_score":"accuracy"}