{"task_name":"Language Identification","task_description":"A dataset for Nordic language identification.","task_version":"1.1.1","time_of_run":"2024-12-13T16:27:56.414291","scores":{"da":{"accuracy":0.4083333333333333,"f1":0.3925482204639472,"accuracy_stderr":0.008633268983029165,"f1_stderr":0.007916299274783293,"main_score":0.4083333333333333},"sv":{"accuracy":0.4083333333333333,"f1":0.3925482204639472,"accuracy_stderr":0.008633268983029165,"f1_stderr":0.007916299274783293,"main_score":0.4083333333333333},"nb":{"accuracy":0.4083333333333333,"f1":0.3925482204639472,"accuracy_stderr":0.008633268983029165,"f1_stderr":0.007916299274783293,"main_score":0.4083333333333333},"nn":{"accuracy":0.4083333333333333,"f1":0.3925482204639472,"accuracy_stderr":0.008633268983029165,"f1_stderr":0.007916299274783293,"main_score":0.4083333333333333},"is":{"accuracy":0.4083333333333333,"f1":0.3925482204639472,"accuracy_stderr":0.008633268983029165,"f1_stderr":0.007916299274783293,"main_score":0.4083333333333333},"fo":{"accuracy":0.4083333333333333,"f1":0.3925482204639472,"accuracy_stderr":0.008633268983029165,"f1_stderr":0.007916299274783293,"main_score":0.4083333333333333}},"main_score":"accuracy"}