{"task_name":"Massive Scenario","task_description":"MASSIVE: A 1M-Example Multilingual Natural Language Understanding Dataset with 51 Typologically-Diverse Languages","task_version":"1.1.1","time_of_run":"2024-11-13T21:46:44.729375","scores":{"da":{"accuracy":0.7350706119704102,"f1":0.7264571146442774,"accuracy_stderr":0.007798404730966382,"f1_stderr":0.009457832203659417,"main_score":0.7350706119704102},"nb":{"accuracy":0.7190988567585743,"f1":0.7119164347268657,"accuracy_stderr":0.01014353370687806,"f1_stderr":0.010327527565859801,"main_score":0.7190988567585743},"sv":{"accuracy":0.7415265635507734,"f1":0.7321277292640845,"accuracy_stderr":0.009021276077818262,"f1_stderr":0.009842616330101132,"main_score":0.7415265635507734}},"main_score":"accuracy"}