{"task_name":"Massive Intent","task_description":"MASSIVE: A 1M-Example Multilingual Natural Language Understanding Dataset with 51 Typologically-Diverse Languages","task_version":"1.1.1","time_of_run":"2024-11-13T21:43:34.445063","scores":{"da":{"accuracy":0.6379959650302622,"f1":0.6031210839216415,"accuracy_stderr":0.018687738234453372,"f1_stderr":0.01601335989279753,"main_score":0.6379959650302622},"nb":{"accuracy":0.6341627437794217,"f1":0.6000839733610837,"accuracy_stderr":0.016888194867408664,"f1_stderr":0.017814875436374125,"main_score":0.6341627437794217},"sv":{"accuracy":0.6594821788836583,"f1":0.6323874307279661,"accuracy_stderr":0.022018459492548024,"f1_stderr":0.017138250345814364,"main_score":0.6594821788836583}},"main_score":"accuracy"}