{"task_name":"Massive Scenario","task_description":"MASSIVE: A 1M-Example Multilingual Natural Language Understanding Dataset with 51 Typologically-Diverse Languages","task_version":"1.1.1","time_of_run":"2024-12-13T16:04:24.007081","scores":{"da":{"accuracy":0.8303967720242097,"f1":0.8144907891114421,"accuracy_stderr":0.01345679043361314,"f1_stderr":0.012214051749594796,"main_score":0.8303967720242097},"nb":{"accuracy":0.8227303295225286,"f1":0.809055319974268,"accuracy_stderr":0.01164970138337166,"f1_stderr":0.010758393028445808,"main_score":0.8227303295225286},"sv":{"accuracy":0.8377269670477471,"f1":0.8214039898309877,"accuracy_stderr":0.011274273146386207,"f1_stderr":0.010311356519461268,"main_score":0.8377269670477471}},"main_score":"accuracy"}