{"task_name":"Massive Intent","task_description":"MASSIVE: A 1M-Example Multilingual Natural Language Understanding Dataset with 51 Typologically-Diverse Languages","task_version":"1.1.1","time_of_run":"2024-12-13T12:30:27.747355","scores":{"da":{"accuracy":0.7229993275050437,"f1":0.6777312864344521,"accuracy_stderr":0.021605725550200672,"f1_stderr":0.019667189317759903,"main_score":0.7229993275050437},"nb":{"accuracy":0.7127437794216543,"f1":0.6693877898238115,"accuracy_stderr":0.014615011239315112,"f1_stderr":0.012458761208978947,"main_score":0.7127437794216543},"sv":{"accuracy":0.731102891728312,"f1":0.6918924054876893,"accuracy_stderr":0.021828159697349376,"f1_stderr":0.02278756069148256,"main_score":0.731102891728312}},"main_score":"accuracy"}