{"task_name":"NorQuad","task_description":"Human-created question for Norwegian wikipedia passages.","task_version":"0.0.1","time_of_run":"2024-12-23T09:04:15.429983","scores":{"nb":{"ndcg_at_1":0.22949,"ndcg_at_3":0.16732,"ndcg_at_5":0.17541,"ndcg_at_10":0.18571,"ndcg_at_100":0.22261,"ndcg_at_1000":0.28177,"map_at_1":0.11475,"map_at_3":0.1368,"map_at_5":0.141,"map_at_10":0.14488,"map_at_100":0.151,"map_at_1000":0.15292,"recall_at_1":0.11475,"recall_at_3":0.15137,"recall_at_5":0.16748,"recall_at_10":0.19385,"recall_at_100":0.34766,"recall_at_1000":0.75244,"precision_at_1":0.22949,"precision_at_3":0.10091,"precision_at_5":0.06699,"precision_at_10":0.03877,"precision_at_100":0.00695,"precision_at_1000":0.0015,"mrr_at_1":0.22949,"mrr_at_3":0.25146,"mrr_at_5":0.25762,"mrr_at_10":0.26344,"mrr_at_100":0.27145,"mrr_at_1000":0.27316}},"main_score":"ndcg_at_10"}