{"task_name":"NorQuad","task_description":"Human-created question for Norwegian wikipedia passages.","task_version":"0.0.1","time_of_run":"2024-11-13T21:54:45.566159","scores":{"nb":{"ndcg_at_1":0.24805,"ndcg_at_3":0.20567,"ndcg_at_5":0.22425,"ndcg_at_10":0.24207,"ndcg_at_100":0.28795,"ndcg_at_1000":0.32916,"map_at_1":0.12402,"map_at_3":0.16471,"map_at_5":0.17546,"map_at_10":0.18267,"map_at_100":0.19102,"map_at_1000":0.19243,"recall_at_1":0.12402,"recall_at_3":0.19824,"recall_at_5":0.23486,"recall_at_10":0.27979,"recall_at_100":0.46436,"recall_at_1000":0.74707,"precision_at_1":0.24805,"precision_at_3":0.13216,"precision_at_5":0.09395,"precision_at_10":0.05596,"precision_at_100":0.00929,"precision_at_1000":0.00149,"mrr_at_1":0.24805,"mrr_at_3":0.29915,"mrr_at_5":0.31146,"mrr_at_10":0.32102,"mrr_at_100":0.33193,"mrr_at_1000":0.33295}},"main_score":"ndcg_at_10"}