{"task_name":"ScaLA","task_description":"A linguistic acceptability task for Danish, Norwegian Bokmål Norwegian Nynorsk and Swedish.","task_version":"1.1.1","time_of_run":"2024-12-13T16:21:01.748529","scores":{"da":{"accuracy":0.503857421875,"f1":0.5010150063382104,"ap":0.5019662110991986,"accuracy_stderr":0.005174168749404531,"f1_stderr":0.004400393254493083,"ap_stderr":0.0026253967285794415,"main_score":0.503857421875},"nb":{"accuracy":0.500830078125,"f1":0.49806400988951943,"ap":0.5004272465429791,"accuracy_stderr":0.0032758541245545914,"f1_stderr":0.004599162738598509,"ap_stderr":0.001644370497139994,"main_score":0.500830078125},"sv":{"accuracy":0.500341796875,"f1":0.496277876839753,"ap":0.5002269842196376,"accuracy_stderr":0.007229366274083332,"f1_stderr":0.009507866178624286,"ap_stderr":0.003675449940166358,"main_score":0.500341796875},"nn":{"accuracy":0.5017578125,"f1":0.5005416037277838,"ap":0.5009383843683527,"accuracy_stderr":0.007580792459013808,"f1_stderr":0.007002385836975437,"ap_stderr":0.0037841908762277186,"main_score":0.5017578125}},"main_score":"accuracy"}