{"task_name":"ScaLA","task_description":"A linguistic acceptability task for Danish, Norwegian Bokmål Norwegian Nynorsk and Swedish.","task_version":"1.1.1","time_of_run":"2024-11-13T21:49:22.408633","scores":{"da":{"accuracy":0.50224609375,"f1":0.4992941088752125,"ap":0.5011438581747162,"accuracy_stderr":0.003858348879909846,"f1_stderr":0.0052233518938709315,"ap_stderr":0.0019490072295206748,"main_score":0.50224609375},"nb":{"accuracy":0.504248046875,"f1":0.5019808251239641,"ap":0.50216298178004,"accuracy_stderr":0.004754415367279045,"f1_stderr":0.004887920058285869,"ap_stderr":0.0024141142550112176,"main_score":0.504248046875},"sv":{"accuracy":0.50302734375,"f1":0.49853968956171374,"ap":0.5015564574921725,"accuracy_stderr":0.006050748466663932,"f1_stderr":0.008325097133306763,"ap_stderr":0.0030894211378567557,"main_score":0.50302734375},"nn":{"accuracy":0.5015625,"f1":0.4991181856004777,"ap":0.5008044312421281,"accuracy_stderr":0.004366228301974249,"f1_stderr":0.005773270356524286,"ap_stderr":0.0021724434704132266,"main_score":0.5015625}},"main_score":"accuracy"}