{"task_name":"SNL Retrieval","task_description":"Webscrabed articles and ingresses from the Norwegian lexicon 'Det Store Norske Leksikon'.","task_version":"0.0.1","time_of_run":"2024-11-13T21:32:05.916886","scores":{"nb":{"ndcg_at_1":0.96154,"ndcg_at_3":0.97191,"ndcg_at_5":0.9741,"ndcg_at_10":0.97508,"ndcg_at_100":0.97711,"ndcg_at_1000":0.97746,"map_at_1":0.96154,"map_at_3":0.96962,"map_at_5":0.97081,"map_at_10":0.97121,"map_at_100":0.97158,"map_at_1000":0.97159,"recall_at_1":0.96154,"recall_at_3":0.97846,"recall_at_5":0.98385,"recall_at_10":0.98692,"recall_at_100":0.99692,"recall_at_1000":1.0,"precision_at_1":0.96154,"precision_at_3":0.32615,"precision_at_5":0.19677,"precision_at_10":0.09869,"precision_at_100":0.00997,"precision_at_1000":0.001,"mrr_at_1":0.96154,"mrr_at_3":0.96962,"mrr_at_5":0.97081,"mrr_at_10":0.97121,"mrr_at_100":0.97158,"mrr_at_1000":0.97159}},"main_score":"ndcg_at_10"}