{"task_name":"SNL Retrieval","task_description":"Webscrabed articles and ingresses from the Norwegian lexicon 'Det Store Norske Leksikon'.","task_version":"0.0.1","time_of_run":"2024-12-23T09:03:46.228531","scores":{"nb":{"ndcg_at_1":0.91615,"ndcg_at_3":0.9416,"ndcg_at_5":0.94412,"ndcg_at_10":0.94631,"ndcg_at_100":0.94933,"ndcg_at_1000":0.95069,"map_at_1":0.91615,"map_at_3":0.93526,"map_at_5":0.93664,"map_at_10":0.93752,"map_at_100":0.93803,"map_at_1000":0.93808,"recall_at_1":0.91615,"recall_at_3":0.96,"recall_at_5":0.96615,"recall_at_10":0.97308,"recall_at_100":0.98846,"recall_at_1000":0.99923,"precision_at_1":0.91615,"precision_at_3":0.32,"precision_at_5":0.19323,"precision_at_10":0.09731,"precision_at_100":0.00988,"precision_at_1000":0.001,"mrr_at_1":0.91615,"mrr_at_3":0.93526,"mrr_at_5":0.93664,"mrr_at_10":0.93752,"mrr_at_100":0.93803,"mrr_at_1000":0.93808}},"main_score":"ndcg_at_10"}