{"task_name":"SwednRetrieval","task_description":"News Article Summary Semantic Similarity Estimation.","task_version":"0.0.1","time_of_run":"2024-12-23T09:09:14.044644","scores":{"sv":{"ndcg_at_1":0.75879,"ndcg_at_3":0.74314,"ndcg_at_5":0.77731,"ndcg_at_10":0.79757,"ndcg_at_100":0.81953,"ndcg_at_1000":0.82506,"map_at_1":0.37939,"map_at_3":0.70687,"map_at_5":0.73382,"map_at_10":0.7456,"map_at_100":0.75157,"map_at_1000":0.75182,"recall_at_1":0.37939,"recall_at_3":0.75244,"recall_at_5":0.81982,"recall_at_10":0.87012,"recall_at_100":0.95557,"recall_at_1000":0.99219,"precision_at_1":0.75879,"precision_at_3":0.50163,"precision_at_5":0.32793,"precision_at_10":0.17402,"precision_at_100":0.01911,"precision_at_1000":0.00198,"mrr_at_1":0.75879,"mrr_at_3":0.80534,"mrr_at_5":0.81354,"mrr_at_10":0.81788,"mrr_at_100":0.82001,"mrr_at_1000":0.82011}},"main_score":"ndcg_at_10"}