{"task_name":"SwednRetrieval","task_description":"News Article Summary Semantic Similarity Estimation.","task_version":"0.0.1","time_of_run":"2024-11-13T22:16:40.335296","scores":{"sv":{"ndcg_at_1":0.78906,"ndcg_at_3":0.78071,"ndcg_at_5":0.81017,"ndcg_at_10":0.83069,"ndcg_at_100":0.84939,"ndcg_at_1000":0.85357,"map_at_1":0.39453,"map_at_3":0.74788,"map_at_5":0.77201,"map_at_10":0.78434,"map_at_100":0.7897,"map_at_1000":0.78993,"recall_at_1":0.39453,"recall_at_3":0.79053,"recall_at_5":0.84814,"recall_at_10":0.89893,"recall_at_100":0.97021,"recall_at_1000":0.99707,"precision_at_1":0.78906,"precision_at_3":0.52702,"precision_at_5":0.33926,"precision_at_10":0.17979,"precision_at_100":0.0194,"precision_at_1000":0.00199,"mrr_at_1":0.78906,"mrr_at_3":0.83496,"mrr_at_5":0.84072,"mrr_at_10":0.8444,"mrr_at_100":0.84634,"mrr_at_1000":0.84641}},"main_score":"ndcg_at_10"}