{"task_name":"SweFAQ","task_description":"A Swedish QA dataset derived from FAQ","task_version":"0.0.1","time_of_run":"2024-12-23T09:08:03.132746","scores":{"sv":{"ndcg_at_1":0.63158,"ndcg_at_3":0.74276,"ndcg_at_5":0.76399,"ndcg_at_10":0.78239,"ndcg_at_100":0.79794,"ndcg_at_1000":0.79847,"map_at_1":0.63158,"map_at_3":0.71637,"map_at_5":0.72836,"map_at_10":0.73603,"map_at_100":0.73944,"map_at_1000":0.73947,"recall_at_1":0.63158,"recall_at_3":0.81871,"recall_at_5":0.8694,"recall_at_10":0.92593,"recall_at_100":0.9961,"recall_at_1000":1.0,"precision_at_1":0.63158,"precision_at_3":0.2729,"precision_at_5":0.17388,"precision_at_10":0.09259,"precision_at_100":0.00996,"precision_at_1000":0.001,"mrr_at_1":0.63158,"mrr_at_3":0.71637,"mrr_at_5":0.72836,"mrr_at_10":0.73603,"mrr_at_100":0.73944,"mrr_at_1000":0.73947}},"main_score":"ndcg_at_10"}