{"task_name":"SweFAQ","task_description":"A Swedish QA dataset derived from FAQ","task_version":"0.0.1","time_of_run":"2024-11-13T21:56:01.501825","scores":{"sv":{"ndcg_at_1":0.66472,"ndcg_at_3":0.77446,"ndcg_at_5":0.79954,"ndcg_at_10":0.8148,"ndcg_at_100":0.82488,"ndcg_at_1000":0.82514,"map_at_1":0.66472,"map_at_3":0.74886,"map_at_5":0.7629,"map_at_10":0.76927,"map_at_100":0.77174,"map_at_1000":0.77175,"recall_at_1":0.66472,"recall_at_3":0.84795,"recall_at_5":0.90838,"recall_at_10":0.95517,"recall_at_100":0.99805,"recall_at_1000":1.0,"precision_at_1":0.66472,"precision_at_3":0.28265,"precision_at_5":0.18168,"precision_at_10":0.09552,"precision_at_100":0.00998,"precision_at_1000":0.001,"mrr_at_1":0.66472,"mrr_at_3":0.74886,"mrr_at_5":0.7629,"mrr_at_10":0.76927,"mrr_at_100":0.77174,"mrr_at_1000":0.77175}},"main_score":"ndcg_at_10"}