{"task_name":"TV2Nord Retrieval","task_description":"News Article and corresponding summaries extracted from the Danish newspaper TV2 Nord.","task_version":"1.1.1","time_of_run":"2024-11-13T21:37:48.874367","scores":{"da":{"ndcg_at_1":0.93359,"ndcg_at_3":0.95819,"ndcg_at_5":0.96202,"ndcg_at_10":0.96502,"ndcg_at_100":0.96634,"ndcg_at_1000":0.96647,"map_at_1":0.93359,"map_at_3":0.95247,"map_at_5":0.9546,"map_at_10":0.95584,"map_at_100":0.95614,"map_at_1000":0.95615,"recall_at_1":0.93359,"recall_at_3":0.97461,"recall_at_5":0.98389,"recall_at_10":0.99316,"recall_at_100":0.99902,"recall_at_1000":1.0,"precision_at_1":0.93359,"precision_at_3":0.32487,"precision_at_5":0.19678,"precision_at_10":0.09932,"precision_at_100":0.00999,"precision_at_1000":0.001,"mrr_at_1":0.93359,"mrr_at_3":0.95247,"mrr_at_5":0.9546,"mrr_at_10":0.95584,"mrr_at_100":0.95614,"mrr_at_1000":0.95615}},"main_score":"ndcg_at_10"}