{"task_name":"TV2Nord Retrieval","task_description":"News Article and corresponding summaries extracted from the Danish newspaper TV2 Nord.","task_version":"1.1.1","time_of_run":"2024-12-23T09:02:31.113653","scores":{"da":{"ndcg_at_1":0.89893,"ndcg_at_3":0.93467,"ndcg_at_5":0.93965,"ndcg_at_10":0.94235,"ndcg_at_100":0.94645,"ndcg_at_1000":0.9468,"map_at_1":0.89893,"map_at_3":0.92651,"map_at_5":0.92925,"map_at_10":0.93037,"map_at_100":0.93132,"map_at_1000":0.93133,"recall_at_1":0.89893,"recall_at_3":0.95801,"recall_at_5":0.97021,"recall_at_10":0.97852,"recall_at_100":0.99658,"recall_at_1000":0.99951,"precision_at_1":0.89893,"precision_at_3":0.31934,"precision_at_5":0.19404,"precision_at_10":0.09785,"precision_at_100":0.00997,"precision_at_1000":0.001,"mrr_at_1":0.89893,"mrr_at_3":0.92651,"mrr_at_5":0.92925,"mrr_at_10":0.93037,"mrr_at_100":0.93132,"mrr_at_1000":0.93133}},"main_score":"ndcg_at_10"}