{"task_name":"Twitterhjerne","task_description":"Danish question asked on Twitter with the Hashtag #Twitterhjerne ('Twitter brain') and their corresponding answer.","task_version":"1.1.1","time_of_run":"2024-11-13T21:37:56.999306","scores":{"da":{"ndcg_at_1":0.80769,"ndcg_at_3":0.71733,"ndcg_at_5":0.72496,"ndcg_at_10":0.77033,"ndcg_at_100":0.82115,"ndcg_at_1000":0.82486,"map_at_1":0.26026,"map_at_3":0.54334,"map_at_5":0.63438,"map_at_10":0.68197,"map_at_100":0.70354,"map_at_1000":0.70399,"recall_at_1":0.26026,"recall_at_3":0.56987,"recall_at_5":0.70342,"recall_at_10":0.80256,"recall_at_100":0.96966,"recall_at_1000":0.98718,"precision_at_1":0.80769,"precision_at_3":0.62821,"precision_at_5":0.47949,"precision_at_10":0.27821,"precision_at_100":0.03295,"precision_at_1000":0.00336,"mrr_at_1":0.80769,"mrr_at_3":0.85897,"mrr_at_5":0.87179,"mrr_at_10":0.87179,"mrr_at_100":0.87385,"mrr_at_1000":0.87385}},"main_score":"ndcg_at_10"}