{"task_name":"Twitterhjerne","task_description":"Danish question asked on Twitter with the Hashtag #Twitterhjerne ('Twitter brain') and their corresponding answer.","task_version":"1.1.1","time_of_run":"2024-12-13T09:58:51.504069","scores":{"da":{"ndcg_at_1":0.76923,"ndcg_at_3":0.69524,"ndcg_at_5":0.6919,"ndcg_at_10":0.73158,"ndcg_at_100":0.78232,"ndcg_at_1000":0.79343,"map_at_1":0.24957,"map_at_3":0.52995,"map_at_5":0.61017,"map_at_10":0.64754,"map_at_100":0.6667,"map_at_1000":0.66805,"recall_at_1":0.24957,"recall_at_3":0.55769,"recall_at_5":0.66731,"recall_at_10":0.76026,"recall_at_100":0.93248,"recall_at_1000":0.98718,"precision_at_1":0.76923,"precision_at_3":0.61966,"precision_at_5":0.4641,"precision_at_10":0.26538,"precision_at_100":0.03179,"precision_at_1000":0.00336,"mrr_at_1":0.76923,"mrr_at_3":0.8141,"mrr_at_5":0.82244,"mrr_at_10":0.82799,"mrr_at_100":0.83041,"mrr_at_1000":0.83041}},"main_score":"ndcg_at_10"}