{"task_name":"Bornholm Parallel","task_description":"Danish Bornholmsk Parallel Corpus. Bornholmsk is a Danish dialect spoken on the island of Bornholm, Denmark. Historically it is a part of east Danish which was also spoken in Scania and Halland, Sweden.","task_version":"1.0.3.dev0","time_of_run":"2023-07-27T20:15:39.189398","scores":{"da":{"precision":0.12769630591630593,"recall":0.188,"f1":0.1408286249981902,"accuracy":0.188,"main_score":0.1408286249981902},"da-bornholm":{"precision":0.12769630591630593,"recall":0.188,"f1":0.1408286249981902,"accuracy":0.188,"main_score":0.1408286249981902}},"main_score":"f1"}