{"task_name":"DanFEVER","task_description":"A Danish dataset intended for misinformation research. It follows the same format as the English FEVER dataset.","task_version":"1.1.1","time_of_run":"2024-01-30T12:36:47.202024","scores":{"da":{"ndcg_at_1":0.22156,"ndcg_at_3":0.2798,"ndcg_at_5":0.29115,"ndcg_at_10":0.30084,"ndcg_at_100":0.31621,"ndcg_at_1000":0.31991,"map_at_1":0.22156,"map_at_3":0.26561,"map_at_5":0.27194,"map_at_10":0.27599,"map_at_100":0.27897,"map_at_1000":0.2791,"recall_at_1":0.22156,"recall_at_3":0.32073,"recall_at_5":0.34819,"recall_at_10":0.37784,"recall_at_100":0.45159,"recall_at_1000":0.48141,"precision_at_1":0.22156,"precision_at_3":0.10696,"precision_at_5":0.06967,"precision_at_10":0.03782,"precision_at_100":0.00452,"precision_at_1000":0.00048,"mrr_at_1":0.22156,"mrr_at_3":0.26568,"mrr_at_5":0.272,"mrr_at_10":0.27604,"mrr_at_100":0.27901,"mrr_at_1000":0.27914}},"main_score":"ndcg_at_10"}