{"task_name":"Language Identification","task_description":"A dataset for Nordic language identification.","task_version":"1.0.3.dev0","time_of_run":"2023-07-27T20:26:29.341469","scores":{"da":{"accuracy":0.5144666666666666,"f1":0.5082242214165055,"accuracy_stderr":0.010790118936632086,"f1_stderr":0.013579053769348828,"main_score":0.5144666666666666},"sv":{"accuracy":0.5144666666666666,"f1":0.5082242214165055,"accuracy_stderr":0.010790118936632086,"f1_stderr":0.013579053769348828,"main_score":0.5144666666666666},"nb":{"accuracy":0.5144666666666666,"f1":0.5082242214165055,"accuracy_stderr":0.010790118936632086,"f1_stderr":0.013579053769348828,"main_score":0.5144666666666666},"nn":{"accuracy":0.5144666666666666,"f1":0.5082242214165055,"accuracy_stderr":0.010790118936632086,"f1_stderr":0.013579053769348828,"main_score":0.5144666666666666},"is":{"accuracy":0.5144666666666666,"f1":0.5082242214165055,"accuracy_stderr":0.010790118936632086,"f1_stderr":0.013579053769348828,"main_score":0.5144666666666666},"fo":{"accuracy":0.5144666666666666,"f1":0.5082242214165055,"accuracy_stderr":0.010790118936632086,"f1_stderr":0.013579053769348828,"main_score":0.5144666666666666}},"main_score":"accuracy"}