{"task_name":"Massive Intent","task_description":"MASSIVE: A 1M-Example Multilingual Natural Language Understanding Dataset with 51 Typologically-Diverse Languages","task_version":"1.0.3.dev0","time_of_run":"2023-07-27T20:20:45.850492","scores":{"da":{"accuracy":0.42844653665097515,"f1":0.42183077398989566,"accuracy_stderr":0.009531652284439484,"f1_stderr":0.011720697125388892,"main_score":0.42844653665097515},"nb":{"accuracy":0.42737054472091457,"f1":0.4065771240847707,"accuracy_stderr":0.012555140439491758,"f1_stderr":0.011758439799234426,"main_score":0.42737054472091457},"sv":{"accuracy":0.6910894418291863,"f1":0.6651160698998817,"accuracy_stderr":0.013941949333232515,"f1_stderr":0.012610378122239658,"main_score":0.6910894418291863}},"main_score":"accuracy"}