{"task_name":"Massive Scenario","task_description":"MASSIVE: A 1M-Example Multilingual Natural Language Understanding Dataset with 51 Typologically-Diverse Languages","task_version":"1.0.3.dev0","time_of_run":"2023-07-27T20:22:36.232225","scores":{"da":{"accuracy":0.4964021519838601,"f1":0.48223918173555036,"accuracy_stderr":0.013060130811491842,"f1_stderr":0.010102691330202264,"main_score":0.4964021519838601},"nb":{"accuracy":0.4948890383322125,"f1":0.4762622480394999,"accuracy_stderr":0.012910151752994623,"f1_stderr":0.013032592130554148,"main_score":0.4948890383322125},"sv":{"accuracy":0.7595830531271015,"f1":0.7530102836662811,"accuracy_stderr":0.01613987895090787,"f1_stderr":0.013497075103297649,"main_score":0.7595830531271015}},"main_score":"accuracy"}