{"task_name":"NorQuad","task_description":"Human-created question for Norwegian wikipedia passages.","task_version":"0.0.1","time_of_run":"2024-01-30T12:42:53.965639","scores":{"nb":{"ndcg_at_1":0.0957,"ndcg_at_3":0.08362,"ndcg_at_5":0.09194,"ndcg_at_10":0.10088,"ndcg_at_100":0.13562,"ndcg_at_1000":0.2051,"map_at_1":0.04785,"map_at_3":0.06462,"map_at_5":0.0693,"map_at_10":0.07269,"map_at_100":0.07797,"map_at_1000":0.08001,"recall_at_1":0.04785,"recall_at_3":0.08252,"recall_at_5":0.09912,"recall_at_10":0.12158,"recall_at_100":0.26855,"recall_at_1000":0.75195,"precision_at_1":0.0957,"precision_at_3":0.05501,"precision_at_5":0.03965,"precision_at_10":0.02432,"precision_at_100":0.00537,"precision_at_1000":0.0015,"mrr_at_1":0.0957,"mrr_at_3":0.1237,"mrr_at_5":0.12926,"mrr_at_10":0.13457,"mrr_at_100":0.14235,"mrr_at_1000":0.14424}},"main_score":"ndcg_at_10"}