{"task_name":"ScaLA","task_description":"A linguistic acceptability task for Danish, Norwegian Bokmål Norwegian Nynorsk and Swedish.","task_version":"1.1.1.dev0","time_of_run":"2023-09-13T15:34:22.754407","scores":{"da":{"accuracy":0.501220703125,"f1":0.4994319866681282,"ap":0.5006382834998069,"accuracy_stderr":0.005056717572560542,"f1_stderr":0.004478704690331606,"ap_stderr":0.0025455551645878903,"main_score":0.501220703125},"nb":{"accuracy":0.50341796875,"f1":0.49599382125168273,"ap":0.5017502977252766,"accuracy_stderr":0.004784159653873394,"f1_stderr":0.008067901398966753,"ap_stderr":0.002431992168215134,"main_score":0.50341796875},"sv":{"accuracy":0.4984375,"f1":0.4943650186171043,"ap":0.4992456314269318,"accuracy_stderr":0.005148068497303595,"f1_stderr":0.006846332722567433,"ap_stderr":0.002557397210459417,"main_score":0.4984375},"nn":{"accuracy":0.50009765625,"f1":0.4977961797199092,"ap":0.5000778352453731,"accuracy_stderr":0.005493109808759856,"f1_stderr":0.00640345588489854,"ap_stderr":0.0027285475508133294,"main_score":0.50009765625}},"main_score":"accuracy"}