{"task_name":"SNL Retrieval","task_description":"Webscrabed articles and ingresses from the Norwegian lexicon 'Det Store Norske Leksikon'.","task_version":"0.0.1","time_of_run":"2024-01-30T12:42:38.189550","scores":{"nb":{"ndcg_at_1":0.33308,"ndcg_at_3":0.40895,"ndcg_at_5":0.42739,"ndcg_at_10":0.45291,"ndcg_at_100":0.50774,"ndcg_at_1000":0.52572,"map_at_1":0.33308,"map_at_3":0.39026,"map_at_5":0.40053,"map_at_10":0.41101,"map_at_100":0.42151,"map_at_1000":0.42216,"recall_at_1":0.33308,"recall_at_3":0.46308,"recall_at_5":0.50769,"recall_at_10":0.58692,"recall_at_100":0.85231,"recall_at_1000":0.99538,"precision_at_1":0.33308,"precision_at_3":0.15436,"precision_at_5":0.10154,"precision_at_10":0.05869,"precision_at_100":0.00852,"precision_at_1000":0.001,"mrr_at_1":0.33308,"mrr_at_3":0.39026,"mrr_at_5":0.40053,"mrr_at_10":0.41101,"mrr_at_100":0.42151,"mrr_at_1000":0.42216}},"main_score":"ndcg_at_10"}