{"task_name":"SwednRetrieval","task_description":"News Article Summary Semantic Similarity Estimation.","task_version":"0.0.1","time_of_run":"2024-01-30T12:44:21.169599","scores":{"sv":{"ndcg_at_1":0.65234,"ndcg_at_3":0.63252,"ndcg_at_5":0.67536,"ndcg_at_10":0.70649,"ndcg_at_100":0.74297,"ndcg_at_1000":0.75118,"map_at_1":0.32617,"map_at_3":0.5874,"map_at_5":0.6209,"map_at_10":0.63921,"map_at_100":0.64966,"map_at_1000":0.65006,"recall_at_1":0.32617,"recall_at_3":0.64111,"recall_at_5":0.7251,"recall_at_10":0.80322,"recall_at_100":0.94043,"recall_at_1000":0.99414,"precision_at_1":0.65234,"precision_at_3":0.42741,"precision_at_5":0.29004,"precision_at_10":0.16064,"precision_at_100":0.01881,"precision_at_1000":0.00199,"mrr_at_1":0.65234,"mrr_at_3":0.71354,"mrr_at_5":0.72487,"mrr_at_10":0.73045,"mrr_at_100":0.73481,"mrr_at_1000":0.73495}},"main_score":"ndcg_at_10"}