{"task_name":"SweFAQ","task_description":"A Swedish QA dataset derived from FAQ","task_version":"0.0.1","time_of_run":"2023-09-04T19:24:19.566584","scores":{"sv":{"ndcg_at_1":0.56725,"ndcg_at_3":0.68335,"ndcg_at_5":0.71238,"ndcg_at_10":0.73295,"ndcg_at_100":0.75403,"ndcg_at_1000":0.75533,"map_at_1":0.56725,"map_at_3":0.65595,"map_at_5":0.67212,"map_at_10":0.68084,"map_at_100":0.68553,"map_at_1000":0.68559,"recall_at_1":0.56725,"recall_at_3":0.76218,"recall_at_5":0.83236,"recall_at_10":0.89474,"recall_at_100":0.99025,"recall_at_1000":1.0,"precision_at_1":0.56725,"precision_at_3":0.25406,"precision_at_5":0.16647,"precision_at_10":0.08947,"precision_at_100":0.0099,"precision_at_1000":0.001,"mrr_at_1":0.56725,"mrr_at_3":0.65595,"mrr_at_5":0.67212,"mrr_at_10":0.68084,"mrr_at_100":0.68553,"mrr_at_1000":0.68559}},"main_score":"ndcg_at_10"}