{"task_name":"TV2Nord Retrieval","task_description":"News Article and corresponding summaries extracted from the Danish newspaper TV2 Nord.","task_version":"1.1.1","time_of_run":"2024-01-30T12:38:59.503439","scores":{"da":{"ndcg_at_1":0.43896,"ndcg_at_3":0.51767,"ndcg_at_5":0.53915,"ndcg_at_10":0.55785,"ndcg_at_100":0.59583,"ndcg_at_1000":0.61033,"map_at_1":0.43896,"map_at_3":0.49845,"map_at_5":0.51034,"map_at_10":0.51801,"map_at_100":0.52518,"map_at_1000":0.5257,"recall_at_1":0.43896,"recall_at_3":0.57324,"recall_at_5":0.62549,"recall_at_10":0.68359,"recall_at_100":0.86865,"recall_at_1000":0.98486,"precision_at_1":0.43896,"precision_at_3":0.19108,"precision_at_5":0.1251,"precision_at_10":0.06836,"precision_at_100":0.00869,"precision_at_1000":0.00098,"mrr_at_1":0.43896,"mrr_at_3":0.49845,"mrr_at_5":0.51034,"mrr_at_10":0.51801,"mrr_at_100":0.52518,"mrr_at_1000":0.5257}},"main_score":"ndcg_at_10"}