{"task_name":"Twitterhjerne","task_description":"Danish question asked on Twitter with the Hashtag #Twitterhjerne ('Twitter brain') and their corresponding answer.","task_version":"1.1.1","time_of_run":"2024-01-30T12:39:07.034874","scores":{"da":{"ndcg_at_1":0.30769,"ndcg_at_3":0.2508,"ndcg_at_5":0.25007,"ndcg_at_10":0.26916,"ndcg_at_100":0.39551,"ndcg_at_1000":0.44719,"map_at_1":0.09209,"map_at_3":0.15673,"map_at_5":0.18232,"map_at_10":0.1982,"map_at_100":0.22944,"map_at_1000":0.23383,"recall_at_1":0.09209,"recall_at_3":0.18483,"recall_at_5":0.24081,"recall_at_10":0.28376,"recall_at_100":0.71944,"recall_at_1000":0.98718,"precision_at_1":0.30769,"precision_at_3":0.21795,"precision_at_5":0.16667,"precision_at_10":0.1,"precision_at_100":0.02513,"precision_at_1000":0.00336,"mrr_at_1":0.30769,"mrr_at_3":0.37179,"mrr_at_5":0.38718,"mrr_at_10":0.38878,"mrr_at_100":0.40618,"mrr_at_1000":0.40693}},"main_score":"ndcg_at_10"}