{"task_name":"Bornholm Parallel","task_description":"Danish Bornholmsk Parallel Corpus. Bornholmsk is a Danish dialect spoken on the island of Bornholm, Denmark. Historically it is a part of east Danish which was also spoken in Scania and Halland, Sweden.","task_version":"1.1.1","time_of_run":"2024-02-04T23:41:49.476271","scores":{"da":{"precision":0.15663333333333332,"recall":0.232,"f1":0.17593333333333333,"accuracy":0.232,"main_score":0.17593333333333333},"da-bornholm":{"precision":0.15663333333333332,"recall":0.232,"f1":0.17593333333333333,"accuracy":0.232,"main_score":0.17593333333333333}},"main_score":"f1"}