{"task_name":"DanFEVER","task_description":"A Danish dataset intended for misinformation research. It follows the same format as the English FEVER dataset.","task_version":"1.1.1","time_of_run":"2024-02-05T04:53:48.457170","scores":{"da":{"ndcg_at_1":0.24965,"ndcg_at_3":0.32499,"ndcg_at_5":0.33663,"ndcg_at_10":0.34477,"ndcg_at_100":0.35402,"ndcg_at_1000":0.35519,"map_at_1":0.24965,"map_at_3":0.3068,"map_at_5":0.31331,"map_at_10":0.31671,"map_at_100":0.31869,"map_at_1000":0.31874,"recall_at_1":0.24965,"recall_at_3":0.37745,"recall_at_5":0.40546,"recall_at_10":0.43041,"recall_at_100":0.47278,"recall_at_1000":0.48188,"precision_at_1":0.24965,"precision_at_3":0.12584,"precision_at_5":0.08112,"precision_at_10":0.04307,"precision_at_100":0.00473,"precision_at_1000":0.00048,"mrr_at_1":0.25059,"mrr_at_3":0.30731,"mrr_at_5":0.31384,"mrr_at_10":0.31723,"mrr_at_100":0.31919,"mrr_at_1000":0.31923}},"main_score":"ndcg_at_10"}