{"task_name":"Language Identification","task_description":"A dataset for Nordic language identification.","task_version":"1.1.1","time_of_run":"2024-02-13T05:01:17.246644","scores":{"da":{"accuracy":0.4375,"f1":0.4239109789415473,"accuracy_stderr":0.01683663333989971,"f1_stderr":0.01771527594534591,"main_score":0.4375},"sv":{"accuracy":0.4375,"f1":0.4239109789415473,"accuracy_stderr":0.01683663333989971,"f1_stderr":0.01771527594534591,"main_score":0.4375},"nb":{"accuracy":0.4375,"f1":0.4239109789415473,"accuracy_stderr":0.01683663333989971,"f1_stderr":0.01771527594534591,"main_score":0.4375},"nn":{"accuracy":0.4375,"f1":0.4239109789415473,"accuracy_stderr":0.01683663333989971,"f1_stderr":0.01771527594534591,"main_score":0.4375},"is":{"accuracy":0.4375,"f1":0.4239109789415473,"accuracy_stderr":0.01683663333989971,"f1_stderr":0.01771527594534591,"main_score":0.4375},"fo":{"accuracy":0.4375,"f1":0.4239109789415473,"accuracy_stderr":0.01683663333989971,"f1_stderr":0.01771527594534591,"main_score":0.4375}},"main_score":"accuracy"}