{"task_name":"Massive Intent","task_description":"MASSIVE: A 1M-Example Multilingual Natural Language Understanding Dataset with 51 Typologically-Diverse Languages","task_version":"1.1.1","time_of_run":"2024-02-05T15:07:15.007620","scores":{"da":{"accuracy":0.5728312037659717,"f1":0.5395194695196549,"accuracy_stderr":0.01706150319975512,"f1_stderr":0.016784320157563825,"main_score":0.5728312037659717},"nb":{"accuracy":0.5430060524546065,"f1":0.520605107021032,"accuracy_stderr":0.02544771475617022,"f1_stderr":0.020923141883884465,"main_score":0.5430060524546065},"sv":{"accuracy":0.5594149293880296,"f1":0.5306550260116879,"accuracy_stderr":0.023605938033514434,"f1_stderr":0.01765924943264122,"main_score":0.5594149293880296}},"main_score":"accuracy"}