{"task_name":"Massive Scenario","task_description":"MASSIVE: A 1M-Example Multilingual Natural Language Understanding Dataset with 51 Typologically-Diverse Languages","task_version":"1.1.1","time_of_run":"2024-02-12T23:35:59.337710","scores":{"da":{"accuracy":0.6385339609952926,"f1":0.6318638005990052,"accuracy_stderr":0.01757902330269556,"f1_stderr":0.01998364463361515,"main_score":0.6385339609952926},"nb":{"accuracy":0.612979152656355,"f1":0.6079875468391627,"accuracy_stderr":0.02586615279365025,"f1_stderr":0.021808258989500562,"main_score":0.612979152656355},"sv":{"accuracy":0.6372225958305313,"f1":0.6287729145147013,"accuracy_stderr":0.01446290267358364,"f1_stderr":0.014955030287096492,"main_score":0.6372225958305313}},"main_score":"accuracy"}