{"task_name":"NorQuad","task_description":"Human-created question for Norwegian wikipedia passages.","task_version":"0.0.1","time_of_run":"2024-02-13T10:00:13.293793","scores":{"nb":{"ndcg_at_1":0.12012,"ndcg_at_3":0.11273,"ndcg_at_5":0.12709,"ndcg_at_10":0.13937,"ndcg_at_100":0.18194,"ndcg_at_1000":0.23919,"map_at_1":0.06006,"map_at_3":0.08643,"map_at_5":0.0936,"map_at_10":0.09815,"map_at_100":0.10491,"map_at_1000":0.10674,"recall_at_1":0.06006,"recall_at_3":0.11523,"recall_at_5":0.14355,"recall_at_10":0.17432,"recall_at_100":0.35303,"recall_at_1000":0.74805,"precision_at_1":0.12012,"precision_at_3":0.07682,"precision_at_5":0.05742,"precision_at_10":0.03486,"precision_at_100":0.00706,"precision_at_1000":0.0015,"mrr_at_1":0.12012,"mrr_at_3":0.16276,"mrr_at_5":0.17448,"mrr_at_10":0.18208,"mrr_at_100":0.19145,"mrr_at_1000":0.193}},"main_score":"ndcg_at_10"}