{"task_name":"ScaLA","task_description":"A linguistic acceptability task for Danish, Norwegian Bokmål Norwegian Nynorsk and Swedish.","task_version":"1.1.1","time_of_run":"2024-02-13T03:22:29.801821","scores":{"da":{"accuracy":0.502734375,"f1":0.5002589197377875,"ap":0.5013982143033673,"accuracy_stderr":0.00445488075310822,"f1_stderr":0.004807428546668291,"ap_stderr":0.0022504545765574652,"main_score":0.502734375},"nb":{"accuracy":0.499072265625,"f1":0.49640681705748496,"ap":0.49957290943005805,"accuracy_stderr":0.005877454204502608,"f1_stderr":0.004652667294856144,"ap_stderr":0.002930655190319895,"main_score":0.499072265625},"sv":{"accuracy":0.4984375,"f1":0.4920836947483765,"ap":0.499297718197471,"accuracy_stderr":0.008546456335438372,"f1_stderr":0.010553460773081606,"ap_stderr":0.004265926238881047,"main_score":0.4984375},"nn":{"accuracy":0.500048828125,"f1":0.49760509318565926,"ap":0.500104739162035,"accuracy_stderr":0.008590003844361338,"f1_stderr":0.008488395515613404,"ap_stderr":0.004266197296931076,"main_score":0.500048828125}},"main_score":"accuracy"}