{"task_name":"SNL Retrieval","task_description":"Webscrabed articles and ingresses from the Norwegian lexicon 'Det Store Norske Leksikon'.","task_version":"0.0.1","time_of_run":"2024-02-13T09:23:00.687891","scores":{"nb":{"ndcg_at_1":0.48077,"ndcg_at_3":0.53008,"ndcg_at_5":0.54147,"ndcg_at_10":0.55523,"ndcg_at_100":0.57238,"ndcg_at_1000":0.59786,"map_at_1":0.48077,"map_at_3":0.51859,"map_at_5":0.5249,"map_at_10":0.53063,"map_at_100":0.53379,"map_at_1000":0.53449,"recall_at_1":0.48077,"recall_at_3":0.56308,"recall_at_5":0.59077,"recall_at_10":0.63308,"recall_at_100":0.71769,"recall_at_1000":0.93462,"precision_at_1":0.48077,"precision_at_3":0.18769,"precision_at_5":0.11815,"precision_at_10":0.06331,"precision_at_100":0.00718,"precision_at_1000":0.00093,"mrr_at_1":0.48077,"mrr_at_3":0.51859,"mrr_at_5":0.5249,"mrr_at_10":0.53063,"mrr_at_100":0.5338,"mrr_at_1000":0.53449}},"main_score":"ndcg_at_10"}