{"task_name":"SwednRetrieval","task_description":"News Article Summary Semantic Similarity Estimation.","task_version":"0.0.1","time_of_run":"2024-02-13T20:19:25.669124","scores":{"sv":{"ndcg_at_1":0.39062,"ndcg_at_3":0.29854,"ndcg_at_5":0.3165,"ndcg_at_10":0.32964,"ndcg_at_100":0.36106,"ndcg_at_1000":0.39429,"map_at_1":0.19531,"map_at_3":0.23722,"map_at_5":0.24589,"map_at_10":0.25081,"map_at_100":0.25653,"map_at_1000":0.25763,"recall_at_1":0.19531,"recall_at_3":0.27637,"recall_at_5":0.31201,"recall_at_10":0.3457,"recall_at_100":0.47217,"recall_at_1000":0.70508,"precision_at_1":0.39062,"precision_at_3":0.18424,"precision_at_5":0.1248,"precision_at_10":0.06914,"precision_at_100":0.00944,"precision_at_1000":0.00141,"mrr_at_1":0.39062,"mrr_at_3":0.45361,"mrr_at_5":0.4687,"mrr_at_10":0.47616,"mrr_at_100":0.48352,"mrr_at_1000":0.48413}},"main_score":"ndcg_at_10"}