{"task_name":"SweFAQ","task_description":"A Swedish QA dataset derived from FAQ","task_version":"0.0.1","time_of_run":"2024-02-13T13:41:50.120208","scores":{"sv":{"ndcg_at_1":0.2924,"ndcg_at_3":0.4126,"ndcg_at_5":0.44691,"ndcg_at_10":0.47803,"ndcg_at_100":0.52953,"ndcg_at_1000":0.54069,"map_at_1":0.2924,"map_at_3":0.38337,"map_at_5":0.40227,"map_at_10":0.41525,"map_at_100":0.42591,"map_at_1000":0.42639,"recall_at_1":0.2924,"recall_at_3":0.49708,"recall_at_5":0.5809,"recall_at_10":0.67641,"recall_at_100":0.91618,"recall_at_1000":1.0,"precision_at_1":0.2924,"precision_at_3":0.16569,"precision_at_5":0.11618,"precision_at_10":0.06764,"precision_at_100":0.00916,"precision_at_1000":0.001,"mrr_at_1":0.2924,"mrr_at_3":0.38337,"mrr_at_5":0.40227,"mrr_at_10":0.41525,"mrr_at_100":0.42591,"mrr_at_1000":0.42639}},"main_score":"ndcg_at_10"}