{"task_name":"TV2Nord Retrieval","task_description":"News Article and corresponding summaries extracted from the Danish newspaper TV2 Nord.","task_version":"1.1.1","time_of_run":"2024-02-05T11:36:56.375656","scores":{"da":{"ndcg_at_1":0.54541,"ndcg_at_3":0.59764,"ndcg_at_5":0.61254,"ndcg_at_10":0.62457,"ndcg_at_100":0.6433,"ndcg_at_1000":0.6544,"map_at_1":0.54541,"map_at_3":0.58496,"map_at_5":0.59324,"map_at_10":0.59822,"map_at_100":0.60171,"map_at_1000":0.60207,"recall_at_1":0.54541,"recall_at_3":0.63428,"recall_at_5":0.67041,"recall_at_10":0.70752,"recall_at_100":0.79932,"recall_at_1000":0.89014,"precision_at_1":0.54541,"precision_at_3":0.21143,"precision_at_5":0.13408,"precision_at_10":0.07075,"precision_at_100":0.00799,"precision_at_1000":0.00089,"mrr_at_1":0.54541,"mrr_at_3":0.58496,"mrr_at_5":0.59324,"mrr_at_10":0.59822,"mrr_at_100":0.60171,"mrr_at_1000":0.60207}},"main_score":"ndcg_at_10"}