{"task_name":"Twitterhjerne","task_description":"Danish question asked on Twitter with the Hashtag #Twitterhjerne ('Twitter brain') and their corresponding answer.","task_version":"1.1.1","time_of_run":"2024-02-05T11:47:53.791509","scores":{"da":{"ndcg_at_1":0.61538,"ndcg_at_3":0.50149,"ndcg_at_5":0.51115,"ndcg_at_10":0.56692,"ndcg_at_100":0.64798,"ndcg_at_1000":0.66639,"map_at_1":0.19423,"map_at_3":0.34793,"map_at_5":0.40886,"map_at_10":0.45182,"map_at_100":0.47984,"map_at_1000":0.4817,"recall_at_1":0.19423,"recall_at_3":0.38996,"recall_at_5":0.49637,"recall_at_10":0.61923,"recall_at_100":0.89252,"recall_at_1000":0.98718,"precision_at_1":0.61538,"precision_at_3":0.43162,"precision_at_5":0.33846,"precision_at_10":0.21538,"precision_at_100":0.03064,"precision_at_1000":0.00336,"mrr_at_1":0.61538,"mrr_at_3":0.67949,"mrr_at_5":0.69359,"mrr_at_10":0.70165,"mrr_at_100":0.70504,"mrr_at_1000":0.70516}},"main_score":"ndcg_at_10"}