{"task_name":"DanFEVER","task_description":"A Danish dataset intended for misinformation research. It follows the same format as the English FEVER dataset.","task_version":"1.1.1","time_of_run":"2024-07-15T16:24:41.454127","scores":{"da":{"ndcg_at_1":0.25169,"ndcg_at_3":0.32295,"ndcg_at_5":0.33281,"ndcg_at_10":0.34023,"ndcg_at_100":0.34987,"ndcg_at_1000":0.35222,"map_at_1":0.25161,"map_at_3":0.30578,"map_at_5":0.31127,"map_at_10":0.31434,"map_at_100":0.31639,"map_at_1000":0.31647,"recall_at_1":0.25161,"recall_at_3":0.37235,"recall_at_5":0.3962,"recall_at_10":0.41911,"recall_at_100":0.46352,"recall_at_1000":0.48235,"precision_at_1":0.25169,"precision_at_3":0.12417,"precision_at_5":0.07927,"precision_at_10":0.04193,"precision_at_100":0.00464,"precision_at_1000":0.00048,"mrr_at_1":0.25169,"mrr_at_3":0.3059,"mrr_at_5":0.31139,"mrr_at_10":0.31446,"mrr_at_100":0.3165,"mrr_at_1000":0.31658}},"main_score":"ndcg_at_10"}