{"task_name":"Language Identification","task_description":"A dataset for Nordic language identification.","task_version":"1.1.1","time_of_run":"2024-07-15T17:27:36.088488","scores":{"da":{"accuracy":0.5447666666666666,"f1":0.53837401039996,"accuracy_stderr":0.014023828927143185,"f1_stderr":0.014814058365951996,"main_score":0.5447666666666666},"sv":{"accuracy":0.5447666666666666,"f1":0.53837401039996,"accuracy_stderr":0.014023828927143185,"f1_stderr":0.014814058365951996,"main_score":0.5447666666666666},"nb":{"accuracy":0.5447666666666666,"f1":0.53837401039996,"accuracy_stderr":0.014023828927143185,"f1_stderr":0.014814058365951996,"main_score":0.5447666666666666},"nn":{"accuracy":0.5447666666666666,"f1":0.53837401039996,"accuracy_stderr":0.014023828927143185,"f1_stderr":0.014814058365951996,"main_score":0.5447666666666666},"is":{"accuracy":0.5447666666666666,"f1":0.53837401039996,"accuracy_stderr":0.014023828927143185,"f1_stderr":0.014814058365951996,"main_score":0.5447666666666666},"fo":{"accuracy":0.5447666666666666,"f1":0.53837401039996,"accuracy_stderr":0.014023828927143185,"f1_stderr":0.014814058365951996,"main_score":0.5447666666666666}},"main_score":"accuracy"}