{"task_name":"Massive Scenario","task_description":"MASSIVE: A 1M-Example Multilingual Natural Language Understanding Dataset with 51 Typologically-Diverse Languages","task_version":"1.1.1","time_of_run":"2024-07-15T17:23:34.701641","scores":{"da":{"accuracy":0.5391392064559516,"f1":0.5307524878297889,"accuracy_stderr":0.017052223221881973,"f1_stderr":0.014683653359737285,"main_score":0.5391392064559516},"nb":{"accuracy":0.5355077336919973,"f1":0.5229053799728893,"accuracy_stderr":0.01858338545340571,"f1_stderr":0.015324103367608975,"main_score":0.5355077336919973},"sv":{"accuracy":0.5157363819771351,"f1":0.5011083887032584,"accuracy_stderr":0.01617053242416614,"f1_stderr":0.013424562987063716,"main_score":0.5157363819771351}},"main_score":"accuracy"}