{"task_name":"Massive Intent","task_description":"MASSIVE: A 1M-Example Multilingual Natural Language Understanding Dataset with 51 Typologically-Diverse Languages","task_version":"1.1.1","time_of_run":"2024-07-15T17:21:18.573019","scores":{"da":{"accuracy":0.4797915265635508,"f1":0.4666433265126521,"accuracy_stderr":0.010343586749783853,"f1_stderr":0.011463388176530616,"main_score":0.4797915265635508},"nb":{"accuracy":0.46284465366509764,"f1":0.445827024429446,"accuracy_stderr":0.00947269482348446,"f1_stderr":0.01040757582027464,"main_score":0.46284465366509764},"sv":{"accuracy":0.46398789509078686,"f1":0.4481115452276324,"accuracy_stderr":0.009112802950425821,"f1_stderr":0.008820755622602438,"main_score":0.46398789509078686}},"main_score":"accuracy"}