{"task_name":"NorQuad","task_description":"Human-created question for Norwegian wikipedia passages.","task_version":"0.0.1","time_of_run":"2024-07-15T17:46:29.956554","scores":{"nb":{"ndcg_at_1":0.10449,"ndcg_at_3":0.08443,"ndcg_at_5":0.09087,"ndcg_at_10":0.09713,"ndcg_at_100":0.12136,"ndcg_at_1000":0.1967,"map_at_1":0.05225,"map_at_3":0.06689,"map_at_5":0.06995,"map_at_10":0.07226,"map_at_100":0.07601,"map_at_1000":0.07799,"recall_at_1":0.05225,"recall_at_3":0.08008,"recall_at_5":0.09277,"recall_at_10":0.1084,"recall_at_100":0.2085,"recall_at_1000":0.74561,"precision_at_1":0.10449,"precision_at_3":0.05339,"precision_at_5":0.03711,"precision_at_10":0.02168,"precision_at_100":0.00417,"precision_at_1000":0.00149,"mrr_at_1":0.10449,"mrr_at_3":0.12598,"mrr_at_5":0.13159,"mrr_at_10":0.13551,"mrr_at_100":0.14154,"mrr_at_1000":0.1434}},"main_score":"ndcg_at_10"}