{"task_name":"Norwegian courts","task_description":"Nynorsk and Bokmål parallel corpus from Norwegian courts. Norway has two standardised written languages. Bokmål is a variant closer to Danish, while Nynorsk was created to resemble regional dialects of Norwegian.","task_version":"1.1.1","time_of_run":"2024-07-15T17:31:47.122267","scores":{"nb":{"precision":0.8969298245614035,"recall":0.9254385964912281,"f1":0.9057017543859649,"accuracy":0.9254385964912281,"main_score":0.9057017543859649},"nn":{"precision":0.8969298245614035,"recall":0.9254385964912281,"f1":0.9057017543859649,"accuracy":0.9254385964912281,"main_score":0.9057017543859649}},"main_score":"f1"}