{"task_name":"ScaLA","task_description":"A linguistic acceptability task for Danish, Norwegian Bokmål Norwegian Nynorsk and Swedish.","task_version":"1.1.1","time_of_run":"2024-07-15T17:26:20.905642","scores":{"da":{"accuracy":0.500048828125,"f1":0.49637164797291256,"ap":0.5000331716108334,"accuracy_stderr":0.002783203125,"f1_stderr":0.005043917000267617,"ap_stderr":0.001383598552433265,"main_score":0.500048828125},"nb":{"accuracy":0.50068359375,"f1":0.49756442643256316,"ap":0.5003647213997315,"accuracy_stderr":0.004775180929061582,"f1_stderr":0.006808107237994914,"ap_stderr":0.0023945459274135185,"main_score":0.50068359375},"sv":{"accuracy":0.49921875,"f1":0.49343633896354316,"ap":0.49965734688343516,"accuracy_stderr":0.006456400264088123,"f1_stderr":0.005297436954589343,"ap_stderr":0.0032510509961403192,"main_score":0.49921875},"nn":{"accuracy":0.4986328125,"f1":0.4966036741674366,"ap":0.49934688405342725,"accuracy_stderr":0.005370205892526375,"f1_stderr":0.006608311035621248,"ap_stderr":0.0026819856884853963,"main_score":0.4986328125}},"main_score":"accuracy"}