{"task_name":"SNL Retrieval","task_description":"Webscrabed articles and ingresses from the Norwegian lexicon 'Det Store Norske Leksikon'.","task_version":"0.0.1","time_of_run":"2024-07-15T17:44:49.597255","scores":{"nb":{"ndcg_at_1":0.74769,"ndcg_at_3":0.80045,"ndcg_at_5":0.81091,"ndcg_at_10":0.81863,"ndcg_at_100":0.83326,"ndcg_at_1000":0.83871,"map_at_1":0.74769,"map_at_3":0.78756,"map_at_5":0.79337,"map_at_10":0.79657,"map_at_100":0.79944,"map_at_1000":0.79966,"recall_at_1":0.74769,"recall_at_3":0.83769,"recall_at_5":0.86308,"recall_at_10":0.88692,"recall_at_100":0.95692,"recall_at_1000":0.99923,"precision_at_1":0.74769,"precision_at_3":0.27923,"precision_at_5":0.17262,"precision_at_10":0.08869,"precision_at_100":0.00957,"precision_at_1000":0.001,"mrr_at_1":0.74769,"mrr_at_3":0.78756,"mrr_at_5":0.79337,"mrr_at_10":0.79657,"mrr_at_100":0.79944,"mrr_at_1000":0.79966}},"main_score":"ndcg_at_10"}