{"task_name":"SwednRetrieval","task_description":"News Article Summary Semantic Similarity Estimation.","task_version":"0.0.1","time_of_run":"2024-07-15T19:01:08.113648","scores":{"sv":{"ndcg_at_1":0.36133,"ndcg_at_3":0.33664,"ndcg_at_5":0.36838,"ndcg_at_10":0.40081,"ndcg_at_100":0.46211,"ndcg_at_1000":0.49476,"map_at_1":0.18066,"map_at_3":0.29533,"map_at_5":0.3165,"map_at_10":0.33333,"map_at_100":0.34872,"map_at_1000":0.35013,"recall_at_1":0.18066,"recall_at_3":0.33936,"recall_at_5":0.40283,"recall_at_10":0.48438,"recall_at_100":0.72412,"recall_at_1000":0.94141,"precision_at_1":0.36133,"precision_at_3":0.22624,"precision_at_5":0.16113,"precision_at_10":0.09688,"precision_at_100":0.01448,"precision_at_1000":0.00188,"mrr_at_1":0.36133,"mrr_at_3":0.41748,"mrr_at_5":0.43198,"mrr_at_10":0.44211,"mrr_at_100":0.4505,"mrr_at_1000":0.45115}},"main_score":"ndcg_at_10"}