{"task_name":"SweFAQ","task_description":"A Swedish QA dataset derived from FAQ","task_version":"0.0.1","time_of_run":"2024-07-15T18:52:04.707068","scores":{"sv":{"ndcg_at_1":0.30994,"ndcg_at_3":0.39699,"ndcg_at_5":0.43212,"ndcg_at_10":0.46259,"ndcg_at_100":0.50998,"ndcg_at_1000":0.52737,"map_at_1":0.30994,"map_at_3":0.37524,"map_at_5":0.39415,"map_at_10":0.40649,"map_at_100":0.41617,"map_at_1000":0.41689,"recall_at_1":0.30994,"recall_at_3":0.46004,"recall_at_5":0.54776,"recall_at_10":0.64327,"recall_at_100":0.86745,"recall_at_1000":1.0,"precision_at_1":0.30994,"precision_at_3":0.15335,"precision_at_5":0.10955,"precision_at_10":0.06433,"precision_at_100":0.00867,"precision_at_1000":0.001,"mrr_at_1":0.30994,"mrr_at_3":0.37524,"mrr_at_5":0.39425,"mrr_at_10":0.40659,"mrr_at_100":0.41627,"mrr_at_1000":0.41699}},"main_score":"ndcg_at_10"}