{"task_name":"TV2Nord Retrieval","task_description":"News Article and corresponding summaries extracted from the Danish newspaper TV2 Nord.","task_version":"1.1.1","time_of_run":"2024-07-15T17:17:40.260731","scores":{"da":{"ndcg_at_1":0.51807,"ndcg_at_3":0.59721,"ndcg_at_5":0.61602,"ndcg_at_10":0.63421,"ndcg_at_100":0.6605,"ndcg_at_1000":0.67343,"map_at_1":0.51807,"map_at_3":0.57796,"map_at_5":0.58846,"map_at_10":0.5959,"map_at_100":0.60096,"map_at_1000":0.60141,"recall_at_1":0.51807,"recall_at_3":0.65283,"recall_at_5":0.69824,"recall_at_10":0.75488,"recall_at_100":0.88184,"recall_at_1000":0.98584,"precision_at_1":0.51807,"precision_at_3":0.21761,"precision_at_5":0.13965,"precision_at_10":0.07549,"precision_at_100":0.00882,"precision_at_1000":0.00099,"mrr_at_1":0.51807,"mrr_at_3":0.57796,"mrr_at_5":0.58846,"mrr_at_10":0.5959,"mrr_at_100":0.60096,"mrr_at_1000":0.60141}},"main_score":"ndcg_at_10"}