{"task_name":"Twitterhjerne","task_description":"Danish question asked on Twitter with the Hashtag #Twitterhjerne ('Twitter brain') and their corresponding answer.","task_version":"1.1.1","time_of_run":"2024-07-15T17:17:55.543489","scores":{"da":{"ndcg_at_1":0.21795,"ndcg_at_3":0.21689,"ndcg_at_5":0.23273,"ndcg_at_10":0.27081,"ndcg_at_100":0.37643,"ndcg_at_1000":0.43448,"map_at_1":0.07372,"map_at_3":0.14612,"map_at_5":0.17318,"map_at_10":0.19129,"map_at_100":0.21914,"map_at_1000":0.22419,"recall_at_1":0.07372,"recall_at_3":0.17286,"recall_at_5":0.2438,"recall_at_10":0.32778,"recall_at_100":0.68462,"recall_at_1000":0.98718,"precision_at_1":0.21795,"precision_at_3":0.19231,"precision_at_5":0.16667,"precision_at_10":0.11282,"precision_at_100":0.02397,"precision_at_1000":0.00336,"mrr_at_1":0.21795,"mrr_at_3":0.28419,"mrr_at_5":0.31624,"mrr_at_10":0.33448,"mrr_at_100":0.34635,"mrr_at_1000":0.34701}},"main_score":"ndcg_at_10"}